-- ANTENNA_PATH ----------------------------------------------------------------
INSERT INTO antenna_path(id,abbreviation,meaning) VALUES (1,'G','grayline');
INSERT INTO antenna_path(id,abbreviation,meaning) VALUES (2,'O','other');
INSERT INTO antenna_path(id,abbreviation,meaning) VALUES (3,'S','short path');
INSERT INTO antenna_path(id,abbreviation,meaning) VALUES (4,'L','long path');

-- DXCC ------------------------------------------------------------------------
INSERT INTO dxcc(id,code,name,is_deleted) VALUES (0,0,'None (the contacted station is known to not be within a DXCC entity)','f');
INSERT INTO dxcc(id,code,name,is_deleted) VALUES (1,1,'CANADA','f');
INSERT INTO dxcc(id,code,name,is_deleted) VALUES (2,2,'ABU AIL IS.','f');
INSERT INTO dxcc(id,code,name,is_deleted) VALUES (3,3,'AFGHANISTAN','t');
INSERT INTO dxcc(id,code,name,is_deleted) VALUES (4,4,'AGALEGA & ST. BRANDON IS.','f');
INSERT INTO dxcc(id,code,name,is_deleted) VALUES (5,5,'ALAND IS.','f');
INSERT INTO dxcc(id,code,name,is_deleted) VALUES (6,6,'ALASKA','f');
INSERT INTO dxcc(id,code,name,is_deleted) VALUES (7,7,'ALBANIA','f');
INSERT INTO dxcc(id,code,name,is_deleted) VALUES (8,8,'ALDABRA','f');
INSERT INTO dxcc(id,code,name,is_deleted) VALUES (9,9,'AMERICAN SAMOA','t');
INSERT INTO dxcc(id,code,name,is_deleted) VALUES (10,10,'AMSTERDAM & ST. PAUL IS.','f');
INSERT INTO dxcc(id,code,name,is_deleted) VALUES (11,11,'ANDAMAN & NICOBAR IS.','f');
INSERT INTO dxcc(id,code,name,is_deleted) VALUES (12,12,'ANGUILLA','f');
INSERT INTO dxcc(id,code,name,is_deleted) VALUES (13,13,'ANTARCTICA','f');
INSERT INTO dxcc(id,code,name,is_deleted) VALUES (14,14,'ARMENIA','f');
INSERT INTO dxcc(id,code,name,is_deleted) VALUES (15,15,'ASIATIC RUSSIA','f');
INSERT INTO dxcc(id,code,name,is_deleted) VALUES (16,16,'NEW ZEALAND SUBANTARCTIC ISLANDS','f');
INSERT INTO dxcc(id,code,name,is_deleted) VALUES (17,17,'AVES I.','f');
INSERT INTO dxcc(id,code,name,is_deleted) VALUES (18,18,'AZERBAIJAN','f');
INSERT INTO dxcc(id,code,name,is_deleted) VALUES (19,19,'BAJO NUEVO','f');
INSERT INTO dxcc(id,code,name,is_deleted) VALUES (20,20,'BAKER & HOWLAND IS.','t');
INSERT INTO dxcc(id,code,name,is_deleted) VALUES (21,21,'BALEARIC IS.','f');
INSERT INTO dxcc(id,code,name,is_deleted) VALUES (22,22,'PALAU','f');
INSERT INTO dxcc(id,code,name,is_deleted) VALUES (23,23,'BLENHEIM REEF','f');
INSERT INTO dxcc(id,code,name,is_deleted) VALUES (24,24,'BOUVET','t');
INSERT INTO dxcc(id,code,name,is_deleted) VALUES (25,25,'BRITISH NORTH BORNEO','f');
INSERT INTO dxcc(id,code,name,is_deleted) VALUES (26,26,'BRITISH SOMALILAND','t');
INSERT INTO dxcc(id,code,name,is_deleted) VALUES (27,27,'BELARUS','t');
INSERT INTO dxcc(id,code,name,is_deleted) VALUES (28,28,'CANAL ZONE','f');
INSERT INTO dxcc(id,code,name,is_deleted) VALUES (29,29,'CANARY IS.','t');
INSERT INTO dxcc(id,code,name,is_deleted) VALUES (30,30,'CELEBE & MOLUCCA IS.','f');
INSERT INTO dxcc(id,code,name,is_deleted) VALUES (31,31,'C. KIRIBATI (BRITISH PHOENIX IS.)','t');
INSERT INTO dxcc(id,code,name,is_deleted) VALUES (32,32,'CEUTA & MELILLA','f');
INSERT INTO dxcc(id,code,name,is_deleted) VALUES (33,33,'CHAGOS IS.','f');
INSERT INTO dxcc(id,code,name,is_deleted) VALUES (34,34,'CHATHAM IS.','f');
INSERT INTO dxcc(id,code,name,is_deleted) VALUES (35,35,'CHRISTMAS I.','f');
INSERT INTO dxcc(id,code,name,is_deleted) VALUES (36,36,'CLIPPERTON I.','f');
INSERT INTO dxcc(id,code,name,is_deleted) VALUES (37,37,'COCOS I.','f');
INSERT INTO dxcc(id,code,name,is_deleted) VALUES (38,38,'COCOS (KEELING) IS.','f');
INSERT INTO dxcc(id,code,name,is_deleted) VALUES (39,39,'COMOROS','f');
INSERT INTO dxcc(id,code,name,is_deleted) VALUES (40,40,'CRETE','t');
INSERT INTO dxcc(id,code,name,is_deleted) VALUES (41,41,'CROZET I.','f');
INSERT INTO dxcc(id,code,name,is_deleted) VALUES (42,42,'DAMAO DIU','f');
INSERT INTO dxcc(id,code,name,is_deleted) VALUES (43,43,'DESECHEO I.','t');
INSERT INTO dxcc(id,code,name,is_deleted) VALUES (44,44,'DESROCHES','f');
INSERT INTO dxcc(id,code,name,is_deleted) VALUES (45,45,'DODECANESE','t');
INSERT INTO dxcc(id,code,name,is_deleted) VALUES (46,46,'EAST MALAYSIA','f');
INSERT INTO dxcc(id,code,name,is_deleted) VALUES (47,47,'EASTER I.','f');
INSERT INTO dxcc(id,code,name,is_deleted) VALUES (48,48,'E. KIRIBATI (LINE IS.)','f');
INSERT INTO dxcc(id,code,name,is_deleted) VALUES (49,49,'EQUATORIAL GUINEA','f');
INSERT INTO dxcc(id,code,name,is_deleted) VALUES (50,50,'MEXICO','f');
INSERT INTO dxcc(id,code,name,is_deleted) VALUES (51,51,'ERITREA','f');
INSERT INTO dxcc(id,code,name,is_deleted) VALUES (52,52,'ESTONIA','f');
INSERT INTO dxcc(id,code,name,is_deleted) VALUES (53,53,'ETHIOPIA','f');
INSERT INTO dxcc(id,code,name,is_deleted) VALUES (54,54,'EUROPEAN RUSSIA','f');
INSERT INTO dxcc(id,code,name,is_deleted) VALUES (55,55,'FARQUHAR','f');
INSERT INTO dxcc(id,code,name,is_deleted) VALUES (56,56,'FERNANDO DE NORONHA','t');
INSERT INTO dxcc(id,code,name,is_deleted) VALUES (57,57,'FRENCH EQUATORIAL AFRICA','f');
INSERT INTO dxcc(id,code,name,is_deleted) VALUES (58,58,'FRENCH INDO-CHINA','t');
INSERT INTO dxcc(id,code,name,is_deleted) VALUES (59,59,'FRENCH WEST AFRICA','t');
INSERT INTO dxcc(id,code,name,is_deleted) VALUES (60,60,'BAHAMAS','t');
INSERT INTO dxcc(id,code,name,is_deleted) VALUES (61,61,'FRANZ JOSEF LAND','f');
INSERT INTO dxcc(id,code,name,is_deleted) VALUES (62,62,'BARBADOS','f');
INSERT INTO dxcc(id,code,name,is_deleted) VALUES (63,63,'FRENCH GUIANA','f');
INSERT INTO dxcc(id,code,name,is_deleted) VALUES (64,64,'BERMUDA','f');
INSERT INTO dxcc(id,code,name,is_deleted) VALUES (65,65,'BRITISH VIRGIN IS.','f');
INSERT INTO dxcc(id,code,name,is_deleted) VALUES (66,66,'BELIZE','f');
INSERT INTO dxcc(id,code,name,is_deleted) VALUES (67,67,'FRENCH INDIA','f');
INSERT INTO dxcc(id,code,name,is_deleted) VALUES (68,68,'KUWAIT/SAUDI ARABIA NEUTRAL ZONE','t');
INSERT INTO dxcc(id,code,name,is_deleted) VALUES (69,69,'CAYMAN IS.','t');
INSERT INTO dxcc(id,code,name,is_deleted) VALUES (70,70,'CUBA','f');
INSERT INTO dxcc(id,code,name,is_deleted) VALUES (71,71,'GALAPAGOS IS.','f');
INSERT INTO dxcc(id,code,name,is_deleted) VALUES (72,72,'DOMINICAN REPUBLIC','f');
INSERT INTO dxcc(id,code,name,is_deleted) VALUES (74,74,'EL SALVADOR','f');
INSERT INTO dxcc(id,code,name,is_deleted) VALUES (75,75,'GEORGIA','f');
INSERT INTO dxcc(id,code,name,is_deleted) VALUES (76,76,'GUATEMALA','f');
INSERT INTO dxcc(id,code,name,is_deleted) VALUES (77,77,'GRENADA','f');
INSERT INTO dxcc(id,code,name,is_deleted) VALUES (78,78,'HAITI','f');
INSERT INTO dxcc(id,code,name,is_deleted) VALUES (79,79,'GUADELOUPE','f');
INSERT INTO dxcc(id,code,name,is_deleted) VALUES (80,80,'HONDURAS','f');
INSERT INTO dxcc(id,code,name,is_deleted) VALUES (81,81,'GERMANY','f');
INSERT INTO dxcc(id,code,name,is_deleted) VALUES (82,82,'JAMAICA','t');
INSERT INTO dxcc(id,code,name,is_deleted) VALUES (84,84,'MARTINIQUE','f');
INSERT INTO dxcc(id,code,name,is_deleted) VALUES (85,85,'BONAIRE CURACAO','f');
INSERT INTO dxcc(id,code,name,is_deleted) VALUES (86,86,'NICARAGUA','t');
INSERT INTO dxcc(id,code,name,is_deleted) VALUES (88,88,'PANAMA','f');
INSERT INTO dxcc(id,code,name,is_deleted) VALUES (89,89,'TURKS & CAICOS IS.','f');
INSERT INTO dxcc(id,code,name,is_deleted) VALUES (90,90,'TRINIDAD & TOBAGO','f');
INSERT INTO dxcc(id,code,name,is_deleted) VALUES (91,91,'ARUBA','f');
INSERT INTO dxcc(id,code,name,is_deleted) VALUES (93,93,'GEYSER REEF','f');
INSERT INTO dxcc(id,code,name,is_deleted) VALUES (94,94,'ANTIGUA & BARBUDA','t');
INSERT INTO dxcc(id,code,name,is_deleted) VALUES (95,95,'DOMINICA','f');
INSERT INTO dxcc(id,code,name,is_deleted) VALUES (96,96,'MONTSERRAT','f');
INSERT INTO dxcc(id,code,name,is_deleted) VALUES (97,97,'ST. LUCIA','f');
INSERT INTO dxcc(id,code,name,is_deleted) VALUES (98,98,'ST. VINCENT','f');
INSERT INTO dxcc(id,code,name,is_deleted) VALUES (99,99,'GLORIOSO IS.','f');
INSERT INTO dxcc(id,code,name,is_deleted) VALUES (100,100,'ARGENTINA','f');
INSERT INTO dxcc(id,code,name,is_deleted) VALUES (101,101,'GOA','f');
INSERT INTO dxcc(id,code,name,is_deleted) VALUES (102,102,'GOLD COAST, TOGOLAND','t');
INSERT INTO dxcc(id,code,name,is_deleted) VALUES (103,103,'GUAM','t');
INSERT INTO dxcc(id,code,name,is_deleted) VALUES (104,104,'BOLIVIA','f');
INSERT INTO dxcc(id,code,name,is_deleted) VALUES (105,105,'GUANTANAMO BAY','f');
INSERT INTO dxcc(id,code,name,is_deleted) VALUES (106,106,'GUERNSEY','f');
INSERT INTO dxcc(id,code,name,is_deleted) VALUES (107,107,'GUINEA','f');
INSERT INTO dxcc(id,code,name,is_deleted) VALUES (108,108,'BRAZIL','f');
INSERT INTO dxcc(id,code,name,is_deleted) VALUES (109,109,'GUINEA-BISSAU','f');
INSERT INTO dxcc(id,code,name,is_deleted) VALUES (110,110,'HAWAII','f');
INSERT INTO dxcc(id,code,name,is_deleted) VALUES (111,111,'HEARD I.','f');
INSERT INTO dxcc(id,code,name,is_deleted) VALUES (112,112,'CHILE','f');
INSERT INTO dxcc(id,code,name,is_deleted) VALUES (113,113,'IFNI','f');
INSERT INTO dxcc(id,code,name,is_deleted) VALUES (114,114,'ISLE OF MAN','t');
INSERT INTO dxcc(id,code,name,is_deleted) VALUES (115,115,'ITALIAN SOMALILAND','f');
INSERT INTO dxcc(id,code,name,is_deleted) VALUES (116,116,'COLOMBIA','t');
INSERT INTO dxcc(id,code,name,is_deleted) VALUES (117,117,'ITU HQ','f');
INSERT INTO dxcc(id,code,name,is_deleted) VALUES (118,118,'JAN MAYEN','f');
INSERT INTO dxcc(id,code,name,is_deleted) VALUES (119,119,'JAVA','f');
INSERT INTO dxcc(id,code,name,is_deleted) VALUES (120,120,'ECUADOR','t');
INSERT INTO dxcc(id,code,name,is_deleted) VALUES (122,122,'JERSEY','f');
INSERT INTO dxcc(id,code,name,is_deleted) VALUES (123,123,'JOHNSTON I.','f');
INSERT INTO dxcc(id,code,name,is_deleted) VALUES (124,124,'JUAN DE NOVA, EUROPA','f');
INSERT INTO dxcc(id,code,name,is_deleted) VALUES (125,125,'JUAN FERNANDEZ IS.','f');
INSERT INTO dxcc(id,code,name,is_deleted) VALUES (126,126,'KALININGRAD','f');
INSERT INTO dxcc(id,code,name,is_deleted) VALUES (127,127,'KAMARAN IS.','f');
INSERT INTO dxcc(id,code,name,is_deleted) VALUES (128,128,'KARELO-FINNISH REPUBLIC','f');
INSERT INTO dxcc(id,code,name,is_deleted) VALUES (129,129,'GUYANA','t');
INSERT INTO dxcc(id,code,name,is_deleted) VALUES (130,130,'KAZAKHSTAN','f');
INSERT INTO dxcc(id,code,name,is_deleted) VALUES (131,131,'KERGUELEN IS.','f');
INSERT INTO dxcc(id,code,name,is_deleted) VALUES (132,132,'PARAGUAY','f');
INSERT INTO dxcc(id,code,name,is_deleted) VALUES (133,133,'KERMADEC IS.','f');
INSERT INTO dxcc(id,code,name,is_deleted) VALUES (134,134,'KINGMAN REEF','f');
INSERT INTO dxcc(id,code,name,is_deleted) VALUES (135,135,'KYRGYZSTAN','t');
INSERT INTO dxcc(id,code,name,is_deleted) VALUES (136,136,'PERU','f');
INSERT INTO dxcc(id,code,name,is_deleted) VALUES (137,137,'REPUBLIC OF KOREA','f');
INSERT INTO dxcc(id,code,name,is_deleted) VALUES (138,138,'KURE I.','f');
INSERT INTO dxcc(id,code,name,is_deleted) VALUES (139,139,'KURIA MURIA I.','f');
INSERT INTO dxcc(id,code,name,is_deleted) VALUES (140,140,'SURINAME','t');
INSERT INTO dxcc(id,code,name,is_deleted) VALUES (141,141,'FALKLAND IS.','f');
INSERT INTO dxcc(id,code,name,is_deleted) VALUES (142,142,'LAKSHADWEEP IS.','f');
INSERT INTO dxcc(id,code,name,is_deleted) VALUES (143,143,'LAOS','f');
INSERT INTO dxcc(id,code,name,is_deleted) VALUES (144,144,'URUGUAY','f');
INSERT INTO dxcc(id,code,name,is_deleted) VALUES (145,145,'LATVIA','f');
INSERT INTO dxcc(id,code,name,is_deleted) VALUES (146,146,'LITHUANIA','f');
INSERT INTO dxcc(id,code,name,is_deleted) VALUES (147,147,'LORD HOWE I.','f');
INSERT INTO dxcc(id,code,name,is_deleted) VALUES (148,148,'VENEZUELA','f');
INSERT INTO dxcc(id,code,name,is_deleted) VALUES (149,149,'AZORES','f');
INSERT INTO dxcc(id,code,name,is_deleted) VALUES (150,150,'AUSTRALIA','f');
INSERT INTO dxcc(id,code,name,is_deleted) VALUES (151,151,'MALYJ VYSOTSKIJ I.','f');
INSERT INTO dxcc(id,code,name,is_deleted) VALUES (152,152,'MACAO','t');
INSERT INTO dxcc(id,code,name,is_deleted) VALUES (153,153,'MACQUARIE I.','f');
INSERT INTO dxcc(id,code,name,is_deleted) VALUES (154,154,'YEMEN ARAB REPUBLIC','f');
INSERT INTO dxcc(id,code,name,is_deleted) VALUES (155,155,'MALAYA','t');
INSERT INTO dxcc(id,code,name,is_deleted) VALUES (157,157,'NAURU','t');
INSERT INTO dxcc(id,code,name,is_deleted) VALUES (158,158,'VANUATU','f');
INSERT INTO dxcc(id,code,name,is_deleted) VALUES (159,159,'MALDIVES','f');
INSERT INTO dxcc(id,code,name,is_deleted) VALUES (160,160,'TONGA','f');
INSERT INTO dxcc(id,code,name,is_deleted) VALUES (161,161,'MALPELO I.','f');
INSERT INTO dxcc(id,code,name,is_deleted) VALUES (162,162,'NEW CALEDONIA','f');
INSERT INTO dxcc(id,code,name,is_deleted) VALUES (163,163,'PAPUA NEW GUINEA','f');
INSERT INTO dxcc(id,code,name,is_deleted) VALUES (164,164,'MANCHURIA','f');
INSERT INTO dxcc(id,code,name,is_deleted) VALUES (165,165,'MAURITIUS','t');
INSERT INTO dxcc(id,code,name,is_deleted) VALUES (166,166,'MARIANA IS.','f');
INSERT INTO dxcc(id,code,name,is_deleted) VALUES (167,167,'MARKET REEF','f');
INSERT INTO dxcc(id,code,name,is_deleted) VALUES (168,168,'MARSHALL IS.','f');
INSERT INTO dxcc(id,code,name,is_deleted) VALUES (169,169,'MAYOTTE','f');
INSERT INTO dxcc(id,code,name,is_deleted) VALUES (170,170,'NEW ZEALAND','f');
INSERT INTO dxcc(id,code,name,is_deleted) VALUES (171,171,'MELLISH REEF','f');
INSERT INTO dxcc(id,code,name,is_deleted) VALUES (172,172,'PITCAIRN I.','f');
INSERT INTO dxcc(id,code,name,is_deleted) VALUES (173,173,'MICRONESIA','f');
INSERT INTO dxcc(id,code,name,is_deleted) VALUES (174,174,'MIDWAY I.','f');
INSERT INTO dxcc(id,code,name,is_deleted) VALUES (175,175,'FRENCH POLYNESIA','f');
INSERT INTO dxcc(id,code,name,is_deleted) VALUES (176,176,'FIJI','f');
INSERT INTO dxcc(id,code,name,is_deleted) VALUES (177,177,'MINAMI TORISHIMA','f');
INSERT INTO dxcc(id,code,name,is_deleted) VALUES (178,178,'MINERVA REEF','f');
INSERT INTO dxcc(id,code,name,is_deleted) VALUES (179,179,'MOLDOVA','t');
INSERT INTO dxcc(id,code,name,is_deleted) VALUES (180,180,'MOUNT ATHOS','f');
INSERT INTO dxcc(id,code,name,is_deleted) VALUES (181,181,'MOZAMBIQUE','f');
INSERT INTO dxcc(id,code,name,is_deleted) VALUES (182,182,'NAVASSA I.','f');
INSERT INTO dxcc(id,code,name,is_deleted) VALUES (183,183,'NETHERLANDS BORNEO','f');
INSERT INTO dxcc(id,code,name,is_deleted) VALUES (184,184,'NETHERLANDS NEW GUINEA','t');
INSERT INTO dxcc(id,code,name,is_deleted) VALUES (185,185,'SOLOMON IS.','t');
INSERT INTO dxcc(id,code,name,is_deleted) VALUES (186,186,'NEWFOUNDLAND, LABRADOR','f');
INSERT INTO dxcc(id,code,name,is_deleted) VALUES (187,187,'NIGER','t');
INSERT INTO dxcc(id,code,name,is_deleted) VALUES (188,188,'NIUE','f');
INSERT INTO dxcc(id,code,name,is_deleted) VALUES (189,189,'NORFOLK I.','f');
INSERT INTO dxcc(id,code,name,is_deleted) VALUES (190,190,'SAMOA','f');
INSERT INTO dxcc(id,code,name,is_deleted) VALUES (191,191,'NORTH COOK IS.','f');
INSERT INTO dxcc(id,code,name,is_deleted) VALUES (192,192,'OGASAWARA','f');
INSERT INTO dxcc(id,code,name,is_deleted) VALUES (193,193,'OKINAWA (RYUKYU IS.)','f');
INSERT INTO dxcc(id,code,name,is_deleted) VALUES (194,194,'OKINO TORI-SHIMA','t');
INSERT INTO dxcc(id,code,name,is_deleted) VALUES (195,195,'ANNOBON I.','t');
INSERT INTO dxcc(id,code,name,is_deleted) VALUES (196,196,'PALESTINE','f');
INSERT INTO dxcc(id,code,name,is_deleted) VALUES (197,197,'PALMYRA & JARVIS IS.','t');
INSERT INTO dxcc(id,code,name,is_deleted) VALUES (198,198,'PAPUA TERRITORY','f');
INSERT INTO dxcc(id,code,name,is_deleted) VALUES (199,199,'PETER 1 I.','t');
INSERT INTO dxcc(id,code,name,is_deleted) VALUES (200,200,'PORTUGUESE TIMOR','f');
INSERT INTO dxcc(id,code,name,is_deleted) VALUES (201,201,'PRINCE EDWARD & MARION IS.','t');
INSERT INTO dxcc(id,code,name,is_deleted) VALUES (202,202,'PUERTO RICO','f');
INSERT INTO dxcc(id,code,name,is_deleted) VALUES (203,203,'ANDORRA','f');
INSERT INTO dxcc(id,code,name,is_deleted) VALUES (204,204,'REVILLAGIGEDO','f');
INSERT INTO dxcc(id,code,name,is_deleted) VALUES (205,205,'ASCENSION I.','f');
INSERT INTO dxcc(id,code,name,is_deleted) VALUES (206,206,'AUSTRIA','f');
INSERT INTO dxcc(id,code,name,is_deleted) VALUES (207,207,'RODRIGUEZ I.','f');
INSERT INTO dxcc(id,code,name,is_deleted) VALUES (208,208,'RUANDA-URUNDI','f');
INSERT INTO dxcc(id,code,name,is_deleted) VALUES (209,209,'BELGIUM','t');
INSERT INTO dxcc(id,code,name,is_deleted) VALUES (210,210,'SAAR','f');
INSERT INTO dxcc(id,code,name,is_deleted) VALUES (211,211,'SABLE I.','t');
INSERT INTO dxcc(id,code,name,is_deleted) VALUES (212,212,'BULGARIA','f');
INSERT INTO dxcc(id,code,name,is_deleted) VALUES (213,213,'SAINT MARTIN','f');
INSERT INTO dxcc(id,code,name,is_deleted) VALUES (214,214,'CORSICA','f');
INSERT INTO dxcc(id,code,name,is_deleted) VALUES (215,215,'CYPRUS','f');
INSERT INTO dxcc(id,code,name,is_deleted) VALUES (216,216,'SAN ANDRES & PROVIDENCIA','f');
INSERT INTO dxcc(id,code,name,is_deleted) VALUES (217,217,'SAN FELIX & SAN AMBROSIO','f');
INSERT INTO dxcc(id,code,name,is_deleted) VALUES (218,218,'CZECHOSLOVAKIA','f');
INSERT INTO dxcc(id,code,name,is_deleted) VALUES (219,219,'SAO TOME & PRINCIPE','t');
INSERT INTO dxcc(id,code,name,is_deleted) VALUES (220,220,'SARAWAK','f');
INSERT INTO dxcc(id,code,name,is_deleted) VALUES (221,221,'DENMARK','t');
INSERT INTO dxcc(id,code,name,is_deleted) VALUES (222,222,'FAROE IS.','f');
INSERT INTO dxcc(id,code,name,is_deleted) VALUES (223,223,'ENGLAND','f');
INSERT INTO dxcc(id,code,name,is_deleted) VALUES (224,224,'FINLAND','f');
INSERT INTO dxcc(id,code,name,is_deleted) VALUES (225,225,'SARDINIA','f');
INSERT INTO dxcc(id,code,name,is_deleted) VALUES (226,226,'SAUDI ARABIA/IRAQ NEUTRAL ZONE','f');
INSERT INTO dxcc(id,code,name,is_deleted) VALUES (227,227,'FRANCE','t');
INSERT INTO dxcc(id,code,name,is_deleted) VALUES (228,228,'SERRANA BANK & RONCADOR CAY','f');
INSERT INTO dxcc(id,code,name,is_deleted) VALUES (229,229,'GERMAN DEMOCRATIC REPUBLIC','t');
INSERT INTO dxcc(id,code,name,is_deleted) VALUES (230,230,'FEDERAL REPUBLIC OF GERMANY','t');
INSERT INTO dxcc(id,code,name,is_deleted) VALUES (231,231,'SIKKIM','f');
INSERT INTO dxcc(id,code,name,is_deleted) VALUES (232,232,'SOMALIA','t');
INSERT INTO dxcc(id,code,name,is_deleted) VALUES (233,233,'GIBRALTAR','f');
INSERT INTO dxcc(id,code,name,is_deleted) VALUES (234,234,'SOUTH COOK IS.','f');
INSERT INTO dxcc(id,code,name,is_deleted) VALUES (235,235,'SOUTH GEORGIA I.','f');
INSERT INTO dxcc(id,code,name,is_deleted) VALUES (236,236,'GREECE','f');
INSERT INTO dxcc(id,code,name,is_deleted) VALUES (237,237,'GREENLAND','f');
INSERT INTO dxcc(id,code,name,is_deleted) VALUES (238,238,'SOUTH ORKNEY IS.','f');
INSERT INTO dxcc(id,code,name,is_deleted) VALUES (239,239,'HUNGARY','f');
INSERT INTO dxcc(id,code,name,is_deleted) VALUES (240,240,'SOUTH SANDWICH IS.','f');
INSERT INTO dxcc(id,code,name,is_deleted) VALUES (241,241,'SOUTH SHETLAND IS.','f');
INSERT INTO dxcc(id,code,name,is_deleted) VALUES (242,242,'ICELAND','f');
INSERT INTO dxcc(id,code,name,is_deleted) VALUES (243,243,'PEOPLE''S DEMOCRATIC REP. OF YEMEN','f');
INSERT INTO dxcc(id,code,name,is_deleted) VALUES (244,244,'SOUTHERN SUDAN','f');
INSERT INTO dxcc(id,code,name,is_deleted) VALUES (245,245,'IRELAND','t');
INSERT INTO dxcc(id,code,name,is_deleted) VALUES (246,246,'SOVEREIGN MILITARY ORDER OF MALTA','f');
INSERT INTO dxcc(id,code,name,is_deleted) VALUES (247,247,'SPRATLY IS.','f');
INSERT INTO dxcc(id,code,name,is_deleted) VALUES (248,248,'ITALY','f');
INSERT INTO dxcc(id,code,name,is_deleted) VALUES (249,249,'ST. KITTS & NEVIS','f');
INSERT INTO dxcc(id,code,name,is_deleted) VALUES (250,250,'ST. HELENA','f');
INSERT INTO dxcc(id,code,name,is_deleted) VALUES (251,251,'LIECHTENSTEIN','f');
INSERT INTO dxcc(id,code,name,is_deleted) VALUES (252,252,'ST. PAUL I.','f');
INSERT INTO dxcc(id,code,name,is_deleted) VALUES (253,253,'ST. PETER & ST. PAUL ROCKS','f');
INSERT INTO dxcc(id,code,name,is_deleted) VALUES (254,254,'LUXEMBOURG','f');
INSERT INTO dxcc(id,code,name,is_deleted) VALUES (255,255,'ST. MAARTEN, SABA ST. EUSTATIUS','f');
INSERT INTO dxcc(id,code,name,is_deleted) VALUES (256,256,'MADEIRA IS.','t');
INSERT INTO dxcc(id,code,name,is_deleted) VALUES (257,257,'MALTA','f');
INSERT INTO dxcc(id,code,name,is_deleted) VALUES (258,258,'SUMATRA','f');
INSERT INTO dxcc(id,code,name,is_deleted) VALUES (259,259,'SVALBARD','t');
INSERT INTO dxcc(id,code,name,is_deleted) VALUES (260,260,'MONACO','f');
INSERT INTO dxcc(id,code,name,is_deleted) VALUES (261,261,'SWAN IS.','f');
INSERT INTO dxcc(id,code,name,is_deleted) VALUES (262,262,'TAJIKISTAN','t');
INSERT INTO dxcc(id,code,name,is_deleted) VALUES (263,263,'NETHERLANDS','f');
INSERT INTO dxcc(id,code,name,is_deleted) VALUES (264,264,'TANGIER','f');
INSERT INTO dxcc(id,code,name,is_deleted) VALUES (265,265,'NORTHERN IRELAND','t');
INSERT INTO dxcc(id,code,name,is_deleted) VALUES (266,266,'NORWAY','f');
INSERT INTO dxcc(id,code,name,is_deleted) VALUES (267,267,'TERRITORY OF NEW GUINEA','f');
INSERT INTO dxcc(id,code,name,is_deleted) VALUES (268,268,'TIBET','t');
INSERT INTO dxcc(id,code,name,is_deleted) VALUES (269,269,'POLAND','t');
INSERT INTO dxcc(id,code,name,is_deleted) VALUES (270,270,'TOKELAU IS.','f');
INSERT INTO dxcc(id,code,name,is_deleted) VALUES (271,271,'TRIESTE','f');
INSERT INTO dxcc(id,code,name,is_deleted) VALUES (272,272,'PORTUGAL','t');
INSERT INTO dxcc(id,code,name,is_deleted) VALUES (273,273,'TRINDADE & MARTIM VAZ IS.','f');
INSERT INTO dxcc(id,code,name,is_deleted) VALUES (274,274,'TRISTAN DA CUNHA & GOUGH I.','f');
INSERT INTO dxcc(id,code,name,is_deleted) VALUES (275,275,'ROMANIA','f');
INSERT INTO dxcc(id,code,name,is_deleted) VALUES (276,276,'TROMELIN I.','f');
INSERT INTO dxcc(id,code,name,is_deleted) VALUES (277,277,'ST. PIERRE & MIQUELON','f');
INSERT INTO dxcc(id,code,name,is_deleted) VALUES (278,278,'SAN MARINO','f');
INSERT INTO dxcc(id,code,name,is_deleted) VALUES (279,279,'SCOTLAND','f');
INSERT INTO dxcc(id,code,name,is_deleted) VALUES (280,280,'TURKMENISTAN','f');
INSERT INTO dxcc(id,code,name,is_deleted) VALUES (281,281,'SPAIN','f');
INSERT INTO dxcc(id,code,name,is_deleted) VALUES (282,282,'TUVALU','f');
INSERT INTO dxcc(id,code,name,is_deleted) VALUES (283,283,'UK SOVEREIGN BASE AREAS ON CYPRUS','f');
INSERT INTO dxcc(id,code,name,is_deleted) VALUES (284,284,'SWEDEN','f');
INSERT INTO dxcc(id,code,name,is_deleted) VALUES (285,285,'VIRGIN IS.','f');
INSERT INTO dxcc(id,code,name,is_deleted) VALUES (286,286,'UGANDA','f');
INSERT INTO dxcc(id,code,name,is_deleted) VALUES (287,287,'SWITZERLAND','f');
INSERT INTO dxcc(id,code,name,is_deleted) VALUES (288,288,'UKRAINE','f');
INSERT INTO dxcc(id,code,name,is_deleted) VALUES (289,289,'UNITED NATIONS HQ','f');
INSERT INTO dxcc(id,code,name,is_deleted) VALUES (291,291,'UNITED STATES OF AMERICA','f');
INSERT INTO dxcc(id,code,name,is_deleted) VALUES (292,292,'UZBEKISTAN','f');
INSERT INTO dxcc(id,code,name,is_deleted) VALUES (293,293,'VIET NAM','f');
INSERT INTO dxcc(id,code,name,is_deleted) VALUES (294,294,'WALES','f');
INSERT INTO dxcc(id,code,name,is_deleted) VALUES (295,295,'VATICAN','f');
INSERT INTO dxcc(id,code,name,is_deleted) VALUES (296,296,'SERBIA','f');
INSERT INTO dxcc(id,code,name,is_deleted) VALUES (297,297,'WAKE I.','f');
INSERT INTO dxcc(id,code,name,is_deleted) VALUES (298,298,'WALLIS & FUTUNA IS.','f');
INSERT INTO dxcc(id,code,name,is_deleted) VALUES (299,299,'WEST MALAYSIA','f');
INSERT INTO dxcc(id,code,name,is_deleted) VALUES (301,301,'W. KIRIBATI (GILBERT IS. )','f');
INSERT INTO dxcc(id,code,name,is_deleted) VALUES (302,302,'WESTERN SAHARA','f');
INSERT INTO dxcc(id,code,name,is_deleted) VALUES (303,303,'WILLIS I.','f');
INSERT INTO dxcc(id,code,name,is_deleted) VALUES (304,304,'BAHRAIN','f');
INSERT INTO dxcc(id,code,name,is_deleted) VALUES (305,305,'BANGLADESH','f');
INSERT INTO dxcc(id,code,name,is_deleted) VALUES (306,306,'BHUTAN','f');
INSERT INTO dxcc(id,code,name,is_deleted) VALUES (307,307,'ZANZIBAR','f');
INSERT INTO dxcc(id,code,name,is_deleted) VALUES (308,308,'COSTA RICA','t');
INSERT INTO dxcc(id,code,name,is_deleted) VALUES (309,309,'MYANMAR','f');
INSERT INTO dxcc(id,code,name,is_deleted) VALUES (312,312,'CAMBODIA','f');
INSERT INTO dxcc(id,code,name,is_deleted) VALUES (315,315,'SRI LANKA','f');
INSERT INTO dxcc(id,code,name,is_deleted) VALUES (318,318,'CHINA','f');
INSERT INTO dxcc(id,code,name,is_deleted) VALUES (321,321,'HONG KONG','f');
INSERT INTO dxcc(id,code,name,is_deleted) VALUES (324,324,'INDIA','f');
INSERT INTO dxcc(id,code,name,is_deleted) VALUES (327,327,'INDONESIA','f');
INSERT INTO dxcc(id,code,name,is_deleted) VALUES (330,330,'IRAN','f');
INSERT INTO dxcc(id,code,name,is_deleted) VALUES (333,333,'IRAQ','f');
INSERT INTO dxcc(id,code,name,is_deleted) VALUES (336,336,'ISRAEL','f');
INSERT INTO dxcc(id,code,name,is_deleted) VALUES (339,339,'JAPAN','f');
INSERT INTO dxcc(id,code,name,is_deleted) VALUES (342,342,'JORDAN','f');
INSERT INTO dxcc(id,code,name,is_deleted) VALUES (344,344,'DEMOCRATIC PEOPLE''S REP. OF KOREA','f');
INSERT INTO dxcc(id,code,name,is_deleted) VALUES (345,345,'BRUNEI DARUSSALAM','f');
INSERT INTO dxcc(id,code,name,is_deleted) VALUES (348,348,'KUWAIT','f');
INSERT INTO dxcc(id,code,name,is_deleted) VALUES (354,354,'LEBANON','f');
INSERT INTO dxcc(id,code,name,is_deleted) VALUES (363,363,'MONGOLIA','f');
INSERT INTO dxcc(id,code,name,is_deleted) VALUES (369,369,'NEPAL','f');
INSERT INTO dxcc(id,code,name,is_deleted) VALUES (370,370,'OMAN','f');
INSERT INTO dxcc(id,code,name,is_deleted) VALUES (372,372,'PAKISTAN','f');
INSERT INTO dxcc(id,code,name,is_deleted) VALUES (375,375,'PHILIPPINES','f');
INSERT INTO dxcc(id,code,name,is_deleted) VALUES (376,376,'QATAR','f');
INSERT INTO dxcc(id,code,name,is_deleted) VALUES (378,378,'SAUDI ARABIA','f');
INSERT INTO dxcc(id,code,name,is_deleted) VALUES (379,379,'SEYCHELLES','f');
INSERT INTO dxcc(id,code,name,is_deleted) VALUES (381,381,'SINGAPORE','f');
INSERT INTO dxcc(id,code,name,is_deleted) VALUES (382,382,'DJIBOUTI','f');
INSERT INTO dxcc(id,code,name,is_deleted) VALUES (384,384,'SYRIA','f');
INSERT INTO dxcc(id,code,name,is_deleted) VALUES (386,386,'TAIWAN','f');
INSERT INTO dxcc(id,code,name,is_deleted) VALUES (387,387,'THAILAND','f');
INSERT INTO dxcc(id,code,name,is_deleted) VALUES (390,390,'TURKEY','f');
INSERT INTO dxcc(id,code,name,is_deleted) VALUES (391,391,'UNITED ARAB EMIRATES','f');
INSERT INTO dxcc(id,code,name,is_deleted) VALUES (400,400,'ALGERIA','f');
INSERT INTO dxcc(id,code,name,is_deleted) VALUES (401,401,'ANGOLA','f');
INSERT INTO dxcc(id,code,name,is_deleted) VALUES (402,402,'BOTSWANA','f');
INSERT INTO dxcc(id,code,name,is_deleted) VALUES (404,404,'BURUNDI','f');
INSERT INTO dxcc(id,code,name,is_deleted) VALUES (406,406,'CAMEROON','f');
INSERT INTO dxcc(id,code,name,is_deleted) VALUES (408,408,'CENTRAL AFRICA','f');
INSERT INTO dxcc(id,code,name,is_deleted) VALUES (409,409,'CAPE VERDE','f');
INSERT INTO dxcc(id,code,name,is_deleted) VALUES (410,410,'CHAD','f');
INSERT INTO dxcc(id,code,name,is_deleted) VALUES (411,411,'COMOROS','f');
INSERT INTO dxcc(id,code,name,is_deleted) VALUES (412,412,'REPUBLIC OF THE CONGO','f');
INSERT INTO dxcc(id,code,name,is_deleted) VALUES (414,414,'DEMOCRATIC REPUBLIC OF THE CONGO','f');
INSERT INTO dxcc(id,code,name,is_deleted) VALUES (416,416,'BENIN','f');
INSERT INTO dxcc(id,code,name,is_deleted) VALUES (420,420,'GABON','f');
INSERT INTO dxcc(id,code,name,is_deleted) VALUES (422,422,'THE GAMBIA','f');
INSERT INTO dxcc(id,code,name,is_deleted) VALUES (424,424,'GHANA','f');
INSERT INTO dxcc(id,code,name,is_deleted) VALUES (428,428,'COTE D''IVOIRE','f');
INSERT INTO dxcc(id,code,name,is_deleted) VALUES (430,430,'KENYA','f');
INSERT INTO dxcc(id,code,name,is_deleted) VALUES (432,432,'LESOTHO','f');
INSERT INTO dxcc(id,code,name,is_deleted) VALUES (434,434,'LIBERIA','f');
INSERT INTO dxcc(id,code,name,is_deleted) VALUES (436,436,'LIBYA','f');
INSERT INTO dxcc(id,code,name,is_deleted) VALUES (438,438,'MADAGASCAR','f');
INSERT INTO dxcc(id,code,name,is_deleted) VALUES (440,440,'MALAWI','f');
INSERT INTO dxcc(id,code,name,is_deleted) VALUES (442,442,'MALI','f');
INSERT INTO dxcc(id,code,name,is_deleted) VALUES (444,444,'MAURITANIA','f');
INSERT INTO dxcc(id,code,name,is_deleted) VALUES (446,446,'MOROCCO','f');
INSERT INTO dxcc(id,code,name,is_deleted) VALUES (450,450,'NIGERIA','f');
INSERT INTO dxcc(id,code,name,is_deleted) VALUES (452,452,'ZIMBABWE','f');
INSERT INTO dxcc(id,code,name,is_deleted) VALUES (453,453,'REUNION I.','f');
INSERT INTO dxcc(id,code,name,is_deleted) VALUES (454,454,'RWANDA','f');
INSERT INTO dxcc(id,code,name,is_deleted) VALUES (456,456,'SENEGAL','f');
INSERT INTO dxcc(id,code,name,is_deleted) VALUES (458,458,'SIERRA LEONE','f');
INSERT INTO dxcc(id,code,name,is_deleted) VALUES (460,460,'ROTUMA I.','f');
INSERT INTO dxcc(id,code,name,is_deleted) VALUES (462,462,'SOUTH AFRICA','f');
INSERT INTO dxcc(id,code,name,is_deleted) VALUES (464,464,'NAMIBIA','f');
INSERT INTO dxcc(id,code,name,is_deleted) VALUES (466,466,'SUDAN','f');
INSERT INTO dxcc(id,code,name,is_deleted) VALUES (468,468,'SWAZILAND','f');
INSERT INTO dxcc(id,code,name,is_deleted) VALUES (470,470,'TANZANIA','f');
INSERT INTO dxcc(id,code,name,is_deleted) VALUES (474,474,'TUNISIA','f');
INSERT INTO dxcc(id,code,name,is_deleted) VALUES (478,478,'EGYPT','f');
INSERT INTO dxcc(id,code,name,is_deleted) VALUES (480,480,'BURKINA FASO','f');
INSERT INTO dxcc(id,code,name,is_deleted) VALUES (482,482,'ZAMBIA','f');
INSERT INTO dxcc(id,code,name,is_deleted) VALUES (483,483,'TOGO','f');
INSERT INTO dxcc(id,code,name,is_deleted) VALUES (488,488,'WALVIS BAY','f');
INSERT INTO dxcc(id,code,name,is_deleted) VALUES (489,489,'CONWAY REEF','t');
INSERT INTO dxcc(id,code,name,is_deleted) VALUES (490,490,'BANABA I. (OCEAN I.)','f');
INSERT INTO dxcc(id,code,name,is_deleted) VALUES (492,492,'YEMEN','f');
INSERT INTO dxcc(id,code,name,is_deleted) VALUES (493,493,'PENGUIN IS.','f');
INSERT INTO dxcc(id,code,name,is_deleted) VALUES (497,497,'CROATIA','t');
INSERT INTO dxcc(id,code,name,is_deleted) VALUES (499,499,'SLOVENIA','f');
INSERT INTO dxcc(id,code,name,is_deleted) VALUES (501,501,'BOSNIA-HERZEGOVINA','f');
INSERT INTO dxcc(id,code,name,is_deleted) VALUES (502,502,'MACEDONIA','f');
INSERT INTO dxcc(id,code,name,is_deleted) VALUES (503,503,'CZECH REPUBLIC','f');
INSERT INTO dxcc(id,code,name,is_deleted) VALUES (504,504,'SLOVAK REPUBLIC','f');
INSERT INTO dxcc(id,code,name,is_deleted) VALUES (505,505,'PRATAS I.','f');
INSERT INTO dxcc(id,code,name,is_deleted) VALUES (506,506,'SCARBOROUGH REEF','f');
INSERT INTO dxcc(id,code,name,is_deleted) VALUES (507,507,'TEMOTU PROVINCE','f');
INSERT INTO dxcc(id,code,name,is_deleted) VALUES (508,508,'AUSTRAL I.','f');
INSERT INTO dxcc(id,code,name,is_deleted) VALUES (509,509,'MARQUESAS IS.','f');
INSERT INTO dxcc(id,code,name,is_deleted) VALUES (510,510,'PALESTINE','f');
INSERT INTO dxcc(id,code,name,is_deleted) VALUES (511,511,'TIMOR-LESTE','f');
INSERT INTO dxcc(id,code,name,is_deleted) VALUES (512,512,'CHESTERFIELD IS.','f');
INSERT INTO dxcc(id,code,name,is_deleted) VALUES (513,513,'DUCIE I.','f');
INSERT INTO dxcc(id,code,name,is_deleted) VALUES (514,514,'MONTENEGRO','f');
INSERT INTO dxcc(id,code,name,is_deleted) VALUES (515,515,'SWAINS I.','f');
INSERT INTO dxcc(id,code,name,is_deleted) VALUES (516,516,'SAINT BARTHELEMY','f');
INSERT INTO dxcc(id,code,name,is_deleted) VALUES (517,517,'CURACAO','f');
INSERT INTO dxcc(id,code,name,is_deleted) VALUES (518,518,'ST MAARTEN','f');
INSERT INTO dxcc(id,code,name,is_deleted) VALUES (519,519,'SABA & ST. EUSTATIUS','f');
INSERT INTO dxcc(id,code,name,is_deleted) VALUES (520,520,'BONAIRE','f');
INSERT INTO dxcc(id,code,name,is_deleted) VALUES (521,521,'SOUTH SUDAN (REPUBLIC OF)','f');
INSERT INTO dxcc(id,code,name,is_deleted) VALUES (522,522,'REPUBLIC OF KOSOVO','f');

-- ARRL_SECTION ---------------------------------------------------------------
INSERT INTO arrl_section(id,abbreviation,name,dxcc_id,from_date,deleted_date) VALUES (1,'AL','Alabama',291,NULL,NULL);
INSERT INTO arrl_section(id,abbreviation,name,dxcc_id,from_date,deleted_date) VALUES (2,'AK','Alaska',6,NULL,NULL);
INSERT INTO arrl_section(id,abbreviation,name,dxcc_id,from_date,deleted_date) VALUES (3,'AB','Alberta',1,NULL,NULL);
INSERT INTO arrl_section(id,abbreviation,name,dxcc_id,from_date,deleted_date) VALUES (4,'AR','Arkansas',291,NULL,NULL);
INSERT INTO arrl_section(id,abbreviation,name,dxcc_id,from_date,deleted_date) VALUES (5,'AZ','Arizona',291,NULL,NULL);
INSERT INTO arrl_section(id,abbreviation,name,dxcc_id,from_date,deleted_date) VALUES (6,'BC','British Columbia',1,NULL,NULL);
INSERT INTO arrl_section(id,abbreviation,name,dxcc_id,from_date,deleted_date) VALUES (7,'CO','Colorado',291,NULL,NULL);
INSERT INTO arrl_section(id,abbreviation,name,dxcc_id,from_date,deleted_date) VALUES (8,'CT','Connecticut',291,NULL,NULL);
INSERT INTO arrl_section(id,abbreviation,name,dxcc_id,from_date,deleted_date) VALUES (9,'DE','Delaware',291,NULL,NULL);
INSERT INTO arrl_section(id,abbreviation,name,dxcc_id,from_date,deleted_date) VALUES (10,'EB','East Bay',291,NULL,NULL);
INSERT INTO arrl_section(id,abbreviation,name,dxcc_id,from_date,deleted_date) VALUES (11,'EMA','Eastern Massachusetts',291,NULL,NULL);
INSERT INTO arrl_section(id,abbreviation,name,dxcc_id,from_date,deleted_date) VALUES (12,'ENY','Eastern New York',291,NULL,NULL);
INSERT INTO arrl_section(id,abbreviation,name,dxcc_id,from_date,deleted_date) VALUES (13,'EPA','Eastern Pennsylvania',291,NULL,NULL);
INSERT INTO arrl_section(id,abbreviation,name,dxcc_id,from_date,deleted_date) VALUES (14,'EWA','Eastern Washington',291,NULL,NULL);
INSERT INTO arrl_section(id,abbreviation,name,dxcc_id,from_date,deleted_date) VALUES (15,'GA','Georgia',291,NULL,'2012-09-01');
INSERT INTO arrl_section(id,abbreviation,name,dxcc_id,from_date,deleted_date) VALUES (16,'GTA','Greater Toronto Area',1,'2012-09-01',NULL);
INSERT INTO arrl_section(id,abbreviation,name,dxcc_id,from_date,deleted_date) VALUES (17,'ID','Idaho',291,NULL,NULL);
INSERT INTO arrl_section(id,abbreviation,name,dxcc_id,from_date,deleted_date) VALUES (18,'IL','Illinois',291,NULL,NULL);
INSERT INTO arrl_section(id,abbreviation,name,dxcc_id,from_date,deleted_date) VALUES (19,'IN','Indiana',291,NULL,NULL);
INSERT INTO arrl_section(id,abbreviation,name,dxcc_id,from_date,deleted_date) VALUES (20,'IA','Iowa',291,NULL,NULL);
INSERT INTO arrl_section(id,abbreviation,name,dxcc_id,from_date,deleted_date) VALUES (21,'KS','Kansas',291,NULL,NULL);
INSERT INTO arrl_section(id,abbreviation,name,dxcc_id,from_date,deleted_date) VALUES (22,'KY','Kentucky',291,NULL,NULL);
INSERT INTO arrl_section(id,abbreviation,name,dxcc_id,from_date,deleted_date) VALUES (23,'LAX','Los Angeles',291,NULL,NULL);
INSERT INTO arrl_section(id,abbreviation,name,dxcc_id,from_date,deleted_date) VALUES (24,'LA','Louisiana',291,NULL,NULL);
INSERT INTO arrl_section(id,abbreviation,name,dxcc_id,from_date,deleted_date) VALUES (25,'ME','Maine',291,NULL,NULL);
INSERT INTO arrl_section(id,abbreviation,name,dxcc_id,from_date,deleted_date) VALUES (26,'MB','Manitoba',1,NULL,NULL);
INSERT INTO arrl_section(id,abbreviation,name,dxcc_id,from_date,deleted_date) VALUES (27,'MAR','Maritime',1,NULL,NULL);
INSERT INTO arrl_section(id,abbreviation,name,dxcc_id,from_date,deleted_date) VALUES (28,'MDC','Maryland-DC',291,NULL,NULL);
INSERT INTO arrl_section(id,abbreviation,name,dxcc_id,from_date,deleted_date) VALUES (29,'MI','Michigan',291,NULL,NULL);
INSERT INTO arrl_section(id,abbreviation,name,dxcc_id,from_date,deleted_date) VALUES (30,'MN','Minnesota',291,NULL,NULL);
INSERT INTO arrl_section(id,abbreviation,name,dxcc_id,from_date,deleted_date) VALUES (31,'MS','Mississippi',291,NULL,NULL);
INSERT INTO arrl_section(id,abbreviation,name,dxcc_id,from_date,deleted_date) VALUES (32,'MO','Missouri',291,NULL,NULL);
INSERT INTO arrl_section(id,abbreviation,name,dxcc_id,from_date,deleted_date) VALUES (33,'MT','Montana',291,NULL,NULL);
INSERT INTO arrl_section(id,abbreviation,name,dxcc_id,from_date,deleted_date) VALUES (34,'NE','Nebraska',291,NULL,NULL);
INSERT INTO arrl_section(id,abbreviation,name,dxcc_id,from_date,deleted_date) VALUES (35,'NV','Nevada',291,NULL,NULL);
INSERT INTO arrl_section(id,abbreviation,name,dxcc_id,from_date,deleted_date) VALUES (36,'NH','New Hampshire',291,NULL,NULL);
INSERT INTO arrl_section(id,abbreviation,name,dxcc_id,from_date,deleted_date) VALUES (37,'NM','New Mexico',291,NULL,NULL);
INSERT INTO arrl_section(id,abbreviation,name,dxcc_id,from_date,deleted_date) VALUES (38,'NLI','New York City-Long Island',291,NULL,NULL);
INSERT INTO arrl_section(id,abbreviation,name,dxcc_id,from_date,deleted_date) VALUES (39,'NL','Newfoundland/Labrador',1,NULL,NULL);
INSERT INTO arrl_section(id,abbreviation,name,dxcc_id,from_date,deleted_date) VALUES (40,'NC','North Carolina',291,NULL,NULL);
INSERT INTO arrl_section(id,abbreviation,name,dxcc_id,from_date,deleted_date) VALUES (41,'ND','North Dakota',291,NULL,NULL);
INSERT INTO arrl_section(id,abbreviation,name,dxcc_id,from_date,deleted_date) VALUES (42,'NTX','North Texas',291,NULL,NULL);
INSERT INTO arrl_section(id,abbreviation,name,dxcc_id,from_date,deleted_date) VALUES (43,'NFL','Northern Florida',291,NULL,NULL);
INSERT INTO arrl_section(id,abbreviation,name,dxcc_id,from_date,deleted_date) VALUES (44,'NNJ','Northern New Jersey',291,NULL,NULL);
INSERT INTO arrl_section(id,abbreviation,name,dxcc_id,from_date,deleted_date) VALUES (45,'NNY','Northern New York',291,NULL,'2003-11-01');
INSERT INTO arrl_section(id,abbreviation,name,dxcc_id,from_date,deleted_date) VALUES (46,'NT','Northwest Territories/Yukon/Nunavut',1,'2003-11-01',NULL);
INSERT INTO arrl_section(id,abbreviation,name,dxcc_id,from_date,deleted_date) VALUES (47,'NWT','Northwest Territories/Yukon/Nunavut replaced by NT',1,NULL,NULL);
INSERT INTO arrl_section(id,abbreviation,name,dxcc_id,from_date,deleted_date) VALUES (48,'OH','Ohio',291,NULL,NULL);
INSERT INTO arrl_section(id,abbreviation,name,dxcc_id,from_date,deleted_date) VALUES (49,'OK','Oklahoma',291,NULL,NULL);
INSERT INTO arrl_section(id,abbreviation,name,dxcc_id,from_date,deleted_date) VALUES (50,'ON','Ontario replaced by GTA ONE ONN and ONS',1,NULL,'2012-09-01');
INSERT INTO arrl_section(id,abbreviation,name,dxcc_id,from_date,deleted_date) VALUES (51,'ONE','Ontario East',1,'2012-09-01','2012-09-01');
INSERT INTO arrl_section(id,abbreviation,name,dxcc_id,from_date,deleted_date) VALUES (52,'ONN','Ontario North',1,'2012-09-01','2012-09-01');
INSERT INTO arrl_section(id,abbreviation,name,dxcc_id,from_date,deleted_date) VALUES (53,'ONS','Ontario South',1,'2012-09-01',NULL);
INSERT INTO arrl_section(id,abbreviation,name,dxcc_id,from_date,deleted_date) VALUES (54,'ORG','Orange',291,NULL,NULL);
INSERT INTO arrl_section(id,abbreviation,name,dxcc_id,from_date,deleted_date) VALUES (55,'OR','Oregon',291,NULL,NULL);
INSERT INTO arrl_section(id,abbreviation,name,dxcc_id,from_date,deleted_date) VALUES (56,'PAC','Pacific',9,NULL,NULL);
INSERT INTO arrl_section(id,abbreviation,name,dxcc_id,from_date,deleted_date) VALUES (57,'PAC','Pacific',20,NULL,NULL);
INSERT INTO arrl_section(id,abbreviation,name,dxcc_id,from_date,deleted_date) VALUES (58,'PAC','Pacific',103,NULL,NULL);
INSERT INTO arrl_section(id,abbreviation,name,dxcc_id,from_date,deleted_date) VALUES (59,'PAC','Pacific',110,NULL,NULL);
INSERT INTO arrl_section(id,abbreviation,name,dxcc_id,from_date,deleted_date) VALUES (60,'PAC','Pacific',123,NULL,NULL);
INSERT INTO arrl_section(id,abbreviation,name,dxcc_id,from_date,deleted_date) VALUES (61,'PAC','Pacific',134,NULL,NULL);
INSERT INTO arrl_section(id,abbreviation,name,dxcc_id,from_date,deleted_date) VALUES (62,'PAC','Pacific',138,NULL,NULL);
INSERT INTO arrl_section(id,abbreviation,name,dxcc_id,from_date,deleted_date) VALUES (63,'PAC','Pacific',166,NULL,NULL);
INSERT INTO arrl_section(id,abbreviation,name,dxcc_id,from_date,deleted_date) VALUES (64,'PAC','Pacific',174,NULL,NULL);
INSERT INTO arrl_section(id,abbreviation,name,dxcc_id,from_date,deleted_date) VALUES (65,'PAC','Pacific',197,NULL,NULL);
INSERT INTO arrl_section(id,abbreviation,name,dxcc_id,from_date,deleted_date) VALUES (66,'PAC','Pacific',297,NULL,NULL);
INSERT INTO arrl_section(id,abbreviation,name,dxcc_id,from_date,deleted_date) VALUES (67,'PAC','Pacific',515,NULL,NULL);
INSERT INTO arrl_section(id,abbreviation,name,dxcc_id,from_date,deleted_date) VALUES (68,'PR','Puerto Rico',43,NULL,NULL);
INSERT INTO arrl_section(id,abbreviation,name,dxcc_id,from_date,deleted_date) VALUES (69,'PR','Puerto Rico',202,NULL,NULL);
INSERT INTO arrl_section(id,abbreviation,name,dxcc_id,from_date,deleted_date) VALUES (70,'QC','Quebec',1,NULL,NULL);
INSERT INTO arrl_section(id,abbreviation,name,dxcc_id,from_date,deleted_date) VALUES (71,'RI','Rhode Island',291,NULL,NULL);
INSERT INTO arrl_section(id,abbreviation,name,dxcc_id,from_date,deleted_date) VALUES (72,'SV','Sacramento Valley',291,NULL,NULL);
INSERT INTO arrl_section(id,abbreviation,name,dxcc_id,from_date,deleted_date) VALUES (73,'SDG','San Diego',291,NULL,NULL);
INSERT INTO arrl_section(id,abbreviation,name,dxcc_id,from_date,deleted_date) VALUES (74,'SF','San Francisco',291,NULL,NULL);
INSERT INTO arrl_section(id,abbreviation,name,dxcc_id,from_date,deleted_date) VALUES (75,'SJV','San Joaquin Valley',291,NULL,NULL);
INSERT INTO arrl_section(id,abbreviation,name,dxcc_id,from_date,deleted_date) VALUES (76,'SB','Santa Barbara',291,NULL,NULL);
INSERT INTO arrl_section(id,abbreviation,name,dxcc_id,from_date,deleted_date) VALUES (77,'SCV','Santa Clara Valley',291,NULL,NULL);
INSERT INTO arrl_section(id,abbreviation,name,dxcc_id,from_date,deleted_date) VALUES (78,'SK','Saskatchewan',1,NULL,NULL);
INSERT INTO arrl_section(id,abbreviation,name,dxcc_id,from_date,deleted_date) VALUES (79,'SC','South Carolina',291,NULL,NULL);
INSERT INTO arrl_section(id,abbreviation,name,dxcc_id,from_date,deleted_date) VALUES (80,'SD','South Dakota',291,NULL,NULL);
INSERT INTO arrl_section(id,abbreviation,name,dxcc_id,from_date,deleted_date) VALUES (81,'STX','South Texas',291,NULL,NULL);
INSERT INTO arrl_section(id,abbreviation,name,dxcc_id,from_date,deleted_date) VALUES (82,'SFL','Southern Florida',291,NULL,NULL);
INSERT INTO arrl_section(id,abbreviation,name,dxcc_id,from_date,deleted_date) VALUES (83,'SNJ','Southern New Jersey',291,NULL,NULL);
INSERT INTO arrl_section(id,abbreviation,name,dxcc_id,from_date,deleted_date) VALUES (84,'TN','Tennessee',291,NULL,NULL);
INSERT INTO arrl_section(id,abbreviation,name,dxcc_id,from_date,deleted_date) VALUES (85,'VI','US Virgin Islands',105,NULL,NULL);
INSERT INTO arrl_section(id,abbreviation,name,dxcc_id,from_date,deleted_date) VALUES (86,'VI','US Virgin Islands',182,NULL,NULL);
INSERT INTO arrl_section(id,abbreviation,name,dxcc_id,from_date,deleted_date) VALUES (87,'VI','US Virgin Islands',285,NULL,NULL);
INSERT INTO arrl_section(id,abbreviation,name,dxcc_id,from_date,deleted_date) VALUES (88,'UT','Utah',291,NULL,NULL);
INSERT INTO arrl_section(id,abbreviation,name,dxcc_id,from_date,deleted_date) VALUES (89,'VT','Vermont',291,NULL,NULL);
INSERT INTO arrl_section(id,abbreviation,name,dxcc_id,from_date,deleted_date) VALUES (90,'VA','Virginia',291,NULL,NULL);
INSERT INTO arrl_section(id,abbreviation,name,dxcc_id,from_date,deleted_date) VALUES (91,'WCF','West Central Florida',291,NULL,NULL);
INSERT INTO arrl_section(id,abbreviation,name,dxcc_id,from_date,deleted_date) VALUES (92,'WTX','West Texas',291,NULL,NULL);
INSERT INTO arrl_section(id,abbreviation,name,dxcc_id,from_date,deleted_date) VALUES (93,'WV','West Virginia',291,NULL,NULL);
INSERT INTO arrl_section(id,abbreviation,name,dxcc_id,from_date,deleted_date) VALUES (94,'WMA','Western Massachusetts',291,NULL,NULL);
INSERT INTO arrl_section(id,abbreviation,name,dxcc_id,from_date,deleted_date) VALUES (95,'WNY','Western New York',291,NULL,NULL);
INSERT INTO arrl_section(id,abbreviation,name,dxcc_id,from_date,deleted_date) VALUES (96,'WPA','Western Pennsylvania',291,NULL,NULL);
INSERT INTO arrl_section(id,abbreviation,name,dxcc_id,from_date,deleted_date) VALUES (97,'WWA','Western Washington',291,NULL,NULL);
INSERT INTO arrl_section(id,abbreviation,name,dxcc_id,from_date,deleted_date) VALUES (98,'WI','Wisconsin',291,NULL,NULL);
INSERT INTO arrl_section(id,abbreviation,name,dxcc_id,from_date,deleted_date) VALUES (99,'WY','Wyoming',291,NULL,NULL);

-- AWARD ----------------------------------------------------------------------
INSERT INTO award(id,name,import_only) VALUES (1,'AJA','t');
INSERT INTO award(id,name,import_only) VALUES (2,'CQDX','t');
INSERT INTO award(id,name,import_only) VALUES (3,'CQDXFIELD','t');
INSERT INTO award(id,name,import_only) VALUES (4,'CQWAZ_MIXED','t');
INSERT INTO award(id,name,import_only) VALUES (5,'CQWAZ_CW','t');
INSERT INTO award(id,name,import_only) VALUES (6,'CQWAZ_PHONE','t');
INSERT INTO award(id,name,import_only) VALUES (7,'CQWAZ_RTTY','t');
INSERT INTO award(id,name,import_only) VALUES (8,'CQWAZ_160m','t');
INSERT INTO award(id,name,import_only) VALUES (9,'CQWPX','t');
INSERT INTO award(id,name,import_only) VALUES (10,'DARC_DOK','t');
INSERT INTO award(id,name,import_only) VALUES (11,'DXCC','t');
INSERT INTO award(id,name,import_only) VALUES (12,'DXCC_MIXED','t');
INSERT INTO award(id,name,import_only) VALUES (13,'DXCC_CW','t');
INSERT INTO award(id,name,import_only) VALUES (14,'DXCC_PHONE','t');
INSERT INTO award(id,name,import_only) VALUES (15,'DXCC_RTTY','t');
INSERT INTO award(id,name,import_only) VALUES (16,'IOTA','t');
INSERT INTO award(id,name,import_only) VALUES (17,'JCC','t');
INSERT INTO award(id,name,import_only) VALUES (18,'JCG','t');
INSERT INTO award(id,name,import_only) VALUES (19,'MARATHON','t');
INSERT INTO award(id,name,import_only) VALUES (20,'RDA','t');
INSERT INTO award(id,name,import_only) VALUES (21,'WAB','t');
INSERT INTO award(id,name,import_only) VALUES (22,'WAC','t');
INSERT INTO award(id,name,import_only) VALUES (23,'WAE','t');
INSERT INTO award(id,name,import_only) VALUES (24,'WAIP','t');
INSERT INTO award(id,name,import_only) VALUES (25,'WAJA','t');
INSERT INTO award(id,name,import_only) VALUES (26,'WAS','t');
INSERT INTO award(id,name,import_only) VALUES (27,'WAZ','t');
INSERT INTO award(id,name,import_only) VALUES (28,'USACA','t');
INSERT INTO award(id,name,import_only) VALUES (29,'VUCC','t');

-- BAND -----------------------------------------------------------------------
INSERT INTO band(id,name,lower_freq,upper_freq) VALUES (1,'2190m',0.1357,0.1378);
INSERT INTO band(id,name,lower_freq,upper_freq) VALUES (2,'630m',0.472,0.479);
INSERT INTO band(id,name,lower_freq,upper_freq) VALUES (3,'560m',0.501,0.504);
INSERT INTO band(id,name,lower_freq,upper_freq) VALUES (4,'160m',1.8,2.0);
INSERT INTO band(id,name,lower_freq,upper_freq) VALUES (5,'80m',3.5,4);
INSERT INTO band(id,name,lower_freq,upper_freq) VALUES (6,'60m',5.06,5.45);
INSERT INTO band(id,name,lower_freq,upper_freq) VALUES (7,'40m',7.0,7.3);
INSERT INTO band(id,name,lower_freq,upper_freq) VALUES (8,'30m',10.1,10.15);
INSERT INTO band(id,name,lower_freq,upper_freq) VALUES (9,'20m',14,14.35);
INSERT INTO band(id,name,lower_freq,upper_freq) VALUES (10,'17m',18.068,18.168);
INSERT INTO band(id,name,lower_freq,upper_freq) VALUES (11,'15m',21.0,21.45);
INSERT INTO band(id,name,lower_freq,upper_freq) VALUES (12,'12m',24.89,24.99);
INSERT INTO band(id,name,lower_freq,upper_freq) VALUES (13,'10m',28,29.7);
INSERT INTO band(id,name,lower_freq,upper_freq) VALUES (14,'6m',50,54);
INSERT INTO band(id,name,lower_freq,upper_freq) VALUES (15,'4m',70,71);
INSERT INTO band(id,name,lower_freq,upper_freq) VALUES (16,'2m',144,148);
INSERT INTO band(id,name,lower_freq,upper_freq) VALUES (17,'1.25m',222,225);
INSERT INTO band(id,name,lower_freq,upper_freq) VALUES (18,'70cm',420,450);
INSERT INTO band(id,name,lower_freq,upper_freq) VALUES (19,'33cm',902,928);
INSERT INTO band(id,name,lower_freq,upper_freq) VALUES (20,'23cm',1240,1300);
INSERT INTO band(id,name,lower_freq,upper_freq) VALUES (21,'13cm',2300,2450);
INSERT INTO band(id,name,lower_freq,upper_freq) VALUES (22,'9cm',3300,3500);
INSERT INTO band(id,name,lower_freq,upper_freq) VALUES (23,'6cm',5650,5925);
INSERT INTO band(id,name,lower_freq,upper_freq) VALUES (24,'3cm',10000,10500);
INSERT INTO band(id,name,lower_freq,upper_freq) VALUES (25,'1.25cm',24000,24250);
INSERT INTO band(id,name,lower_freq,upper_freq) VALUES (26,'6mm',47000,47200);
INSERT INTO band(id,name,lower_freq,upper_freq) VALUES (27,'4mm',75500,81000);
INSERT INTO band(id,name,lower_freq,upper_freq) VALUES (28,'2.5mm',119980,120020);
INSERT INTO band(id,name,lower_freq,upper_freq) VALUES (29,'2mm',142000,149000);
INSERT INTO band(id,name,lower_freq,upper_freq) VALUES (30,'1mm',241000,250000);

-- CONTEST --------------------------------------------------------------------
INSERT INTO contest(id,name,description,import_only,weblink_id) VALUES (1,'070-160M-SPRINT','PODXS Great Pumpkin Sprint','f',NULL);
INSERT INTO contest(id,name,description,import_only,weblink_id) VALUES (2,'070-3-DAY','PODXS Three Day Weekend','f',NULL);
INSERT INTO contest(id,name,description,import_only,weblink_id) VALUES (3,'070-31-FLAVORS','PODXS 31 Flavors','f',NULL);
INSERT INTO contest(id,name,description,import_only,weblink_id) VALUES (4,'070-40M-SPRINT','PODXS 40m Firecracker Sprint','f',NULL);
INSERT INTO contest(id,name,description,import_only,weblink_id) VALUES (5,'070-80M-SPRINT','PODXS 80m Jay Hudak Memorial Sprint','f',NULL);
INSERT INTO contest(id,name,description,import_only,weblink_id) VALUES (6,'070-PSKFEST','PODXS PSKFest','f',NULL);
INSERT INTO contest(id,name,description,import_only,weblink_id) VALUES (7,'070-ST-PATS-DAY','PODXS St. Patricks Day','f',NULL);
INSERT INTO contest(id,name,description,import_only,weblink_id) VALUES (8,'070-VALENTINE-SPRINT','PODXS Valentine Sprint','f',NULL);
INSERT INTO contest(id,name,description,import_only,weblink_id) VALUES (9,'10-RTTY','Ten-Meter RTTY Contest (2011 onwards)','f',NULL);
INSERT INTO contest(id,name,description,import_only,weblink_id) VALUES (10,'1010-OPEN-SEASON','Open Season Ten Meter QSO Party','f',NULL);
INSERT INTO contest(id,name,description,import_only,weblink_id) VALUES (11,'7QP','7th-Area QSO Party','f',NULL);
INSERT INTO contest(id,name,description,import_only,weblink_id) VALUES (12,'AL-QSO-PARTY','Alabama QSO Party','f',NULL);
INSERT INTO contest(id,name,description,import_only,weblink_id) VALUES (13,'ALL-ASIAN-DX-CW','JARL All Asian DX Contest (CW)','f',NULL);
INSERT INTO contest(id,name,description,import_only,weblink_id) VALUES (14,'ALL-ASIAN-DX-PHONE','JARL All Asian DX Contest (PHONE)','f',NULL);
INSERT INTO contest(id,name,description,import_only,weblink_id) VALUES (15,'ANARTS-RTTY','ANARTS WW RTTY','f',NULL);
INSERT INTO contest(id,name,description,import_only,weblink_id) VALUES (16,'ANATOLIAN-RTTY','Anatolian WW RTTY','f',NULL);
INSERT INTO contest(id,name,description,import_only,weblink_id) VALUES (17,'AP-SPRINT','Asia - Pacific Sprint','f',NULL);
INSERT INTO contest(id,name,description,import_only,weblink_id) VALUES (18,'AR-QSO-PARTY','Arkansas QSO Party','f',NULL);
INSERT INTO contest(id,name,description,import_only,weblink_id) VALUES (19,'ARI-DX','ARI DX Contest','f',NULL);
INSERT INTO contest(id,name,description,import_only,weblink_id) VALUES (20,'ARRL-10','ARRL 10 Meter Contest','f',NULL);
INSERT INTO contest(id,name,description,import_only,weblink_id) VALUES (21,'ARRL-160','ARRL 160 Meter Contest','f',NULL);
INSERT INTO contest(id,name,description,import_only,weblink_id) VALUES (22,'ARRL-222','ARRL 222 MHz and Up Distance Contest','f',NULL);
INSERT INTO contest(id,name,description,import_only,weblink_id) VALUES (23,'ARRL-DX-CW','ARRL International DX Contest (CW)','f',NULL);
INSERT INTO contest(id,name,description,import_only,weblink_id) VALUES (24,'ARRL-DX-SSB','ARRL International DX Contest (Phone)','f',NULL);
INSERT INTO contest(id,name,description,import_only,weblink_id) VALUES (25,'ARRL-EME','ARRL EME contest','f',NULL);
INSERT INTO contest(id,name,description,import_only,weblink_id) VALUES (26,'ARRL-FIELD-DAY','ARRL Field Day','f',NULL);
INSERT INTO contest(id,name,description,import_only,weblink_id) VALUES (27,'ARRL-RR-CW','ARRL Rookie Roundup (CW)','f',NULL);
INSERT INTO contest(id,name,description,import_only,weblink_id) VALUES (28,'ARRL-RR-RTTY','ARRL Rookie Roundup (RTTY)','f',NULL);
INSERT INTO contest(id,name,description,import_only,weblink_id) VALUES (29,'ARRL-RR-SSB','ARRL Rookie Roundup (Phone)','f',NULL);
INSERT INTO contest(id,name,description,import_only,weblink_id) VALUES (30,'ARRL-RTTY','ARRL RTTY Round-Up','f',NULL);
INSERT INTO contest(id,name,description,import_only,weblink_id) VALUES (31,'ARRL-SCR','ARRL School Club Roundup','f',NULL);
INSERT INTO contest(id,name,description,import_only,weblink_id) VALUES (32,'ARRL-SS-CW','ARRL November Sweepstakes (CW)','f',NULL);
INSERT INTO contest(id,name,description,import_only,weblink_id) VALUES (33,'ARRL-SS-SSB','ARRL November Sweepstakes (Phone)','f',NULL);
INSERT INTO contest(id,name,description,import_only,weblink_id) VALUES (34,'ARRL-UHF-AUG','ARRL August UHF Contest','f',NULL);
INSERT INTO contest(id,name,description,import_only,weblink_id) VALUES (35,'ARRL-VHF-JAN','ARRL January VHF Sweepstakes','f',NULL);
INSERT INTO contest(id,name,description,import_only,weblink_id) VALUES (36,'ARRL-VHF-JUN','ARRL June VHF QSO Party','f',NULL);
INSERT INTO contest(id,name,description,import_only,weblink_id) VALUES (37,'ARRL-VHF-SEP','ARRL September VHF QSO Party','f',NULL);
INSERT INTO contest(id,name,description,import_only,weblink_id) VALUES (38,'AZ-QSO-PARTY','Arizona QSO Party','f',NULL);
INSERT INTO contest(id,name,description,import_only,weblink_id) VALUES (39,'BARTG-RTTY','BARTG Spring RTTY Contest','f',NULL);
INSERT INTO contest(id,name,description,import_only,weblink_id) VALUES (40,'BARTG-SPRINT','BARTG Sprint Contest','f',NULL);
INSERT INTO contest(id,name,description,import_only,weblink_id) VALUES (41,'BC-QSO-PARTY','British Columbia QSO Party','f',NULL);
INSERT INTO contest(id,name,description,import_only,weblink_id) VALUES (42,'CA-QSO-PARTY','California QSO Party','f',NULL);
INSERT INTO contest(id,name,description,import_only,weblink_id) VALUES (43,'CIS-DX','CIS DX Contest','f',NULL);
INSERT INTO contest(id,name,description,import_only,weblink_id) VALUES (44,'CO-QSO-PARTY','Colorado QSO Party','f',NULL);
INSERT INTO contest(id,name,description,import_only,weblink_id) VALUES (45,'CQ-160-CW','CQ WW 160 Meter DX Contest (CW)','f',NULL);
INSERT INTO contest(id,name,description,import_only,weblink_id) VALUES (46,'CQ-160-SSB','CQ WW 160 Meter DX Contest (SSB)','f',NULL);
INSERT INTO contest(id,name,description,import_only,weblink_id) VALUES (47,'CQ-M','CQ-M International DX Contest','f',NULL);
INSERT INTO contest(id,name,description,import_only,weblink_id) VALUES (48,'CQ-VHF','CQ World-Wide VHF Contest','f',NULL);
INSERT INTO contest(id,name,description,import_only,weblink_id) VALUES (49,'CQ-WPX-CW','CQ WW WPX Contest (CW)','f',NULL);
INSERT INTO contest(id,name,description,import_only,weblink_id) VALUES (50,'CQ-WPX-RTTY','CQ/RJ WW RTTY WPX Contest','f',NULL);
INSERT INTO contest(id,name,description,import_only,weblink_id) VALUES (51,'CQ-WPX-SSB','CQ WW WPX Contest (SSB)','f',NULL);
INSERT INTO contest(id,name,description,import_only,weblink_id) VALUES (52,'CQ-WW-CW','CQ WW DX Contest (CW)','f',NULL);
INSERT INTO contest(id,name,description,import_only,weblink_id) VALUES (53,'CQ-WW-RTTY','CQ/RJ WW RTTY DX Contest','f',NULL);
INSERT INTO contest(id,name,description,import_only,weblink_id) VALUES (54,'CQ-WW-SSB','CQ WW DX Contest (SSB)','f',NULL);
INSERT INTO contest(id,name,description,import_only,weblink_id) VALUES (55,'CT-QSO-PARTY','Connecticut QSO Party','f',NULL);
INSERT INTO contest(id,name,description,import_only,weblink_id) VALUES (56,'CVA-DX-CW','Concurso Verde e Amarelo DX CW Contest','f',NULL);
INSERT INTO contest(id,name,description,import_only,weblink_id) VALUES (57,'CVA-DX-SSB','Concurso Verde e Amarelo DX CW Contest','f',NULL);
INSERT INTO contest(id,name,description,import_only,weblink_id) VALUES (58,'CWOPS-CW-OPEN','CWops CW Open Competition','f',NULL);
INSERT INTO contest(id,name,description,import_only,weblink_id) VALUES (59,'CWOPS-CWT','CWops Mini-CWT Test','f',NULL);
INSERT INTO contest(id,name,description,import_only,weblink_id) VALUES (60,'DARC-WAEDC-CW','WAE DX Contest (CW)','f',NULL);
INSERT INTO contest(id,name,description,import_only,weblink_id) VALUES (61,'DARC-WAEDC-RTTY','WAE DX Contest (RTTY)','f',NULL);
INSERT INTO contest(id,name,description,import_only,weblink_id) VALUES (62,'DARC-WAEDC-SSB','WAE DX Contest (SSB)','f',NULL);
INSERT INTO contest(id,name,description,import_only,weblink_id) VALUES (63,'DARC-WAG','DARC Worked All Germany','f',NULL);
INSERT INTO contest(id,name,description,import_only,weblink_id) VALUES (64,'DE-QSO-PARTY','Delaware QSO Party','f',NULL);
INSERT INTO contest(id,name,description,import_only,weblink_id) VALUES (65,'DL-DX-RTTY','DL-DX RTTY Contest','f',NULL);
INSERT INTO contest(id,name,description,import_only,weblink_id) VALUES (66,'DMC-RTTY','DMC RTTY Contest','f',NULL);
INSERT INTO contest(id,name,description,import_only,weblink_id) VALUES (67,'EA-CNCW','Concurso Nacional de Telegrafa','f',NULL);
INSERT INTO contest(id,name,description,import_only,weblink_id) VALUES (68,'EA-DME','Municipios Espaoles','f',NULL);
INSERT INTO contest(id,name,description,import_only,weblink_id) VALUES (69,'EA-PSK63','EA PSK63','f',NULL);
INSERT INTO contest(id,name,description,import_only,weblink_id) VALUES (70,'EA-RTTY','Unin de Radioaficionados Espaoles RTTY Contest','t',NULL);
INSERT INTO contest(id,name,description,import_only,weblink_id) VALUES (71,'EA-SMRE-CW','Su Majestad El Rey de Espaa - CW','f',NULL);
INSERT INTO contest(id,name,description,import_only,weblink_id) VALUES (72,'EA-SMRE-SSB','Su Majestad El Rey de Espaa - SSB','f',NULL);
INSERT INTO contest(id,name,description,import_only,weblink_id) VALUES (73,'EA-VHF-ATLANTIC','Atlntico V-UHF','f',NULL);
INSERT INTO contest(id,name,description,import_only,weblink_id) VALUES (74,'EA-VHF-COM','Combinado de V-UHF','f',NULL);
INSERT INTO contest(id,name,description,import_only,weblink_id) VALUES (75,'EA-VHF-COSTA-SOL','Costa del Sol V-UHF','f',NULL);
INSERT INTO contest(id,name,description,import_only,weblink_id) VALUES (76,'EA-VHF-EA','Nacional VHF','f',NULL);
INSERT INTO contest(id,name,description,import_only,weblink_id) VALUES (77,'EA-VHF-EA1RCS','Segovia EA1RCS V-UHF','f',NULL);
INSERT INTO contest(id,name,description,import_only,weblink_id) VALUES (78,'EA-VHF-QSL','QSL V-UHF & 50MHz','f',NULL);
INSERT INTO contest(id,name,description,import_only,weblink_id) VALUES (79,'EA-VHF-SADURNI','Sant Sadurni V-UHF','f',NULL);
INSERT INTO contest(id,name,description,import_only,weblink_id) VALUES (80,'EA-WW-RTTY','Unin de Radioaficionados Espaoles RTTY Contest','f',NULL);
INSERT INTO contest(id,name,description,import_only,weblink_id) VALUES (81,'EPC-PSK63','PSK63 QSO Party','f',NULL);
INSERT INTO contest(id,name,description,import_only,weblink_id) VALUES (82,'EU Sprint','EU Sprint','f',NULL);
INSERT INTO contest(id,name,description,import_only,weblink_id) VALUES (83,'EU-HF','EU HF Championship','f',NULL);
INSERT INTO contest(id,name,description,import_only,weblink_id) VALUES (84,'EU-PSK-DX','EU PSK DX Contest','f',NULL);
INSERT INTO contest(id,name,description,import_only,weblink_id) VALUES (85,'EUCW160M','European CW Association 160m CW Party','f',NULL);
INSERT INTO contest(id,name,description,import_only,weblink_id) VALUES (86,'FALL SPRINT','FISTS Fall Sprint','f',NULL);
INSERT INTO contest(id,name,description,import_only,weblink_id) VALUES (87,'FL-QSO-PARTY','Florida QSO Party','f',NULL);
INSERT INTO contest(id,name,description,import_only,weblink_id) VALUES (88,'GA-QSO-PARTY','Georgia QSO Party','f',NULL);
INSERT INTO contest(id,name,description,import_only,weblink_id) VALUES (89,'HA-DX','Hungarian DX Contest','f',NULL);
INSERT INTO contest(id,name,description,import_only,weblink_id) VALUES (90,'HELVETIA','Helvetia Contest','f',NULL);
INSERT INTO contest(id,name,description,import_only,weblink_id) VALUES (91,'HI-QSO-PARTY','Hawaiian QSO Party','f',NULL);
INSERT INTO contest(id,name,description,import_only,weblink_id) VALUES (92,'HOLYLAND','IARC Holyland Contest','f',NULL);
INSERT INTO contest(id,name,description,import_only,weblink_id) VALUES (93,'IA-QSO-PARTY','Iowa QSO Party','f',NULL);
INSERT INTO contest(id,name,description,import_only,weblink_id) VALUES (94,'IARU-FIELD-DAY','DARC IARU Region 1 Field Day','f',NULL);
INSERT INTO contest(id,name,description,import_only,weblink_id) VALUES (95,'IARU-HF','IARU HF World Championship','f',NULL);
INSERT INTO contest(id,name,description,import_only,weblink_id) VALUES (96,'ID-QSO-PARTY','Idaho QSO Party','f',NULL);
INSERT INTO contest(id,name,description,import_only,weblink_id) VALUES (97,'IL QSO Party','Illinois QSO Party','f',NULL);
INSERT INTO contest(id,name,description,import_only,weblink_id) VALUES (98,'IN-QSO-PARTY','Indiana QSO Party','f',NULL);
INSERT INTO contest(id,name,description,import_only,weblink_id) VALUES (99,'JARTS-WW-RTTY','JARTS WW RTTY','f',NULL);
INSERT INTO contest(id,name,description,import_only,weblink_id) VALUES (100,'JIDX-CW','Japan International DX Contest (CW)','f',NULL);
INSERT INTO contest(id,name,description,import_only,weblink_id) VALUES (101,'JIDX-SSB','Japan International DX Contest (SSB)','f',NULL);
INSERT INTO contest(id,name,description,import_only,weblink_id) VALUES (102,'JT-DX-RTTY','Mongolian RTTY DX Contest','f',NULL);
INSERT INTO contest(id,name,description,import_only,weblink_id) VALUES (103,'KS-QSO-PARTY','Kansas QSO Party','f',NULL);
INSERT INTO contest(id,name,description,import_only,weblink_id) VALUES (104,'KY-QSO-PARTY','Kentucky QSO Party','f',NULL);
INSERT INTO contest(id,name,description,import_only,weblink_id) VALUES (105,'LA-QSO-PARTY','Louisiana QSO Party','f',NULL);
INSERT INTO contest(id,name,description,import_only,weblink_id) VALUES (106,'LDC-RTTY','DRCG Long Distance Contest (RTTY)','f',NULL);
INSERT INTO contest(id,name,description,import_only,weblink_id) VALUES (107,'LZ DX','LZ DX Contest','f',NULL);
INSERT INTO contest(id,name,description,import_only,weblink_id) VALUES (108,'MAR-QSO-PARTY','Maritimes QSO Party','f',NULL);
INSERT INTO contest(id,name,description,import_only,weblink_id) VALUES (109,'MD-QSO-PARTY','Maryland QSO Party','f',NULL);
INSERT INTO contest(id,name,description,import_only,weblink_id) VALUES (110,'ME-QSO-PARTY','Maine QSO Party','f',NULL);
INSERT INTO contest(id,name,description,import_only,weblink_id) VALUES (111,'MI-QSO-PARTY','Michigan QSO Party','f',NULL);
INSERT INTO contest(id,name,description,import_only,weblink_id) VALUES (112,'MIDATLANTIC-QSO-PARTY','Mid-Atlantic QSO Party','f',NULL);
INSERT INTO contest(id,name,description,import_only,weblink_id) VALUES (113,'MN-QSO-PARTY','Minnesota QSO Party','f',NULL);
INSERT INTO contest(id,name,description,import_only,weblink_id) VALUES (114,'MO-QSO-PARTY','Missouri QSO Party','f',NULL);
INSERT INTO contest(id,name,description,import_only,weblink_id) VALUES (115,'MS-QSO-PARTY','Mississippi QSO Party','f',NULL);
INSERT INTO contest(id,name,description,import_only,weblink_id) VALUES (116,'MT-QSO-PARTY','Montana QSO Party','f',NULL);
INSERT INTO contest(id,name,description,import_only,weblink_id) VALUES (117,'NA-SPRINT-CW','North America Sprint (CW)','f',NULL);
INSERT INTO contest(id,name,description,import_only,weblink_id) VALUES (118,'NA-SPRINT-RTTY','North America Sprint (RTTY)','f',NULL);
INSERT INTO contest(id,name,description,import_only,weblink_id) VALUES (119,'NA-SPRINT-SSB','North America Sprint (Phone)','f',NULL);
INSERT INTO contest(id,name,description,import_only,weblink_id) VALUES (120,'NAQP-CW','North America QSO Party (CW)','f',NULL);
INSERT INTO contest(id,name,description,import_only,weblink_id) VALUES (121,'NAQP-RTTY','North America QSO Party (RTTY)','f',NULL);
INSERT INTO contest(id,name,description,import_only,weblink_id) VALUES (122,'NAQP-SSB','North America QSO Party (Phone)','f',NULL);
INSERT INTO contest(id,name,description,import_only,weblink_id) VALUES (123,'NC-QSO-PARTY','North Carolina QSO Party','f',NULL);
INSERT INTO contest(id,name,description,import_only,weblink_id) VALUES (124,'ND-QSO-PARTY','North Dakota QSO Party','f',NULL);
INSERT INTO contest(id,name,description,import_only,weblink_id) VALUES (125,'NE-QSO-PARTY','Nebraska QSO Party','f',NULL);
INSERT INTO contest(id,name,description,import_only,weblink_id) VALUES (126,'NEQP','New England QSO Party','f',NULL);
INSERT INTO contest(id,name,description,import_only,weblink_id) VALUES (127,'NH-QSO-PARTY','New Hampshire QSO Party','f',NULL);
INSERT INTO contest(id,name,description,import_only,weblink_id) VALUES (128,'NJ-QSO-PARTY','New Jersey QSO Party','f',NULL);
INSERT INTO contest(id,name,description,import_only,weblink_id) VALUES (129,'NM-QSO-PARTY','New Mexico QSO Party','f',NULL);
INSERT INTO contest(id,name,description,import_only,weblink_id) VALUES (130,'NRAU-BALTIC-CW','NRAU-Baltic Contest (CW)','f',NULL);
INSERT INTO contest(id,name,description,import_only,weblink_id) VALUES (131,'NRAU-BALTIC-SSB','NRAU-Baltic Contest (SSB)','f',NULL);
INSERT INTO contest(id,name,description,import_only,weblink_id) VALUES (132,'NV-QSO-PARTY','Nevada QSO Party','f',NULL);
INSERT INTO contest(id,name,description,import_only,weblink_id) VALUES (133,'NY-QSO-PARTY','New York QSO Party','f',NULL);
INSERT INTO contest(id,name,description,import_only,weblink_id) VALUES (134,'OCEANIA-DX-CW','Oceania DX Contest (CW)','f',NULL);
INSERT INTO contest(id,name,description,import_only,weblink_id) VALUES (135,'OCEANIA-DX-SSB','Oceania DX Contest (SSB)','f',NULL);
INSERT INTO contest(id,name,description,import_only,weblink_id) VALUES (136,'OH-QSO-PARTY','Ohio QSO Party','f',NULL);
INSERT INTO contest(id,name,description,import_only,weblink_id) VALUES (137,'OK-DX-RTTY','Czech Radio Club OK DX Contest','f',NULL);
INSERT INTO contest(id,name,description,import_only,weblink_id) VALUES (138,'OK-OM-DX','Czech Radio Club OK-OM DX Contest','f',NULL);
INSERT INTO contest(id,name,description,import_only,weblink_id) VALUES (139,'OK-QSO-PARTY','Oklahoma QSO Party','f',NULL);
INSERT INTO contest(id,name,description,import_only,weblink_id) VALUES (140,'OMISS-QSO-PARTY','Old Man International Sideband Society QSO Party','f',NULL);
INSERT INTO contest(id,name,description,import_only,weblink_id) VALUES (141,'ON-QSO-PARTY','Ontario QSO Party','f',NULL);
INSERT INTO contest(id,name,description,import_only,weblink_id) VALUES (142,'OR-QSO-PARTY','Oregon QSO Party','f',NULL);
INSERT INTO contest(id,name,description,import_only,weblink_id) VALUES (143,'PA-QSO-PARTY','Pennsylvania QSO Party','f',NULL);
INSERT INTO contest(id,name,description,import_only,weblink_id) VALUES (144,'PACC','Dutch PACC Contest','f',NULL);
INSERT INTO contest(id,name,description,import_only,weblink_id) VALUES (145,'PSK-DEATHMATCH','MDXA PSK DeathMatch (2005-2010)','f',NULL);
INSERT INTO contest(id,name,description,import_only,weblink_id) VALUES (146,'QC-QSO-PARTY','Quebec QSO Party','f',NULL);
INSERT INTO contest(id,name,description,import_only,weblink_id) VALUES (147,'RAC','Canadian Amateur Radio Society Contest','t',NULL);
INSERT INTO contest(id,name,description,import_only,weblink_id) VALUES (148,'RAC-CANADA-DAY','RAC Canada Day Contest','f',NULL);
INSERT INTO contest(id,name,description,import_only,weblink_id) VALUES (149,'RAC-CANADA-WINTER','RAC Canada Winter Contest','f',NULL);
INSERT INTO contest(id,name,description,import_only,weblink_id) VALUES (150,'RDAC','Russian District Award Contest','f',NULL);
INSERT INTO contest(id,name,description,import_only,weblink_id) VALUES (151,'RDXC','Russian DX Contest','f',NULL);
INSERT INTO contest(id,name,description,import_only,weblink_id) VALUES (152,'REF-160M','Reseau des Emetteurs Francais 160m Contest','f',NULL);
INSERT INTO contest(id,name,description,import_only,weblink_id) VALUES (153,'REF-CW','Reseau des Emetteurs Francais Contest (CW)','f',NULL);
INSERT INTO contest(id,name,description,import_only,weblink_id) VALUES (154,'REF-SSB','Reseau des Emetteurs Francais Contest (SSB)','f',NULL);
INSERT INTO contest(id,name,description,import_only,weblink_id) VALUES (155,'REP-PORTUGAL-DAY-HF','Rede dos Emissores Portugueses Portugal Day HF Contest','f',NULL);
INSERT INTO contest(id,name,description,import_only,weblink_id) VALUES (156,'RI-QSO-PARTY','Rhode Island QSO Party','f',NULL);
INSERT INTO contest(id,name,description,import_only,weblink_id) VALUES (157,'RSGB-160','1.8MHz Contest','f',NULL);
INSERT INTO contest(id,name,description,import_only,weblink_id) VALUES (158,'RSGB-21/28-CW','21/28 MHz Contest (CW)','f',NULL);
INSERT INTO contest(id,name,description,import_only,weblink_id) VALUES (159,'RSGB-21/28-SSB','21/28 MHz Contest (SSB)','f',NULL);
INSERT INTO contest(id,name,description,import_only,weblink_id) VALUES (160,'RSGB-80M-CC','80m Club Championships','f',NULL);
INSERT INTO contest(id,name,description,import_only,weblink_id) VALUES (161,'RSGB-AFS-CW','Affiliated Societies Team Contest (CW)','f',NULL);
INSERT INTO contest(id,name,description,import_only,weblink_id) VALUES (162,'RSGB-AFS-SSB','Affiliated Societies Team Contest (SSB)','f',NULL);
INSERT INTO contest(id,name,description,import_only,weblink_id) VALUES (163,'RSGB-CLUB-CALLS','Club Calls','f',NULL);
INSERT INTO contest(id,name,description,import_only,weblink_id) VALUES (164,'RSGB-COMMONWEALTH','Commonwealth Contest','f',NULL);
INSERT INTO contest(id,name,description,import_only,weblink_id) VALUES (165,'RSGB-IOTA','IOTA Contest','f',NULL);
INSERT INTO contest(id,name,description,import_only,weblink_id) VALUES (166,'RSGB-LOW-POWER','Low Power Field Day','f',NULL);
INSERT INTO contest(id,name,description,import_only,weblink_id) VALUES (167,'RSGB-NFD','National Field Day','f',NULL);
INSERT INTO contest(id,name,description,import_only,weblink_id) VALUES (168,'RSGB-ROPOCO','RoPoCo','f',NULL);
INSERT INTO contest(id,name,description,import_only,weblink_id) VALUES (169,'RSGB-SSB-FD','SSB Field Day','f',NULL);
INSERT INTO contest(id,name,description,import_only,weblink_id) VALUES (170,'RUSSIAN-RTTY','Russian Radio RTTY Worldwide Contest','f',NULL);
INSERT INTO contest(id,name,description,import_only,weblink_id) VALUES (171,'SAC-CW','Scandinavian Activity Contest (CW)','f',NULL);
INSERT INTO contest(id,name,description,import_only,weblink_id) VALUES (172,'SAC-SSB','Scandinavian Activity Contest (SSB)','f',NULL);
INSERT INTO contest(id,name,description,import_only,weblink_id) VALUES (173,'SARTG-RTTY','SARTG WW RTTY','f',NULL);
INSERT INTO contest(id,name,description,import_only,weblink_id) VALUES (174,'SC-QSO-PARTY','South Carolina QSO Party','f',NULL);
INSERT INTO contest(id,name,description,import_only,weblink_id) VALUES (175,'SCC-RTTY','SCC RTTY Championship','f',NULL);
INSERT INTO contest(id,name,description,import_only,weblink_id) VALUES (176,'SD-QSO-PARTY','South Dakota QSO Party','f',NULL);
INSERT INTO contest(id,name,description,import_only,weblink_id) VALUES (177,'SMP-AUG','SSA Portabeltest','f',NULL);
INSERT INTO contest(id,name,description,import_only,weblink_id) VALUES (178,'SMP-MAY','SSA Portabeltest','f',NULL);
INSERT INTO contest(id,name,description,import_only,weblink_id) VALUES (179,'SP-DX-RTTY','PRC SPDX Contest (RTTY)','f',NULL);
INSERT INTO contest(id,name,description,import_only,weblink_id) VALUES (180,'SPAR-WINTER-FD','SPAR Winter Field Day','f',NULL);
INSERT INTO contest(id,name,description,import_only,weblink_id) VALUES (181,'SPDXContest','SP DX Contest','f',NULL);
INSERT INTO contest(id,name,description,import_only,weblink_id) VALUES (182,'SPRING SPRINT','FISTS Spring Sprint','f',NULL);
INSERT INTO contest(id,name,description,import_only,weblink_id) VALUES (183,'SR-MARATHON','Scottish-Russian Marathon','f',NULL);
INSERT INTO contest(id,name,description,import_only,weblink_id) VALUES (184,'STEW-PERRY','Stew Perry Topband Distance Challenge','f',NULL);
INSERT INTO contest(id,name,description,import_only,weblink_id) VALUES (185,'SUMMER SPRINT','FISTS Summer Sprint','f',NULL);
INSERT INTO contest(id,name,description,import_only,weblink_id) VALUES (186,'TARA-GRID-DIP','TARA Grid Dip PSK-RTTY Shindig','f',NULL);
INSERT INTO contest(id,name,description,import_only,weblink_id) VALUES (187,'TARA-RTTY','TARA RTTY Mle','f',NULL);
INSERT INTO contest(id,name,description,import_only,weblink_id) VALUES (188,'TARA-RUMBLE','TARA Rumble PSK Contest','f',NULL);
INSERT INTO contest(id,name,description,import_only,weblink_id) VALUES (189,'TARA-SKIRMISH','TARA Skirmish Digital Prefix Contest','f',NULL);
INSERT INTO contest(id,name,description,import_only,weblink_id) VALUES (190,'TEN-RTTY','Ten-Meter RTTY Contest (before 2011)','f',NULL);
INSERT INTO contest(id,name,description,import_only,weblink_id) VALUES (191,'TMC-RTTY','The Makrothen Contest','f',NULL);
INSERT INTO contest(id,name,description,import_only,weblink_id) VALUES (192,'TN-QSO-PARTY','Tennessee QSO Party','f',NULL);
INSERT INTO contest(id,name,description,import_only,weblink_id) VALUES (193,'TX-QSO-PARTY','Texas QSO Party','f',NULL);
INSERT INTO contest(id,name,description,import_only,weblink_id) VALUES (194,'UBA-DX-CW','UBA Contest (CW)','f',NULL);
INSERT INTO contest(id,name,description,import_only,weblink_id) VALUES (195,'UBA-DX-SSB','UBA Contest (SSB)','f',NULL);
INSERT INTO contest(id,name,description,import_only,weblink_id) VALUES (196,'UK-DX-BPSK63','European PSK Club BPSK63 Contest','f',NULL);
INSERT INTO contest(id,name,description,import_only,weblink_id) VALUES (197,'UK-DX-RTTY','UK DX RTTY Contest','f',NULL);
INSERT INTO contest(id,name,description,import_only,weblink_id) VALUES (198,'UKR-CHAMP-RTTY','Open Ukraine RTTY Championship','f',NULL);
INSERT INTO contest(id,name,description,import_only,weblink_id) VALUES (199,'UKRAINIAN DX','Ukrainian DX','f',NULL);
INSERT INTO contest(id,name,description,import_only,weblink_id) VALUES (200,'UKSMG-6M-MARATHON','UKSMG 6m Marathon','f',NULL);
INSERT INTO contest(id,name,description,import_only,weblink_id) VALUES (201,'UKSMG-SUMMER-ES','UKSMG Summer Es Contest','f',NULL);
INSERT INTO contest(id,name,description,import_only,weblink_id) VALUES (202,'URE-DX','Ukrainian DX Contest','t',NULL);
INSERT INTO contest(id,name,description,import_only,weblink_id) VALUES (203,'US-COUNTIES-QSO','Mobile Amateur Awards Club','f',NULL);
INSERT INTO contest(id,name,description,import_only,weblink_id) VALUES (204,'UT-QSO-PARTY','Utah QSO Party','f',NULL);
INSERT INTO contest(id,name,description,import_only,weblink_id) VALUES (205,'VA-QSO-PARTY','Virginia QSO Party','f',NULL);
INSERT INTO contest(id,name,description,import_only,weblink_id) VALUES (206,'VENEZ-IND-DAY','RCV Venezuelan Independence Day Contest','f',NULL);
INSERT INTO contest(id,name,description,import_only,weblink_id) VALUES (207,'VIRGINIA QSO PARTY','Virginia QSO Party','t',NULL);
INSERT INTO contest(id,name,description,import_only,weblink_id) VALUES (208,'VOLTA-RTTY','Alessandro Volta RTTY DX Contest','f',NULL);
INSERT INTO contest(id,name,description,import_only,weblink_id) VALUES (209,'WA-QSO-PARTY','Washington QSO Party','f',NULL);
INSERT INTO contest(id,name,description,import_only,weblink_id) VALUES (210,'WI-QSO-PARTY','Wisconsin QSO Party','f',NULL);
INSERT INTO contest(id,name,description,import_only,weblink_id) VALUES (211,'WINTER SPRINT','FISTS Winter Sprint','f',NULL);
INSERT INTO contest(id,name,description,import_only,weblink_id) VALUES (212,'WV-QSO-PARTY','West Virginia QSO Party','f',NULL);
INSERT INTO contest(id,name,description,import_only,weblink_id) VALUES (213,'WY-QSO-PARTY','Wyoming QSO Party','f',NULL);
INSERT INTO contest(id,name,description,import_only,weblink_id) VALUES (214,'XE-INTL-RTTY','Mexico International Contest (RTTY)','f',NULL);
INSERT INTO contest(id,name,description,import_only,weblink_id) VALUES (215,'YOHFDX','YODX HF contest','f',NULL);
INSERT INTO contest(id,name,description,import_only,weblink_id) VALUES (216,'YUDXC','YU DX Contest','f',NULL);
INSERT INTO contest(id,name,description,import_only,weblink_id) VALUES (217,'WIA-HARRY ANGEL','WIA Harry Angel Memorial 80m Sprint','f',NULL);
INSERT INTO contest(id,name,description,import_only,weblink_id) VALUES (218,'WIA-JMMFD','WIA John Moyle Memorial Field Day','f',NULL);
INSERT INTO contest(id,name,description,import_only,weblink_id) VALUES (219,'WIA-OCDX','WIA Oceania DX (OCDX) Contest','f',NULL);
INSERT INTO contest(id,name,description,import_only,weblink_id) VALUES (220,'WIA-REMEMBRANCE','WIA Remembrance Day','f',NULL);
INSERT INTO contest(id,name,description,import_only,weblink_id) VALUES (221,'WIA-ROSS HULL','WIA Ross Hull Memorial VHF/UHF Contest','f',NULL);
INSERT INTO contest(id,name,description,import_only,weblink_id) VALUES (222,'WIA-TRANS TASMAN','WIA Trans Tasman Low Bands Challenge','f',NULL);
INSERT INTO contest(id,name,description,import_only,weblink_id) VALUES (223,'WIA-VHF/UHF FD','WIA VHF UHF Field Days','f',NULL);
INSERT INTO contest(id,name,description,import_only,weblink_id) VALUES (224,'WIA-VK SHIRES','WIA VK Shire','f',NULL);

-- CONTINENT ------------------------------------------------------------------
INSERT INTO continent(id,abbreviation,name) VALUES (1,'NA','Noth America');
INSERT INTO continent(id,abbreviation,name) VALUES (2,'SA','South America');
INSERT INTO continent(id,abbreviation,name) VALUES (3,'EU','Europe');
INSERT INTO continent(id,abbreviation,name) VALUES (4,'AF','Africa');
INSERT INTO continent(id,abbreviation,name) VALUES (5,'OC','Oceana');
INSERT INTO continent(id,abbreviation,name) VALUES (6,'AS','Asia');
INSERT INTO continent(id,abbreviation,name) VALUES (7,'AN','Antarctica');

-- COUNTY_NAME ----------------------------------------------------------------
INSERT INTO county_name(id,name) VALUES (1,'Abbeville');
INSERT INTO county_name(id,name) VALUES (2,'Acadia Parish');
INSERT INTO county_name(id,name) VALUES (3,'Accomack');
INSERT INTO county_name(id,name) VALUES (4,'Ada');
INSERT INTO county_name(id,name) VALUES (5,'Adair');
INSERT INTO county_name(id,name) VALUES (6,'Adams');
INSERT INTO county_name(id,name) VALUES (7,'Addison');
INSERT INTO county_name(id,name) VALUES (8,'Adjuntas Municipio');
INSERT INTO county_name(id,name) VALUES (9,'Aguada Municipio');
INSERT INTO county_name(id,name) VALUES (10,'Aguadilla Municipio');
INSERT INTO county_name(id,name) VALUES (11,'Aguas Buenas Municipio');
INSERT INTO county_name(id,name) VALUES (12,'Aibonito Municipio');
INSERT INTO county_name(id,name) VALUES (13,'Aiken');
INSERT INTO county_name(id,name) VALUES (14,'Aitkin');
INSERT INTO county_name(id,name) VALUES (15,'Alachua');
INSERT INTO county_name(id,name) VALUES (16,'Alamance');
INSERT INTO county_name(id,name) VALUES (17,'Alameda');
INSERT INTO county_name(id,name) VALUES (18,'Alamosa');
INSERT INTO county_name(id,name) VALUES (19,'Albany');
INSERT INTO county_name(id,name) VALUES (20,'Albemarle');
INSERT INTO county_name(id,name) VALUES (21,'Alcona');
INSERT INTO county_name(id,name) VALUES (22,'Alcorn');
INSERT INTO county_name(id,name) VALUES (23,'Aleutians East Borough');
INSERT INTO county_name(id,name) VALUES (24,'Aleutians West Census Area');
INSERT INTO county_name(id,name) VALUES (25,'Alexander');
INSERT INTO county_name(id,name) VALUES (26,'Alexandria city');
INSERT INTO county_name(id,name) VALUES (27,'Alfalfa');
INSERT INTO county_name(id,name) VALUES (28,'Alger');
INSERT INTO county_name(id,name) VALUES (29,'Allamakee');
INSERT INTO county_name(id,name) VALUES (30,'Allegan');
INSERT INTO county_name(id,name) VALUES (31,'Allegany');
INSERT INTO county_name(id,name) VALUES (32,'Alleghany');
INSERT INTO county_name(id,name) VALUES (33,'Allegheny');
INSERT INTO county_name(id,name) VALUES (34,'Allen');
INSERT INTO county_name(id,name) VALUES (35,'Allen Parish');
INSERT INTO county_name(id,name) VALUES (36,'Allendale');
INSERT INTO county_name(id,name) VALUES (37,'Alpena');
INSERT INTO county_name(id,name) VALUES (38,'Alpine');
INSERT INTO county_name(id,name) VALUES (39,'Amador');
INSERT INTO county_name(id,name) VALUES (40,'Amelia');
INSERT INTO county_name(id,name) VALUES (41,'Amherst');
INSERT INTO county_name(id,name) VALUES (42,'Amite');
INSERT INTO county_name(id,name) VALUES (43,'Anasco Municipio');
INSERT INTO county_name(id,name) VALUES (44,'Anchorage Municipality');
INSERT INTO county_name(id,name) VALUES (45,'Anderson');
INSERT INTO county_name(id,name) VALUES (46,'Andrew');
INSERT INTO county_name(id,name) VALUES (47,'Andrews');
INSERT INTO county_name(id,name) VALUES (48,'Androscoggin');
INSERT INTO county_name(id,name) VALUES (49,'Angelina');
INSERT INTO county_name(id,name) VALUES (50,'Anne Arundel');
INSERT INTO county_name(id,name) VALUES (51,'Anoka');
INSERT INTO county_name(id,name) VALUES (52,'Anson');
INSERT INTO county_name(id,name) VALUES (53,'Antelope');
INSERT INTO county_name(id,name) VALUES (54,'Antrim');
INSERT INTO county_name(id,name) VALUES (55,'Apache');
INSERT INTO county_name(id,name) VALUES (56,'Appanoose');
INSERT INTO county_name(id,name) VALUES (57,'Appling');
INSERT INTO county_name(id,name) VALUES (58,'Appomattox');
INSERT INTO county_name(id,name) VALUES (59,'Aransas');
INSERT INTO county_name(id,name) VALUES (60,'Arapahoe');
INSERT INTO county_name(id,name) VALUES (61,'Archer');
INSERT INTO county_name(id,name) VALUES (62,'Archuleta');
INSERT INTO county_name(id,name) VALUES (63,'Arecibo Municipio');
INSERT INTO county_name(id,name) VALUES (64,'Arenac');
INSERT INTO county_name(id,name) VALUES (65,'Arkansas');
INSERT INTO county_name(id,name) VALUES (66,'Arlington');
INSERT INTO county_name(id,name) VALUES (67,'Armstrong');
INSERT INTO county_name(id,name) VALUES (68,'Aroostook');
INSERT INTO county_name(id,name) VALUES (69,'Arroyo Municipio');
INSERT INTO county_name(id,name) VALUES (70,'Arthur');
INSERT INTO county_name(id,name) VALUES (71,'Ascension Parish');
INSERT INTO county_name(id,name) VALUES (72,'Ashe');
INSERT INTO county_name(id,name) VALUES (73,'Ashland');
INSERT INTO county_name(id,name) VALUES (74,'Ashley');
INSERT INTO county_name(id,name) VALUES (75,'Ashtabula');
INSERT INTO county_name(id,name) VALUES (76,'Asotin');
INSERT INTO county_name(id,name) VALUES (77,'Assumption Parish');
INSERT INTO county_name(id,name) VALUES (78,'Atascosa');
INSERT INTO county_name(id,name) VALUES (79,'Atchison');
INSERT INTO county_name(id,name) VALUES (80,'Athens');
INSERT INTO county_name(id,name) VALUES (81,'Atkinson');
INSERT INTO county_name(id,name) VALUES (82,'Atlantic');
INSERT INTO county_name(id,name) VALUES (83,'Atoka');
INSERT INTO county_name(id,name) VALUES (84,'Attala');
INSERT INTO county_name(id,name) VALUES (85,'Audrain');
INSERT INTO county_name(id,name) VALUES (86,'Audubon');
INSERT INTO county_name(id,name) VALUES (87,'Auglaize');
INSERT INTO county_name(id,name) VALUES (88,'Augusta');
INSERT INTO county_name(id,name) VALUES (89,'Aurora');
INSERT INTO county_name(id,name) VALUES (90,'Austin');
INSERT INTO county_name(id,name) VALUES (91,'Autauga');
INSERT INTO county_name(id,name) VALUES (92,'Avery');
INSERT INTO county_name(id,name) VALUES (93,'Avoyelles Parish');
INSERT INTO county_name(id,name) VALUES (94,'Baca');
INSERT INTO county_name(id,name) VALUES (95,'Bacon');
INSERT INTO county_name(id,name) VALUES (96,'Bailey');
INSERT INTO county_name(id,name) VALUES (97,'Baker');
INSERT INTO county_name(id,name) VALUES (98,'Baldwin');
INSERT INTO county_name(id,name) VALUES (99,'Ballard');
INSERT INTO county_name(id,name) VALUES (100,'Baltimore city');
INSERT INTO county_name(id,name) VALUES (101,'Baltimore');
INSERT INTO county_name(id,name) VALUES (102,'Bamberg');
INSERT INTO county_name(id,name) VALUES (103,'Bandera');
INSERT INTO county_name(id,name) VALUES (104,'Banks');
INSERT INTO county_name(id,name) VALUES (105,'Banner');
INSERT INTO county_name(id,name) VALUES (106,'Bannock');
INSERT INTO county_name(id,name) VALUES (107,'Baraga');
INSERT INTO county_name(id,name) VALUES (108,'Barber');
INSERT INTO county_name(id,name) VALUES (109,'Barbour');
INSERT INTO county_name(id,name) VALUES (110,'Barceloneta Municipio');
INSERT INTO county_name(id,name) VALUES (111,'Barnes');
INSERT INTO county_name(id,name) VALUES (112,'Barnstable');
INSERT INTO county_name(id,name) VALUES (113,'Barnwell');
INSERT INTO county_name(id,name) VALUES (114,'Barranquitas Municipio');
INSERT INTO county_name(id,name) VALUES (115,'Barren');
INSERT INTO county_name(id,name) VALUES (116,'Barron');
INSERT INTO county_name(id,name) VALUES (117,'Barrow');
INSERT INTO county_name(id,name) VALUES (118,'Barry');
INSERT INTO county_name(id,name) VALUES (119,'Bartholomew');
INSERT INTO county_name(id,name) VALUES (120,'Barton');
INSERT INTO county_name(id,name) VALUES (121,'Bartow');
INSERT INTO county_name(id,name) VALUES (122,'Bastrop');
INSERT INTO county_name(id,name) VALUES (123,'Bates');
INSERT INTO county_name(id,name) VALUES (124,'Bath');
INSERT INTO county_name(id,name) VALUES (125,'Baxter');
INSERT INTO county_name(id,name) VALUES (126,'Bay');
INSERT INTO county_name(id,name) VALUES (127,'Bayamon Municipio');
INSERT INTO county_name(id,name) VALUES (128,'Bayfield');
INSERT INTO county_name(id,name) VALUES (129,'Baylor');
INSERT INTO county_name(id,name) VALUES (130,'Beadle');
INSERT INTO county_name(id,name) VALUES (131,'Bear Lake');
INSERT INTO county_name(id,name) VALUES (132,'Beaufort');
INSERT INTO county_name(id,name) VALUES (133,'Beauregard Parish');
INSERT INTO county_name(id,name) VALUES (134,'Beaver');
INSERT INTO county_name(id,name) VALUES (135,'Beaverhead');
INSERT INTO county_name(id,name) VALUES (136,'Becker');
INSERT INTO county_name(id,name) VALUES (137,'Beckham');
INSERT INTO county_name(id,name) VALUES (138,'Bedford city');
INSERT INTO county_name(id,name) VALUES (139,'Bedford');
INSERT INTO county_name(id,name) VALUES (140,'Bee');
INSERT INTO county_name(id,name) VALUES (141,'Belknap');
INSERT INTO county_name(id,name) VALUES (142,'Bell');
INSERT INTO county_name(id,name) VALUES (143,'Belmont');
INSERT INTO county_name(id,name) VALUES (144,'Beltrami');
INSERT INTO county_name(id,name) VALUES (145,'Ben Hill');
INSERT INTO county_name(id,name) VALUES (146,'Benewah');
INSERT INTO county_name(id,name) VALUES (147,'Bennett');
INSERT INTO county_name(id,name) VALUES (148,'Bennington');
INSERT INTO county_name(id,name) VALUES (149,'Benson');
INSERT INTO county_name(id,name) VALUES (150,'Bent');
INSERT INTO county_name(id,name) VALUES (151,'Benton');
INSERT INTO county_name(id,name) VALUES (152,'Benzie');
INSERT INTO county_name(id,name) VALUES (153,'Bergen');
INSERT INTO county_name(id,name) VALUES (154,'Berkeley');
INSERT INTO county_name(id,name) VALUES (155,'Berks');
INSERT INTO county_name(id,name) VALUES (156,'Berkshire');
INSERT INTO county_name(id,name) VALUES (157,'Bernalillo');
INSERT INTO county_name(id,name) VALUES (158,'Berrien');
INSERT INTO county_name(id,name) VALUES (159,'Bertie');
INSERT INTO county_name(id,name) VALUES (160,'Bethel Census Area');
INSERT INTO county_name(id,name) VALUES (161,'Bexar');
INSERT INTO county_name(id,name) VALUES (162,'Bibb');
INSERT INTO county_name(id,name) VALUES (163,'Bienville Parish');
INSERT INTO county_name(id,name) VALUES (164,'Big Horn');
INSERT INTO county_name(id,name) VALUES (165,'Big Stone');
INSERT INTO county_name(id,name) VALUES (166,'Billings');
INSERT INTO county_name(id,name) VALUES (167,'Bingham');
INSERT INTO county_name(id,name) VALUES (168,'Black Hawk');
INSERT INTO county_name(id,name) VALUES (169,'Blackford');
INSERT INTO county_name(id,name) VALUES (170,'Bladen');
INSERT INTO county_name(id,name) VALUES (171,'Blaine');
INSERT INTO county_name(id,name) VALUES (172,'Blair');
INSERT INTO county_name(id,name) VALUES (173,'Blanco');
INSERT INTO county_name(id,name) VALUES (174,'Bland');
INSERT INTO county_name(id,name) VALUES (175,'Bleckley');
INSERT INTO county_name(id,name) VALUES (176,'Bledsoe');
INSERT INTO county_name(id,name) VALUES (177,'Blount');
INSERT INTO county_name(id,name) VALUES (178,'Blue Earth');
INSERT INTO county_name(id,name) VALUES (179,'Boise');
INSERT INTO county_name(id,name) VALUES (180,'Bolivar');
INSERT INTO county_name(id,name) VALUES (181,'Bollinger');
INSERT INTO county_name(id,name) VALUES (182,'Bon Homme');
INSERT INTO county_name(id,name) VALUES (183,'Bond');
INSERT INTO county_name(id,name) VALUES (184,'Bonner');
INSERT INTO county_name(id,name) VALUES (185,'Bonneville');
INSERT INTO county_name(id,name) VALUES (186,'Boone');
INSERT INTO county_name(id,name) VALUES (187,'Borden');
INSERT INTO county_name(id,name) VALUES (188,'Bosque');
INSERT INTO county_name(id,name) VALUES (189,'Bossier Parish');
INSERT INTO county_name(id,name) VALUES (190,'Botetourt');
INSERT INTO county_name(id,name) VALUES (191,'Bottineau');
INSERT INTO county_name(id,name) VALUES (192,'Boulder');
INSERT INTO county_name(id,name) VALUES (193,'Boundary');
INSERT INTO county_name(id,name) VALUES (194,'Bourbon');
INSERT INTO county_name(id,name) VALUES (195,'Bowie');
INSERT INTO county_name(id,name) VALUES (196,'Bowman');
INSERT INTO county_name(id,name) VALUES (197,'Box Butte');
INSERT INTO county_name(id,name) VALUES (198,'Box Elder');
INSERT INTO county_name(id,name) VALUES (199,'Boyd');
INSERT INTO county_name(id,name) VALUES (200,'Boyle');
INSERT INTO county_name(id,name) VALUES (201,'Bracken');
INSERT INTO county_name(id,name) VALUES (202,'Bradford');
INSERT INTO county_name(id,name) VALUES (203,'Bradley');
INSERT INTO county_name(id,name) VALUES (204,'Branch');
INSERT INTO county_name(id,name) VALUES (205,'Brantley');
INSERT INTO county_name(id,name) VALUES (206,'Braxton');
INSERT INTO county_name(id,name) VALUES (207,'Brazoria');
INSERT INTO county_name(id,name) VALUES (208,'Brazos');
INSERT INTO county_name(id,name) VALUES (209,'Breathitt');
INSERT INTO county_name(id,name) VALUES (210,'Breckinridge');
INSERT INTO county_name(id,name) VALUES (211,'Bremer');
INSERT INTO county_name(id,name) VALUES (212,'Brevard');
INSERT INTO county_name(id,name) VALUES (213,'Brewster');
INSERT INTO county_name(id,name) VALUES (214,'Briscoe');
INSERT INTO county_name(id,name) VALUES (215,'Bristol Bay Borough');
INSERT INTO county_name(id,name) VALUES (216,'Bristol city');
INSERT INTO county_name(id,name) VALUES (217,'Bristol');
INSERT INTO county_name(id,name) VALUES (218,'Broadwater');
INSERT INTO county_name(id,name) VALUES (219,'Bronx');
INSERT INTO county_name(id,name) VALUES (220,'Brooke');
INSERT INTO county_name(id,name) VALUES (221,'Brookings');
INSERT INTO county_name(id,name) VALUES (222,'Brooks');
INSERT INTO county_name(id,name) VALUES (223,'Broome');
INSERT INTO county_name(id,name) VALUES (224,'Broomfield');
INSERT INTO county_name(id,name) VALUES (225,'Broward');
INSERT INTO county_name(id,name) VALUES (226,'Brown');
INSERT INTO county_name(id,name) VALUES (227,'Brule');
INSERT INTO county_name(id,name) VALUES (228,'Brunswick');
INSERT INTO county_name(id,name) VALUES (229,'Bryan');
INSERT INTO county_name(id,name) VALUES (230,'Buchanan');
INSERT INTO county_name(id,name) VALUES (231,'Buckingham');
INSERT INTO county_name(id,name) VALUES (232,'Bucks');
INSERT INTO county_name(id,name) VALUES (233,'Buena Vista city');
INSERT INTO county_name(id,name) VALUES (234,'Buena Vista');
INSERT INTO county_name(id,name) VALUES (235,'Buffalo');
INSERT INTO county_name(id,name) VALUES (236,'Bullitt');
INSERT INTO county_name(id,name) VALUES (237,'Bulloch');
INSERT INTO county_name(id,name) VALUES (238,'Bullock');
INSERT INTO county_name(id,name) VALUES (239,'Buncombe');
INSERT INTO county_name(id,name) VALUES (240,'Bureau');
INSERT INTO county_name(id,name) VALUES (241,'Burke');
INSERT INTO county_name(id,name) VALUES (242,'Burleigh');
INSERT INTO county_name(id,name) VALUES (243,'Burleson');
INSERT INTO county_name(id,name) VALUES (244,'Burlington');
INSERT INTO county_name(id,name) VALUES (245,'Burnet');
INSERT INTO county_name(id,name) VALUES (246,'Burnett');
INSERT INTO county_name(id,name) VALUES (247,'Burt');
INSERT INTO county_name(id,name) VALUES (248,'Butler');
INSERT INTO county_name(id,name) VALUES (249,'Butte');
INSERT INTO county_name(id,name) VALUES (250,'Butts');
INSERT INTO county_name(id,name) VALUES (251,'Cabarrus');
INSERT INTO county_name(id,name) VALUES (252,'Cabell');
INSERT INTO county_name(id,name) VALUES (253,'Cabo Rojo Municipio');
INSERT INTO county_name(id,name) VALUES (254,'Cache');
INSERT INTO county_name(id,name) VALUES (255,'Caddo');
INSERT INTO county_name(id,name) VALUES (256,'Caddo Parish');
INSERT INTO county_name(id,name) VALUES (257,'Caguas Municipio');
INSERT INTO county_name(id,name) VALUES (258,'Calaveras');
INSERT INTO county_name(id,name) VALUES (259,'Calcasieu Parish');
INSERT INTO county_name(id,name) VALUES (260,'Caldwell');
INSERT INTO county_name(id,name) VALUES (261,'Caldwell Parish');
INSERT INTO county_name(id,name) VALUES (262,'Caledonia');
INSERT INTO county_name(id,name) VALUES (263,'Calhoun');
INSERT INTO county_name(id,name) VALUES (264,'Callahan');
INSERT INTO county_name(id,name) VALUES (265,'Callaway');
INSERT INTO county_name(id,name) VALUES (266,'Calloway');
INSERT INTO county_name(id,name) VALUES (267,'Calumet');
INSERT INTO county_name(id,name) VALUES (268,'Calvert');
INSERT INTO county_name(id,name) VALUES (269,'Camas');
INSERT INTO county_name(id,name) VALUES (270,'Cambria');
INSERT INTO county_name(id,name) VALUES (271,'Camden');
INSERT INTO county_name(id,name) VALUES (272,'Cameron');
INSERT INTO county_name(id,name) VALUES (273,'Cameron Parish');
INSERT INTO county_name(id,name) VALUES (274,'Camp');
INSERT INTO county_name(id,name) VALUES (275,'Campbell');
INSERT INTO county_name(id,name) VALUES (276,'Camuy Municipio');
INSERT INTO county_name(id,name) VALUES (277,'Canadian');
INSERT INTO county_name(id,name) VALUES (278,'Candler');
INSERT INTO county_name(id,name) VALUES (279,'Cannon');
INSERT INTO county_name(id,name) VALUES (280,'Canovanas Municipio');
INSERT INTO county_name(id,name) VALUES (281,'Canyon');
INSERT INTO county_name(id,name) VALUES (282,'Cape Girardeau');
INSERT INTO county_name(id,name) VALUES (283,'Cape May');
INSERT INTO county_name(id,name) VALUES (284,'Carbon');
INSERT INTO county_name(id,name) VALUES (285,'Caribou');
INSERT INTO county_name(id,name) VALUES (286,'Carlisle');
INSERT INTO county_name(id,name) VALUES (287,'Carlton');
INSERT INTO county_name(id,name) VALUES (288,'Carolina Municipio');
INSERT INTO county_name(id,name) VALUES (289,'Caroline');
INSERT INTO county_name(id,name) VALUES (290,'Carroll');
INSERT INTO county_name(id,name) VALUES (291,'Carson City');
INSERT INTO county_name(id,name) VALUES (292,'Carson');
INSERT INTO county_name(id,name) VALUES (293,'Carter');
INSERT INTO county_name(id,name) VALUES (294,'Carteret');
INSERT INTO county_name(id,name) VALUES (295,'Carver');
INSERT INTO county_name(id,name) VALUES (296,'Cascade');
INSERT INTO county_name(id,name) VALUES (297,'Casey');
INSERT INTO county_name(id,name) VALUES (298,'Cass');
INSERT INTO county_name(id,name) VALUES (299,'Cassia');
INSERT INTO county_name(id,name) VALUES (300,'Castro');
INSERT INTO county_name(id,name) VALUES (301,'Caswell');
INSERT INTO county_name(id,name) VALUES (302,'Catahoula Parish');
INSERT INTO county_name(id,name) VALUES (303,'Catano Municipio');
INSERT INTO county_name(id,name) VALUES (304,'Catawba');
INSERT INTO county_name(id,name) VALUES (305,'Catoosa');
INSERT INTO county_name(id,name) VALUES (306,'Catron');
INSERT INTO county_name(id,name) VALUES (307,'Cattaraugus');
INSERT INTO county_name(id,name) VALUES (308,'Cavalier');
INSERT INTO county_name(id,name) VALUES (309,'Cayey Municipio');
INSERT INTO county_name(id,name) VALUES (310,'Cayuga');
INSERT INTO county_name(id,name) VALUES (311,'Cecil');
INSERT INTO county_name(id,name) VALUES (312,'Cedar');
INSERT INTO county_name(id,name) VALUES (313,'Ceiba Municipio');
INSERT INTO county_name(id,name) VALUES (314,'Centre');
INSERT INTO county_name(id,name) VALUES (315,'Cerro Gordo');
INSERT INTO county_name(id,name) VALUES (316,'Chaffee');
INSERT INTO county_name(id,name) VALUES (317,'Chambers');
INSERT INTO county_name(id,name) VALUES (318,'Champaign');
INSERT INTO county_name(id,name) VALUES (319,'Chariton');
INSERT INTO county_name(id,name) VALUES (320,'Charles City');
INSERT INTO county_name(id,name) VALUES (321,'Charles');
INSERT INTO county_name(id,name) VALUES (322,'Charles Mix');
INSERT INTO county_name(id,name) VALUES (323,'Charleston');
INSERT INTO county_name(id,name) VALUES (324,'Charlevoix');
INSERT INTO county_name(id,name) VALUES (325,'Charlotte');
INSERT INTO county_name(id,name) VALUES (326,'Charlottesville city');
INSERT INTO county_name(id,name) VALUES (327,'Charlton');
INSERT INTO county_name(id,name) VALUES (328,'Chase');
INSERT INTO county_name(id,name) VALUES (329,'Chatham');
INSERT INTO county_name(id,name) VALUES (330,'Chattahoochee');
INSERT INTO county_name(id,name) VALUES (331,'Chattooga');
INSERT INTO county_name(id,name) VALUES (332,'Chautauqua');
INSERT INTO county_name(id,name) VALUES (333,'Chaves');
INSERT INTO county_name(id,name) VALUES (334,'Cheatham');
INSERT INTO county_name(id,name) VALUES (335,'Cheboygan');
INSERT INTO county_name(id,name) VALUES (336,'Chelan');
INSERT INTO county_name(id,name) VALUES (337,'Chemung');
INSERT INTO county_name(id,name) VALUES (338,'Chenango');
INSERT INTO county_name(id,name) VALUES (339,'Cherokee');
INSERT INTO county_name(id,name) VALUES (340,'Cherry');
INSERT INTO county_name(id,name) VALUES (341,'Chesapeake city');
INSERT INTO county_name(id,name) VALUES (342,'Cheshire');
INSERT INTO county_name(id,name) VALUES (343,'Chester');
INSERT INTO county_name(id,name) VALUES (344,'Chesterfield');
INSERT INTO county_name(id,name) VALUES (345,'Cheyenne');
INSERT INTO county_name(id,name) VALUES (346,'Chickasaw');
INSERT INTO county_name(id,name) VALUES (347,'Chicot');
INSERT INTO county_name(id,name) VALUES (348,'Childress');
INSERT INTO county_name(id,name) VALUES (349,'Chilton');
INSERT INTO county_name(id,name) VALUES (350,'Chippewa');
INSERT INTO county_name(id,name) VALUES (351,'Chisago');
INSERT INTO county_name(id,name) VALUES (352,'Chittenden');
INSERT INTO county_name(id,name) VALUES (353,'Choctaw');
INSERT INTO county_name(id,name) VALUES (354,'Chouteau');
INSERT INTO county_name(id,name) VALUES (355,'Chowan');
INSERT INTO county_name(id,name) VALUES (356,'Christian');
INSERT INTO county_name(id,name) VALUES (357,'Churchill');
INSERT INTO county_name(id,name) VALUES (358,'Ciales Municipio');
INSERT INTO county_name(id,name) VALUES (359,'Cibola');
INSERT INTO county_name(id,name) VALUES (360,'Cidra Municipio');
INSERT INTO county_name(id,name) VALUES (361,'Cimarron');
INSERT INTO county_name(id,name) VALUES (362,'Citrus');
INSERT INTO county_name(id,name) VALUES (363,'Clackamas');
INSERT INTO county_name(id,name) VALUES (364,'Claiborne');
INSERT INTO county_name(id,name) VALUES (365,'Claiborne Parish');
INSERT INTO county_name(id,name) VALUES (366,'Clallam');
INSERT INTO county_name(id,name) VALUES (367,'Clare');
INSERT INTO county_name(id,name) VALUES (368,'Clarendon');
INSERT INTO county_name(id,name) VALUES (369,'Clarion');
INSERT INTO county_name(id,name) VALUES (370,'Clark');
INSERT INTO county_name(id,name) VALUES (371,'Clarke');
INSERT INTO county_name(id,name) VALUES (372,'Clatsop');
INSERT INTO county_name(id,name) VALUES (373,'Clay');
INSERT INTO county_name(id,name) VALUES (374,'Clayton');
INSERT INTO county_name(id,name) VALUES (375,'Clear Creek');
INSERT INTO county_name(id,name) VALUES (376,'Clearfield');
INSERT INTO county_name(id,name) VALUES (377,'Clearwater');
INSERT INTO county_name(id,name) VALUES (378,'Cleburne');
INSERT INTO county_name(id,name) VALUES (379,'Clermont');
INSERT INTO county_name(id,name) VALUES (380,'Cleveland');
INSERT INTO county_name(id,name) VALUES (381,'Clinch');
INSERT INTO county_name(id,name) VALUES (382,'Clinton');
INSERT INTO county_name(id,name) VALUES (383,'Cloud');
INSERT INTO county_name(id,name) VALUES (384,'Coahoma');
INSERT INTO county_name(id,name) VALUES (385,'Coal');
INSERT INTO county_name(id,name) VALUES (386,'Coamo Municipio');
INSERT INTO county_name(id,name) VALUES (387,'Cobb');
INSERT INTO county_name(id,name) VALUES (388,'Cochise');
INSERT INTO county_name(id,name) VALUES (389,'Cochran');
INSERT INTO county_name(id,name) VALUES (390,'Cocke');
INSERT INTO county_name(id,name) VALUES (391,'Coconino');
INSERT INTO county_name(id,name) VALUES (392,'Codington');
INSERT INTO county_name(id,name) VALUES (393,'Coffee');
INSERT INTO county_name(id,name) VALUES (394,'Coffey');
INSERT INTO county_name(id,name) VALUES (395,'Coke');
INSERT INTO county_name(id,name) VALUES (396,'Colbert');
INSERT INTO county_name(id,name) VALUES (397,'Cole');
INSERT INTO county_name(id,name) VALUES (398,'Coleman');
INSERT INTO county_name(id,name) VALUES (399,'Coles');
INSERT INTO county_name(id,name) VALUES (400,'Colfax');
INSERT INTO county_name(id,name) VALUES (401,'Colleton');
INSERT INTO county_name(id,name) VALUES (402,'Collier');
INSERT INTO county_name(id,name) VALUES (403,'Collin');
INSERT INTO county_name(id,name) VALUES (404,'Collingsworth');
INSERT INTO county_name(id,name) VALUES (405,'Colonial Heights city');
INSERT INTO county_name(id,name) VALUES (406,'Colorado');
INSERT INTO county_name(id,name) VALUES (407,'Colquitt');
INSERT INTO county_name(id,name) VALUES (408,'Columbia');
INSERT INTO county_name(id,name) VALUES (409,'Columbiana');
INSERT INTO county_name(id,name) VALUES (410,'Columbus');
INSERT INTO county_name(id,name) VALUES (411,'Colusa');
INSERT INTO county_name(id,name) VALUES (412,'Comal');
INSERT INTO county_name(id,name) VALUES (413,'Comanche');
INSERT INTO county_name(id,name) VALUES (414,'Comerio Municipio');
INSERT INTO county_name(id,name) VALUES (415,'Concho');
INSERT INTO county_name(id,name) VALUES (416,'Concordia Parish');
INSERT INTO county_name(id,name) VALUES (417,'Conecuh');
INSERT INTO county_name(id,name) VALUES (418,'Conejos');
INSERT INTO county_name(id,name) VALUES (419,'Contra Costa');
INSERT INTO county_name(id,name) VALUES (420,'Converse');
INSERT INTO county_name(id,name) VALUES (421,'Conway');
INSERT INTO county_name(id,name) VALUES (422,'Cook');
INSERT INTO county_name(id,name) VALUES (423,'Cooke');
INSERT INTO county_name(id,name) VALUES (424,'Cooper');
INSERT INTO county_name(id,name) VALUES (425,'Coos');
INSERT INTO county_name(id,name) VALUES (426,'Coosa');
INSERT INTO county_name(id,name) VALUES (427,'Copiah');
INSERT INTO county_name(id,name) VALUES (428,'Corozal Municipio');
INSERT INTO county_name(id,name) VALUES (429,'Corson');
INSERT INTO county_name(id,name) VALUES (430,'Cortland');
INSERT INTO county_name(id,name) VALUES (431,'Coryell');
INSERT INTO county_name(id,name) VALUES (432,'Coshocton');
INSERT INTO county_name(id,name) VALUES (433,'Costilla');
INSERT INTO county_name(id,name) VALUES (434,'Cottle');
INSERT INTO county_name(id,name) VALUES (435,'Cotton');
INSERT INTO county_name(id,name) VALUES (436,'Cottonwood');
INSERT INTO county_name(id,name) VALUES (437,'Covington city');
INSERT INTO county_name(id,name) VALUES (438,'Covington');
INSERT INTO county_name(id,name) VALUES (439,'Coweta');
INSERT INTO county_name(id,name) VALUES (440,'Cowley');
INSERT INTO county_name(id,name) VALUES (441,'Cowlitz');
INSERT INTO county_name(id,name) VALUES (442,'Craig');
INSERT INTO county_name(id,name) VALUES (443,'Craighead');
INSERT INTO county_name(id,name) VALUES (444,'Crane');
INSERT INTO county_name(id,name) VALUES (445,'Craven');
INSERT INTO county_name(id,name) VALUES (446,'Crawford');
INSERT INTO county_name(id,name) VALUES (447,'Creek');
INSERT INTO county_name(id,name) VALUES (448,'Crenshaw');
INSERT INTO county_name(id,name) VALUES (449,'Crisp');
INSERT INTO county_name(id,name) VALUES (450,'Crittenden');
INSERT INTO county_name(id,name) VALUES (451,'Crockett');
INSERT INTO county_name(id,name) VALUES (452,'Crook');
INSERT INTO county_name(id,name) VALUES (453,'Crosby');
INSERT INTO county_name(id,name) VALUES (454,'Cross');
INSERT INTO county_name(id,name) VALUES (455,'Crow Wing');
INSERT INTO county_name(id,name) VALUES (456,'Crowley');
INSERT INTO county_name(id,name) VALUES (457,'Culberson');
INSERT INTO county_name(id,name) VALUES (458,'Culebra Municipio');
INSERT INTO county_name(id,name) VALUES (459,'Cullman');
INSERT INTO county_name(id,name) VALUES (460,'Culpeper');
INSERT INTO county_name(id,name) VALUES (461,'Cumberland');
INSERT INTO county_name(id,name) VALUES (462,'Cuming');
INSERT INTO county_name(id,name) VALUES (463,'Currituck');
INSERT INTO county_name(id,name) VALUES (464,'Curry');
INSERT INTO county_name(id,name) VALUES (465,'Custer');
INSERT INTO county_name(id,name) VALUES (466,'Cuyahoga');
INSERT INTO county_name(id,name) VALUES (467,'Dade');
INSERT INTO county_name(id,name) VALUES (468,'Daggett');
INSERT INTO county_name(id,name) VALUES (469,'Dakota');
INSERT INTO county_name(id,name) VALUES (470,'Dale');
INSERT INTO county_name(id,name) VALUES (471,'Dallam');
INSERT INTO county_name(id,name) VALUES (472,'Dallas');
INSERT INTO county_name(id,name) VALUES (473,'Dane');
INSERT INTO county_name(id,name) VALUES (474,'Daniels');
INSERT INTO county_name(id,name) VALUES (475,'Danville city');
INSERT INTO county_name(id,name) VALUES (476,'Dare');
INSERT INTO county_name(id,name) VALUES (477,'Darke');
INSERT INTO county_name(id,name) VALUES (478,'Darlington');
INSERT INTO county_name(id,name) VALUES (479,'Dauphin');
INSERT INTO county_name(id,name) VALUES (480,'Davidson');
INSERT INTO county_name(id,name) VALUES (481,'Davie');
INSERT INTO county_name(id,name) VALUES (482,'Daviess');
INSERT INTO county_name(id,name) VALUES (483,'Davis');
INSERT INTO county_name(id,name) VALUES (484,'Davison');
INSERT INTO county_name(id,name) VALUES (485,'Dawes');
INSERT INTO county_name(id,name) VALUES (486,'Dawson');
INSERT INTO county_name(id,name) VALUES (487,'Day');
INSERT INTO county_name(id,name) VALUES (488,'De Baca');
INSERT INTO county_name(id,name) VALUES (489,'De Soto Parish');
INSERT INTO county_name(id,name) VALUES (490,'De Witt');
INSERT INTO county_name(id,name) VALUES (491,'Deaf Smith');
INSERT INTO county_name(id,name) VALUES (492,'Dearborn');
INSERT INTO county_name(id,name) VALUES (493,'Decatur');
INSERT INTO county_name(id,name) VALUES (494,'Deer Lodge');
INSERT INTO county_name(id,name) VALUES (495,'Defiance');
INSERT INTO county_name(id,name) VALUES (496,'DeKalb');
INSERT INTO county_name(id,name) VALUES (497,'Del Norte');
INSERT INTO county_name(id,name) VALUES (498,'Delaware');
INSERT INTO county_name(id,name) VALUES (499,'Delta');
INSERT INTO county_name(id,name) VALUES (500,'Denali Borough');
INSERT INTO county_name(id,name) VALUES (501,'Dent');
INSERT INTO county_name(id,name) VALUES (502,'Denton');
INSERT INTO county_name(id,name) VALUES (503,'Denver');
INSERT INTO county_name(id,name) VALUES (504,'Des Moines');
INSERT INTO county_name(id,name) VALUES (505,'Deschutes');
INSERT INTO county_name(id,name) VALUES (506,'Desha');
INSERT INTO county_name(id,name) VALUES (507,'DeSoto');
INSERT INTO county_name(id,name) VALUES (508,'Deuel');
INSERT INTO county_name(id,name) VALUES (509,'Dewey');
INSERT INTO county_name(id,name) VALUES (510,'DeWitt');
INSERT INTO county_name(id,name) VALUES (511,'Dickens');
INSERT INTO county_name(id,name) VALUES (512,'Dickenson');
INSERT INTO county_name(id,name) VALUES (513,'Dickey');
INSERT INTO county_name(id,name) VALUES (514,'Dickinson');
INSERT INTO county_name(id,name) VALUES (515,'Dickson');
INSERT INTO county_name(id,name) VALUES (516,'Dillingham Census Area');
INSERT INTO county_name(id,name) VALUES (517,'Dillon');
INSERT INTO county_name(id,name) VALUES (518,'Dimmit');
INSERT INTO county_name(id,name) VALUES (519,'Dinwiddie');
INSERT INTO county_name(id,name) VALUES (520,'District of Columbia');
INSERT INTO county_name(id,name) VALUES (521,'Divide');
INSERT INTO county_name(id,name) VALUES (522,'Dixie');
INSERT INTO county_name(id,name) VALUES (523,'Dixon');
INSERT INTO county_name(id,name) VALUES (524,'Doddridge');
INSERT INTO county_name(id,name) VALUES (525,'Dodge');
INSERT INTO county_name(id,name) VALUES (526,'Dolores');
INSERT INTO county_name(id,name) VALUES (527,'Dona Ana');
INSERT INTO county_name(id,name) VALUES (528,'Doniphan');
INSERT INTO county_name(id,name) VALUES (529,'Donley');
INSERT INTO county_name(id,name) VALUES (530,'Dooly');
INSERT INTO county_name(id,name) VALUES (531,'Door');
INSERT INTO county_name(id,name) VALUES (532,'Dorado Municipio');
INSERT INTO county_name(id,name) VALUES (533,'Dorchester');
INSERT INTO county_name(id,name) VALUES (534,'Dougherty');
INSERT INTO county_name(id,name) VALUES (535,'Douglas');
INSERT INTO county_name(id,name) VALUES (536,'Drew');
INSERT INTO county_name(id,name) VALUES (537,'Dubois');
INSERT INTO county_name(id,name) VALUES (538,'Dubuque');
INSERT INTO county_name(id,name) VALUES (539,'Duchesne');
INSERT INTO county_name(id,name) VALUES (540,'Dukes');
INSERT INTO county_name(id,name) VALUES (541,'Dundy');
INSERT INTO county_name(id,name) VALUES (542,'Dunklin');
INSERT INTO county_name(id,name) VALUES (543,'Dunn');
INSERT INTO county_name(id,name) VALUES (544,'DuPage');
INSERT INTO county_name(id,name) VALUES (545,'Duplin');
INSERT INTO county_name(id,name) VALUES (546,'Durham');
INSERT INTO county_name(id,name) VALUES (547,'Dutchess');
INSERT INTO county_name(id,name) VALUES (548,'Duval');
INSERT INTO county_name(id,name) VALUES (549,'Dyer');
INSERT INTO county_name(id,name) VALUES (550,'Eagle');
INSERT INTO county_name(id,name) VALUES (551,'Early');
INSERT INTO county_name(id,name) VALUES (552,'East Baton Rouge Parish');
INSERT INTO county_name(id,name) VALUES (553,'East Carroll Parish');
INSERT INTO county_name(id,name) VALUES (554,'East Feliciana Parish');
INSERT INTO county_name(id,name) VALUES (555,'Eastern District');
INSERT INTO county_name(id,name) VALUES (556,'Eastland');
INSERT INTO county_name(id,name) VALUES (557,'Eaton');
INSERT INTO county_name(id,name) VALUES (558,'Eau Claire');
INSERT INTO county_name(id,name) VALUES (559,'Echols');
INSERT INTO county_name(id,name) VALUES (560,'Ector');
INSERT INTO county_name(id,name) VALUES (561,'Eddy');
INSERT INTO county_name(id,name) VALUES (562,'Edgar');
INSERT INTO county_name(id,name) VALUES (563,'Edgecombe');
INSERT INTO county_name(id,name) VALUES (564,'Edgefield');
INSERT INTO county_name(id,name) VALUES (565,'Edmonson');
INSERT INTO county_name(id,name) VALUES (566,'Edmunds');
INSERT INTO county_name(id,name) VALUES (567,'Edwards');
INSERT INTO county_name(id,name) VALUES (568,'Effingham');
INSERT INTO county_name(id,name) VALUES (569,'El Dorado');
INSERT INTO county_name(id,name) VALUES (570,'El Paso');
INSERT INTO county_name(id,name) VALUES (571,'Elbert');
INSERT INTO county_name(id,name) VALUES (572,'Elk');
INSERT INTO county_name(id,name) VALUES (573,'Elkhart');
INSERT INTO county_name(id,name) VALUES (574,'Elko');
INSERT INTO county_name(id,name) VALUES (575,'Elliott');
INSERT INTO county_name(id,name) VALUES (576,'Ellis');
INSERT INTO county_name(id,name) VALUES (577,'Ellsworth');
INSERT INTO county_name(id,name) VALUES (578,'Elmore');
INSERT INTO county_name(id,name) VALUES (579,'Emanuel');
INSERT INTO county_name(id,name) VALUES (580,'Emery');
INSERT INTO county_name(id,name) VALUES (581,'Emmet');
INSERT INTO county_name(id,name) VALUES (582,'Emmons');
INSERT INTO county_name(id,name) VALUES (583,'Emporia city');
INSERT INTO county_name(id,name) VALUES (584,'Erath');
INSERT INTO county_name(id,name) VALUES (585,'Erie');
INSERT INTO county_name(id,name) VALUES (586,'Escambia');
INSERT INTO county_name(id,name) VALUES (587,'Esmeralda');
INSERT INTO county_name(id,name) VALUES (588,'Essex');
INSERT INTO county_name(id,name) VALUES (589,'Estill');
INSERT INTO county_name(id,name) VALUES (590,'Etowah');
INSERT INTO county_name(id,name) VALUES (591,'Eureka');
INSERT INTO county_name(id,name) VALUES (592,'Evangeline Parish');
INSERT INTO county_name(id,name) VALUES (593,'Evans');
INSERT INTO county_name(id,name) VALUES (594,'Fairbanks North Star Borough');
INSERT INTO county_name(id,name) VALUES (595,'Fairfax city');
INSERT INTO county_name(id,name) VALUES (596,'Fairfax');
INSERT INTO county_name(id,name) VALUES (597,'Fairfield');
INSERT INTO county_name(id,name) VALUES (598,'Fajardo Municipio');
INSERT INTO county_name(id,name) VALUES (599,'Fall River');
INSERT INTO county_name(id,name) VALUES (600,'Fallon');
INSERT INTO county_name(id,name) VALUES (601,'Falls Church city');
INSERT INTO county_name(id,name) VALUES (602,'Falls');
INSERT INTO county_name(id,name) VALUES (603,'Fannin');
INSERT INTO county_name(id,name) VALUES (604,'Faribault');
INSERT INTO county_name(id,name) VALUES (605,'Faulk');
INSERT INTO county_name(id,name) VALUES (606,'Faulkner');
INSERT INTO county_name(id,name) VALUES (607,'Fauquier');
INSERT INTO county_name(id,name) VALUES (608,'Fayette');
INSERT INTO county_name(id,name) VALUES (609,'Fentress');
INSERT INTO county_name(id,name) VALUES (610,'Fergus');
INSERT INTO county_name(id,name) VALUES (611,'Ferry');
INSERT INTO county_name(id,name) VALUES (612,'Fillmore');
INSERT INTO county_name(id,name) VALUES (613,'Finney');
INSERT INTO county_name(id,name) VALUES (614,'Fisher');
INSERT INTO county_name(id,name) VALUES (615,'Flagler');
INSERT INTO county_name(id,name) VALUES (616,'Flathead');
INSERT INTO county_name(id,name) VALUES (617,'Fleming');
INSERT INTO county_name(id,name) VALUES (618,'Florence');
INSERT INTO county_name(id,name) VALUES (619,'Florida Municipio');
INSERT INTO county_name(id,name) VALUES (620,'Floyd');
INSERT INTO county_name(id,name) VALUES (621,'Fluvanna');
INSERT INTO county_name(id,name) VALUES (622,'Foard');
INSERT INTO county_name(id,name) VALUES (623,'Fond du Lac');
INSERT INTO county_name(id,name) VALUES (624,'Ford');
INSERT INTO county_name(id,name) VALUES (625,'Forest');
INSERT INTO county_name(id,name) VALUES (626,'Forrest');
INSERT INTO county_name(id,name) VALUES (627,'Forsyth');
INSERT INTO county_name(id,name) VALUES (628,'Fort Bend');
INSERT INTO county_name(id,name) VALUES (629,'Foster');
INSERT INTO county_name(id,name) VALUES (630,'Fountain');
INSERT INTO county_name(id,name) VALUES (631,'Franklin city');
INSERT INTO county_name(id,name) VALUES (632,'Franklin');
INSERT INTO county_name(id,name) VALUES (633,'Franklin Parish');
INSERT INTO county_name(id,name) VALUES (634,'Frederick');
INSERT INTO county_name(id,name) VALUES (635,'Fredericksburg city');
INSERT INTO county_name(id,name) VALUES (636,'Freeborn');
INSERT INTO county_name(id,name) VALUES (637,'Freestone');
INSERT INTO county_name(id,name) VALUES (638,'Fremont');
INSERT INTO county_name(id,name) VALUES (639,'Fresno');
INSERT INTO county_name(id,name) VALUES (640,'Frio');
INSERT INTO county_name(id,name) VALUES (641,'Frontier');
INSERT INTO county_name(id,name) VALUES (642,'Fulton');
INSERT INTO county_name(id,name) VALUES (643,'Furnas');
INSERT INTO county_name(id,name) VALUES (644,'Gadsden');
INSERT INTO county_name(id,name) VALUES (645,'Gage');
INSERT INTO county_name(id,name) VALUES (646,'Gaines');
INSERT INTO county_name(id,name) VALUES (647,'Galax city');
INSERT INTO county_name(id,name) VALUES (648,'Gallatin');
INSERT INTO county_name(id,name) VALUES (649,'Gallia');
INSERT INTO county_name(id,name) VALUES (650,'Galveston');
INSERT INTO county_name(id,name) VALUES (651,'Garden');
INSERT INTO county_name(id,name) VALUES (652,'Garfield');
INSERT INTO county_name(id,name) VALUES (653,'Garland');
INSERT INTO county_name(id,name) VALUES (654,'Garrard');
INSERT INTO county_name(id,name) VALUES (655,'Garrett');
INSERT INTO county_name(id,name) VALUES (656,'Garvin');
INSERT INTO county_name(id,name) VALUES (657,'Garza');
INSERT INTO county_name(id,name) VALUES (658,'Gasconade');
INSERT INTO county_name(id,name) VALUES (659,'Gaston');
INSERT INTO county_name(id,name) VALUES (660,'Gates');
INSERT INTO county_name(id,name) VALUES (661,'Geary');
INSERT INTO county_name(id,name) VALUES (662,'Geauga');
INSERT INTO county_name(id,name) VALUES (663,'Gem');
INSERT INTO county_name(id,name) VALUES (664,'Genesee');
INSERT INTO county_name(id,name) VALUES (665,'Geneva');
INSERT INTO county_name(id,name) VALUES (666,'Gentry');
INSERT INTO county_name(id,name) VALUES (667,'George');
INSERT INTO county_name(id,name) VALUES (668,'Georgetown');
INSERT INTO county_name(id,name) VALUES (669,'Gibson');
INSERT INTO county_name(id,name) VALUES (670,'Gila');
INSERT INTO county_name(id,name) VALUES (671,'Gilchrist');
INSERT INTO county_name(id,name) VALUES (672,'Giles');
INSERT INTO county_name(id,name) VALUES (673,'Gillespie');
INSERT INTO county_name(id,name) VALUES (674,'Gilliam');
INSERT INTO county_name(id,name) VALUES (675,'Gilmer');
INSERT INTO county_name(id,name) VALUES (676,'Gilpin');
INSERT INTO county_name(id,name) VALUES (677,'Glacier');
INSERT INTO county_name(id,name) VALUES (678,'Glades');
INSERT INTO county_name(id,name) VALUES (679,'Gladwin');
INSERT INTO county_name(id,name) VALUES (680,'Glascock');
INSERT INTO county_name(id,name) VALUES (681,'Glasscock');
INSERT INTO county_name(id,name) VALUES (682,'Glenn');
INSERT INTO county_name(id,name) VALUES (683,'Gloucester');
INSERT INTO county_name(id,name) VALUES (684,'Glynn');
INSERT INTO county_name(id,name) VALUES (685,'Gogebic');
INSERT INTO county_name(id,name) VALUES (686,'Golden Valley');
INSERT INTO county_name(id,name) VALUES (687,'Goliad');
INSERT INTO county_name(id,name) VALUES (688,'Gonzales');
INSERT INTO county_name(id,name) VALUES (689,'Goochland');
INSERT INTO county_name(id,name) VALUES (690,'Goodhue');
INSERT INTO county_name(id,name) VALUES (691,'Gooding');
INSERT INTO county_name(id,name) VALUES (692,'Gordon');
INSERT INTO county_name(id,name) VALUES (693,'Goshen');
INSERT INTO county_name(id,name) VALUES (694,'Gosper');
INSERT INTO county_name(id,name) VALUES (695,'Gove');
INSERT INTO county_name(id,name) VALUES (696,'Grady');
INSERT INTO county_name(id,name) VALUES (697,'Grafton');
INSERT INTO county_name(id,name) VALUES (698,'Graham');
INSERT INTO county_name(id,name) VALUES (699,'Grainger');
INSERT INTO county_name(id,name) VALUES (700,'Grand');
INSERT INTO county_name(id,name) VALUES (701,'Grand Forks');
INSERT INTO county_name(id,name) VALUES (702,'Grand Isle');
INSERT INTO county_name(id,name) VALUES (703,'Grand Traverse');
INSERT INTO county_name(id,name) VALUES (704,'Granite');
INSERT INTO county_name(id,name) VALUES (705,'Grant');
INSERT INTO county_name(id,name) VALUES (706,'Grant Parish');
INSERT INTO county_name(id,name) VALUES (707,'Granville');
INSERT INTO county_name(id,name) VALUES (708,'Gratiot');
INSERT INTO county_name(id,name) VALUES (709,'Graves');
INSERT INTO county_name(id,name) VALUES (710,'Gray');
INSERT INTO county_name(id,name) VALUES (711,'Grays Harbor');
INSERT INTO county_name(id,name) VALUES (712,'Grayson');
INSERT INTO county_name(id,name) VALUES (713,'Greeley');
INSERT INTO county_name(id,name) VALUES (714,'Green');
INSERT INTO county_name(id,name) VALUES (715,'Green Lake');
INSERT INTO county_name(id,name) VALUES (716,'Greenbrier');
INSERT INTO county_name(id,name) VALUES (717,'Greene');
INSERT INTO county_name(id,name) VALUES (718,'Greenlee');
INSERT INTO county_name(id,name) VALUES (719,'Greensville');
INSERT INTO county_name(id,name) VALUES (720,'Greenup');
INSERT INTO county_name(id,name) VALUES (721,'Greenville');
INSERT INTO county_name(id,name) VALUES (722,'Greenwood');
INSERT INTO county_name(id,name) VALUES (723,'Greer');
INSERT INTO county_name(id,name) VALUES (724,'Gregg');
INSERT INTO county_name(id,name) VALUES (725,'Gregory');
INSERT INTO county_name(id,name) VALUES (726,'Grenada');
INSERT INTO county_name(id,name) VALUES (727,'Griggs');
INSERT INTO county_name(id,name) VALUES (728,'Grimes');
INSERT INTO county_name(id,name) VALUES (729,'Grundy');
INSERT INTO county_name(id,name) VALUES (730,'Guadalupe');
INSERT INTO county_name(id,name) VALUES (731,'Guam');
INSERT INTO county_name(id,name) VALUES (732,'Guanica Municipio');
INSERT INTO county_name(id,name) VALUES (733,'Guayama Municipio');
INSERT INTO county_name(id,name) VALUES (734,'Guayanilla Municipio');
INSERT INTO county_name(id,name) VALUES (735,'Guaynabo Municipio');
INSERT INTO county_name(id,name) VALUES (736,'Guernsey');
INSERT INTO county_name(id,name) VALUES (737,'Guilford');
INSERT INTO county_name(id,name) VALUES (738,'Gulf');
INSERT INTO county_name(id,name) VALUES (739,'Gunnison');
INSERT INTO county_name(id,name) VALUES (740,'Gurabo Municipio');
INSERT INTO county_name(id,name) VALUES (741,'Guthrie');
INSERT INTO county_name(id,name) VALUES (742,'Gwinnett');
INSERT INTO county_name(id,name) VALUES (743,'Haakon');
INSERT INTO county_name(id,name) VALUES (744,'Habersham');
INSERT INTO county_name(id,name) VALUES (745,'Haines Borough');
INSERT INTO county_name(id,name) VALUES (746,'Hale');
INSERT INTO county_name(id,name) VALUES (747,'Halifax');
INSERT INTO county_name(id,name) VALUES (748,'Hall');
INSERT INTO county_name(id,name) VALUES (749,'Hamblen');
INSERT INTO county_name(id,name) VALUES (750,'Hamilton');
INSERT INTO county_name(id,name) VALUES (751,'Hamlin');
INSERT INTO county_name(id,name) VALUES (752,'Hampden');
INSERT INTO county_name(id,name) VALUES (753,'Hampshire');
INSERT INTO county_name(id,name) VALUES (754,'Hampton city');
INSERT INTO county_name(id,name) VALUES (755,'Hampton');
INSERT INTO county_name(id,name) VALUES (756,'Hancock');
INSERT INTO county_name(id,name) VALUES (757,'Hand');
INSERT INTO county_name(id,name) VALUES (758,'Hanover');
INSERT INTO county_name(id,name) VALUES (759,'Hansford');
INSERT INTO county_name(id,name) VALUES (760,'Hanson');
INSERT INTO county_name(id,name) VALUES (761,'Haralson');
INSERT INTO county_name(id,name) VALUES (762,'Hardee');
INSERT INTO county_name(id,name) VALUES (763,'Hardeman');
INSERT INTO county_name(id,name) VALUES (764,'Hardin');
INSERT INTO county_name(id,name) VALUES (765,'Harding');
INSERT INTO county_name(id,name) VALUES (766,'Hardy');
INSERT INTO county_name(id,name) VALUES (767,'Harford');
INSERT INTO county_name(id,name) VALUES (768,'Harlan');
INSERT INTO county_name(id,name) VALUES (769,'Harmon');
INSERT INTO county_name(id,name) VALUES (770,'Harnett');
INSERT INTO county_name(id,name) VALUES (771,'Harney');
INSERT INTO county_name(id,name) VALUES (772,'Harper');
INSERT INTO county_name(id,name) VALUES (773,'Harris');
INSERT INTO county_name(id,name) VALUES (774,'Harrison');
INSERT INTO county_name(id,name) VALUES (775,'Harrisonburg city');
INSERT INTO county_name(id,name) VALUES (776,'Hart');
INSERT INTO county_name(id,name) VALUES (777,'Hartford');
INSERT INTO county_name(id,name) VALUES (778,'Hartley');
INSERT INTO county_name(id,name) VALUES (779,'Harvey');
INSERT INTO county_name(id,name) VALUES (780,'Haskell');
INSERT INTO county_name(id,name) VALUES (781,'Hatillo Municipio');
INSERT INTO county_name(id,name) VALUES (782,'Hawaii');
INSERT INTO county_name(id,name) VALUES (783,'Hawkins');
INSERT INTO county_name(id,name) VALUES (784,'Hayes');
INSERT INTO county_name(id,name) VALUES (785,'Hays');
INSERT INTO county_name(id,name) VALUES (786,'Haywood');
INSERT INTO county_name(id,name) VALUES (787,'Heard');
INSERT INTO county_name(id,name) VALUES (788,'Hemphill');
INSERT INTO county_name(id,name) VALUES (789,'Hempstead');
INSERT INTO county_name(id,name) VALUES (790,'Henderson');
INSERT INTO county_name(id,name) VALUES (791,'Hendricks');
INSERT INTO county_name(id,name) VALUES (792,'Hendry');
INSERT INTO county_name(id,name) VALUES (793,'Hennepin');
INSERT INTO county_name(id,name) VALUES (794,'Henrico');
INSERT INTO county_name(id,name) VALUES (795,'Henry');
INSERT INTO county_name(id,name) VALUES (796,'Herkimer');
INSERT INTO county_name(id,name) VALUES (797,'Hernando');
INSERT INTO county_name(id,name) VALUES (798,'Hertford');
INSERT INTO county_name(id,name) VALUES (799,'Hettinger');
INSERT INTO county_name(id,name) VALUES (800,'Hickman');
INSERT INTO county_name(id,name) VALUES (801,'Hickory');
INSERT INTO county_name(id,name) VALUES (802,'Hidalgo');
INSERT INTO county_name(id,name) VALUES (803,'Highland');
INSERT INTO county_name(id,name) VALUES (804,'Highlands');
INSERT INTO county_name(id,name) VALUES (805,'Hill');
INSERT INTO county_name(id,name) VALUES (806,'Hillsborough');
INSERT INTO county_name(id,name) VALUES (807,'Hillsdale');
INSERT INTO county_name(id,name) VALUES (808,'Hinds');
INSERT INTO county_name(id,name) VALUES (809,'Hinsdale');
INSERT INTO county_name(id,name) VALUES (810,'Hitchcock');
INSERT INTO county_name(id,name) VALUES (811,'Hocking');
INSERT INTO county_name(id,name) VALUES (812,'Hockley');
INSERT INTO county_name(id,name) VALUES (813,'Hodgeman');
INSERT INTO county_name(id,name) VALUES (814,'Hoke');
INSERT INTO county_name(id,name) VALUES (815,'Holmes');
INSERT INTO county_name(id,name) VALUES (816,'Holt');
INSERT INTO county_name(id,name) VALUES (817,'Honolulu');
INSERT INTO county_name(id,name) VALUES (818,'Hood');
INSERT INTO county_name(id,name) VALUES (819,'Hood River');
INSERT INTO county_name(id,name) VALUES (820,'Hooker');
INSERT INTO county_name(id,name) VALUES (821,'Hoonah-Angoon Census Area');
INSERT INTO county_name(id,name) VALUES (822,'Hopewell city');
INSERT INTO county_name(id,name) VALUES (823,'Hopkins');
INSERT INTO county_name(id,name) VALUES (824,'Hormigueros Municipio');
INSERT INTO county_name(id,name) VALUES (825,'Horry');
INSERT INTO county_name(id,name) VALUES (826,'Hot Spring');
INSERT INTO county_name(id,name) VALUES (827,'Hot Springs');
INSERT INTO county_name(id,name) VALUES (828,'Houghton');
INSERT INTO county_name(id,name) VALUES (829,'Houston');
INSERT INTO county_name(id,name) VALUES (830,'Howard');
INSERT INTO county_name(id,name) VALUES (831,'Howell');
INSERT INTO county_name(id,name) VALUES (832,'Hubbard');
INSERT INTO county_name(id,name) VALUES (833,'Hudson');
INSERT INTO county_name(id,name) VALUES (834,'Hudspeth');
INSERT INTO county_name(id,name) VALUES (835,'Huerfano');
INSERT INTO county_name(id,name) VALUES (836,'Hughes');
INSERT INTO county_name(id,name) VALUES (837,'Humacao Municipio');
INSERT INTO county_name(id,name) VALUES (838,'Humboldt');
INSERT INTO county_name(id,name) VALUES (839,'Humphreys');
INSERT INTO county_name(id,name) VALUES (840,'Hunt');
INSERT INTO county_name(id,name) VALUES (841,'Hunterdon');
INSERT INTO county_name(id,name) VALUES (842,'Huntingdon');
INSERT INTO county_name(id,name) VALUES (843,'Huntington');
INSERT INTO county_name(id,name) VALUES (844,'Huron');
INSERT INTO county_name(id,name) VALUES (845,'Hutchinson');
INSERT INTO county_name(id,name) VALUES (846,'Hyde');
INSERT INTO county_name(id,name) VALUES (847,'Iberia Parish');
INSERT INTO county_name(id,name) VALUES (848,'Iberville Parish');
INSERT INTO county_name(id,name) VALUES (849,'Ida');
INSERT INTO county_name(id,name) VALUES (850,'Idaho');
INSERT INTO county_name(id,name) VALUES (851,'Imperial');
INSERT INTO county_name(id,name) VALUES (852,'Independence');
INSERT INTO county_name(id,name) VALUES (853,'Indian River');
INSERT INTO county_name(id,name) VALUES (854,'Indiana');
INSERT INTO county_name(id,name) VALUES (855,'Ingham');
INSERT INTO county_name(id,name) VALUES (856,'Inyo');
INSERT INTO county_name(id,name) VALUES (857,'Ionia');
INSERT INTO county_name(id,name) VALUES (858,'Iosco');
INSERT INTO county_name(id,name) VALUES (859,'Iowa');
INSERT INTO county_name(id,name) VALUES (860,'Iredell');
INSERT INTO county_name(id,name) VALUES (861,'Irion');
INSERT INTO county_name(id,name) VALUES (862,'Iron');
INSERT INTO county_name(id,name) VALUES (863,'Iroquois');
INSERT INTO county_name(id,name) VALUES (864,'Irwin');
INSERT INTO county_name(id,name) VALUES (865,'Isabela Municipio');
INSERT INTO county_name(id,name) VALUES (866,'Isabella');
INSERT INTO county_name(id,name) VALUES (867,'Isanti');
INSERT INTO county_name(id,name) VALUES (868,'Island');
INSERT INTO county_name(id,name) VALUES (869,'Isle of Wight');
INSERT INTO county_name(id,name) VALUES (870,'Issaquena');
INSERT INTO county_name(id,name) VALUES (871,'Itasca');
INSERT INTO county_name(id,name) VALUES (872,'Itawamba');
INSERT INTO county_name(id,name) VALUES (873,'Izard');
INSERT INTO county_name(id,name) VALUES (874,'Jack');
INSERT INTO county_name(id,name) VALUES (875,'Jackson');
INSERT INTO county_name(id,name) VALUES (876,'Jackson Parish');
INSERT INTO county_name(id,name) VALUES (877,'James City');
INSERT INTO county_name(id,name) VALUES (878,'Jasper');
INSERT INTO county_name(id,name) VALUES (879,'Jay');
INSERT INTO county_name(id,name) VALUES (880,'Jayuya Municipio');
INSERT INTO county_name(id,name) VALUES (881,'Jeff Davis');
INSERT INTO county_name(id,name) VALUES (882,'Jefferson');
INSERT INTO county_name(id,name) VALUES (883,'Jefferson Davis');
INSERT INTO county_name(id,name) VALUES (884,'Jefferson Davis Parish');
INSERT INTO county_name(id,name) VALUES (885,'Jefferson Parish');
INSERT INTO county_name(id,name) VALUES (886,'Jenkins');
INSERT INTO county_name(id,name) VALUES (887,'Jennings');
INSERT INTO county_name(id,name) VALUES (888,'Jerauld');
INSERT INTO county_name(id,name) VALUES (889,'Jerome');
INSERT INTO county_name(id,name) VALUES (890,'Jersey');
INSERT INTO county_name(id,name) VALUES (891,'Jessamine');
INSERT INTO county_name(id,name) VALUES (892,'Jewell');
INSERT INTO county_name(id,name) VALUES (893,'Jim Hogg');
INSERT INTO county_name(id,name) VALUES (894,'Jim Wells');
INSERT INTO county_name(id,name) VALUES (895,'Jo Daviess');
INSERT INTO county_name(id,name) VALUES (896,'Johnson');
INSERT INTO county_name(id,name) VALUES (897,'Johnston');
INSERT INTO county_name(id,name) VALUES (898,'Jones');
INSERT INTO county_name(id,name) VALUES (899,'Josephine');
INSERT INTO county_name(id,name) VALUES (900,'Juab');
INSERT INTO county_name(id,name) VALUES (901,'Juana Diaz Municipio');
INSERT INTO county_name(id,name) VALUES (902,'Judith Basin');
INSERT INTO county_name(id,name) VALUES (903,'Juncos Municipio');
INSERT INTO county_name(id,name) VALUES (904,'Juneau City and Borough');
INSERT INTO county_name(id,name) VALUES (905,'Juneau');
INSERT INTO county_name(id,name) VALUES (906,'Juniata');
INSERT INTO county_name(id,name) VALUES (907,'Kalamazoo');
INSERT INTO county_name(id,name) VALUES (908,'Kalawao');
INSERT INTO county_name(id,name) VALUES (909,'Kalkaska');
INSERT INTO county_name(id,name) VALUES (910,'Kanabec');
INSERT INTO county_name(id,name) VALUES (911,'Kanawha');
INSERT INTO county_name(id,name) VALUES (912,'Kandiyohi');
INSERT INTO county_name(id,name) VALUES (913,'Kane');
INSERT INTO county_name(id,name) VALUES (914,'Kankakee');
INSERT INTO county_name(id,name) VALUES (915,'Karnes');
INSERT INTO county_name(id,name) VALUES (916,'Kauai');
INSERT INTO county_name(id,name) VALUES (917,'Kaufman');
INSERT INTO county_name(id,name) VALUES (918,'Kay');
INSERT INTO county_name(id,name) VALUES (919,'Kearney');
INSERT INTO county_name(id,name) VALUES (920,'Kearny');
INSERT INTO county_name(id,name) VALUES (921,'Keith');
INSERT INTO county_name(id,name) VALUES (922,'Kemper');
INSERT INTO county_name(id,name) VALUES (923,'Kenai Peninsula Borough');
INSERT INTO county_name(id,name) VALUES (924,'Kendall');
INSERT INTO county_name(id,name) VALUES (925,'Kenedy');
INSERT INTO county_name(id,name) VALUES (926,'Kennebec');
INSERT INTO county_name(id,name) VALUES (927,'Kenosha');
INSERT INTO county_name(id,name) VALUES (928,'Kent');
INSERT INTO county_name(id,name) VALUES (929,'Kenton');
INSERT INTO county_name(id,name) VALUES (930,'Keokuk');
INSERT INTO county_name(id,name) VALUES (931,'Kern');
INSERT INTO county_name(id,name) VALUES (932,'Kerr');
INSERT INTO county_name(id,name) VALUES (933,'Kershaw');
INSERT INTO county_name(id,name) VALUES (934,'Ketchikan Gateway Borough');
INSERT INTO county_name(id,name) VALUES (935,'Kewaunee');
INSERT INTO county_name(id,name) VALUES (936,'Keweenaw');
INSERT INTO county_name(id,name) VALUES (937,'Keya Paha');
INSERT INTO county_name(id,name) VALUES (938,'Kidder');
INSERT INTO county_name(id,name) VALUES (939,'Kimball');
INSERT INTO county_name(id,name) VALUES (940,'Kimble');
INSERT INTO county_name(id,name) VALUES (941,'King and Queen');
INSERT INTO county_name(id,name) VALUES (942,'King');
INSERT INTO county_name(id,name) VALUES (943,'King George');
INSERT INTO county_name(id,name) VALUES (944,'King William');
INSERT INTO county_name(id,name) VALUES (945,'Kingfisher');
INSERT INTO county_name(id,name) VALUES (946,'Kingman');
INSERT INTO county_name(id,name) VALUES (947,'Kings');
INSERT INTO county_name(id,name) VALUES (948,'Kingsbury');
INSERT INTO county_name(id,name) VALUES (949,'Kinney');
INSERT INTO county_name(id,name) VALUES (950,'Kiowa');
INSERT INTO county_name(id,name) VALUES (951,'Kit Carson');
INSERT INTO county_name(id,name) VALUES (952,'Kitsap');
INSERT INTO county_name(id,name) VALUES (953,'Kittitas');
INSERT INTO county_name(id,name) VALUES (954,'Kittson');
INSERT INTO county_name(id,name) VALUES (955,'Klamath');
INSERT INTO county_name(id,name) VALUES (956,'Kleberg');
INSERT INTO county_name(id,name) VALUES (957,'Klickitat');
INSERT INTO county_name(id,name) VALUES (958,'Knott');
INSERT INTO county_name(id,name) VALUES (959,'Knox');
INSERT INTO county_name(id,name) VALUES (960,'Kodiak Island Borough');
INSERT INTO county_name(id,name) VALUES (961,'Koochiching');
INSERT INTO county_name(id,name) VALUES (962,'Kootenai');
INSERT INTO county_name(id,name) VALUES (963,'Kosciusko');
INSERT INTO county_name(id,name) VALUES (964,'Kossuth');
INSERT INTO county_name(id,name) VALUES (965,'La Crosse');
INSERT INTO county_name(id,name) VALUES (966,'La Paz');
INSERT INTO county_name(id,name) VALUES (967,'La Plata');
INSERT INTO county_name(id,name) VALUES (968,'La Salle');
INSERT INTO county_name(id,name) VALUES (969,'La Salle Parish');
INSERT INTO county_name(id,name) VALUES (970,'Labette');
INSERT INTO county_name(id,name) VALUES (971,'Lac qui Parle');
INSERT INTO county_name(id,name) VALUES (972,'Lackawanna');
INSERT INTO county_name(id,name) VALUES (973,'Laclede');
INSERT INTO county_name(id,name) VALUES (974,'Lafayette');
INSERT INTO county_name(id,name) VALUES (975,'Lafayette Parish');
INSERT INTO county_name(id,name) VALUES (976,'Lafourche Parish');
INSERT INTO county_name(id,name) VALUES (977,'LaGrange');
INSERT INTO county_name(id,name) VALUES (978,'Lajas Municipio');
INSERT INTO county_name(id,name) VALUES (979,'Lake and Peninsula Borough');
INSERT INTO county_name(id,name) VALUES (980,'Lake');
INSERT INTO county_name(id,name) VALUES (981,'Lake of the Woods');
INSERT INTO county_name(id,name) VALUES (982,'Lamar');
INSERT INTO county_name(id,name) VALUES (983,'Lamb');
INSERT INTO county_name(id,name) VALUES (984,'Lamoille');
INSERT INTO county_name(id,name) VALUES (985,'LaMoure');
INSERT INTO county_name(id,name) VALUES (986,'Lampasas');
INSERT INTO county_name(id,name) VALUES (987,'Lancaster');
INSERT INTO county_name(id,name) VALUES (988,'Lander');
INSERT INTO county_name(id,name) VALUES (989,'Lane');
INSERT INTO county_name(id,name) VALUES (990,'Langlade');
INSERT INTO county_name(id,name) VALUES (991,'Lanier');
INSERT INTO county_name(id,name) VALUES (992,'Lapeer');
INSERT INTO county_name(id,name) VALUES (993,'LaPorte');
INSERT INTO county_name(id,name) VALUES (994,'Laramie');
INSERT INTO county_name(id,name) VALUES (995,'Lares Municipio');
INSERT INTO county_name(id,name) VALUES (996,'Larimer');
INSERT INTO county_name(id,name) VALUES (997,'Larue');
INSERT INTO county_name(id,name) VALUES (998,'Las Animas');
INSERT INTO county_name(id,name) VALUES (999,'Las Marias Municipio');
INSERT INTO county_name(id,name) VALUES (1000,'Las Piedras Municipio');
INSERT INTO county_name(id,name) VALUES (1001,'LaSalle');
INSERT INTO county_name(id,name) VALUES (1002,'Lassen');
INSERT INTO county_name(id,name) VALUES (1003,'Latah');
INSERT INTO county_name(id,name) VALUES (1004,'Latimer');
INSERT INTO county_name(id,name) VALUES (1005,'Lauderdale');
INSERT INTO county_name(id,name) VALUES (1006,'Laurel');
INSERT INTO county_name(id,name) VALUES (1007,'Laurens');
INSERT INTO county_name(id,name) VALUES (1008,'Lavaca');
INSERT INTO county_name(id,name) VALUES (1009,'Lawrence');
INSERT INTO county_name(id,name) VALUES (1010,'Le Flore');
INSERT INTO county_name(id,name) VALUES (1011,'Le Sueur');
INSERT INTO county_name(id,name) VALUES (1012,'Lea');
INSERT INTO county_name(id,name) VALUES (1013,'Leake');
INSERT INTO county_name(id,name) VALUES (1014,'Leavenworth');
INSERT INTO county_name(id,name) VALUES (1015,'Lebanon');
INSERT INTO county_name(id,name) VALUES (1016,'Lee');
INSERT INTO county_name(id,name) VALUES (1017,'Leelanau');
INSERT INTO county_name(id,name) VALUES (1018,'Leflore');
INSERT INTO county_name(id,name) VALUES (1019,'Lehigh');
INSERT INTO county_name(id,name) VALUES (1020,'Lemhi');
INSERT INTO county_name(id,name) VALUES (1021,'Lenawee');
INSERT INTO county_name(id,name) VALUES (1022,'Lenoir');
INSERT INTO county_name(id,name) VALUES (1023,'Leon');
INSERT INTO county_name(id,name) VALUES (1024,'Leslie');
INSERT INTO county_name(id,name) VALUES (1025,'Letcher');
INSERT INTO county_name(id,name) VALUES (1026,'Levy');
INSERT INTO county_name(id,name) VALUES (1027,'Lewis and Clark');
INSERT INTO county_name(id,name) VALUES (1028,'Lewis');
INSERT INTO county_name(id,name) VALUES (1029,'Lexington city');
INSERT INTO county_name(id,name) VALUES (1030,'Lexington');
INSERT INTO county_name(id,name) VALUES (1031,'Liberty');
INSERT INTO county_name(id,name) VALUES (1032,'Licking');
INSERT INTO county_name(id,name) VALUES (1033,'Limestone');
INSERT INTO county_name(id,name) VALUES (1034,'Lincoln');
INSERT INTO county_name(id,name) VALUES (1035,'Lincoln Parish');
INSERT INTO county_name(id,name) VALUES (1036,'Linn');
INSERT INTO county_name(id,name) VALUES (1037,'Lipscomb');
INSERT INTO county_name(id,name) VALUES (1038,'Litchfield');
INSERT INTO county_name(id,name) VALUES (1039,'Little River');
INSERT INTO county_name(id,name) VALUES (1040,'Live Oak');
INSERT INTO county_name(id,name) VALUES (1041,'Livingston');
INSERT INTO county_name(id,name) VALUES (1042,'Livingston Parish');
INSERT INTO county_name(id,name) VALUES (1043,'Llano');
INSERT INTO county_name(id,name) VALUES (1044,'Logan');
INSERT INTO county_name(id,name) VALUES (1045,'Loiza Municipio');
INSERT INTO county_name(id,name) VALUES (1046,'Long');
INSERT INTO county_name(id,name) VALUES (1047,'Lonoke');
INSERT INTO county_name(id,name) VALUES (1048,'Lorain');
INSERT INTO county_name(id,name) VALUES (1049,'Los Alamos');
INSERT INTO county_name(id,name) VALUES (1050,'Los Angeles');
INSERT INTO county_name(id,name) VALUES (1051,'Loudon');
INSERT INTO county_name(id,name) VALUES (1052,'Loudoun');
INSERT INTO county_name(id,name) VALUES (1053,'Louisa');
INSERT INTO county_name(id,name) VALUES (1054,'Loup');
INSERT INTO county_name(id,name) VALUES (1055,'Love');
INSERT INTO county_name(id,name) VALUES (1056,'Loving');
INSERT INTO county_name(id,name) VALUES (1057,'Lowndes');
INSERT INTO county_name(id,name) VALUES (1058,'Lubbock');
INSERT INTO county_name(id,name) VALUES (1059,'Lucas');
INSERT INTO county_name(id,name) VALUES (1060,'Luce');
INSERT INTO county_name(id,name) VALUES (1061,'Lumpkin');
INSERT INTO county_name(id,name) VALUES (1062,'Luna');
INSERT INTO county_name(id,name) VALUES (1063,'Lunenburg');
INSERT INTO county_name(id,name) VALUES (1064,'Luquillo Municipio');
INSERT INTO county_name(id,name) VALUES (1065,'Luzerne');
INSERT INTO county_name(id,name) VALUES (1066,'Lycoming');
INSERT INTO county_name(id,name) VALUES (1067,'Lyman');
INSERT INTO county_name(id,name) VALUES (1068,'Lynchburg city');
INSERT INTO county_name(id,name) VALUES (1069,'Lynn');
INSERT INTO county_name(id,name) VALUES (1070,'Lyon');
INSERT INTO county_name(id,name) VALUES (1071,'Mackinac');
INSERT INTO county_name(id,name) VALUES (1072,'Macomb');
INSERT INTO county_name(id,name) VALUES (1073,'Macon');
INSERT INTO county_name(id,name) VALUES (1074,'Macoupin');
INSERT INTO county_name(id,name) VALUES (1075,'Madera');
INSERT INTO county_name(id,name) VALUES (1076,'Madison');
INSERT INTO county_name(id,name) VALUES (1077,'Madison Parish');
INSERT INTO county_name(id,name) VALUES (1078,'Magoffin');
INSERT INTO county_name(id,name) VALUES (1079,'Mahaska');
INSERT INTO county_name(id,name) VALUES (1080,'Mahnomen');
INSERT INTO county_name(id,name) VALUES (1081,'Mahoning');
INSERT INTO county_name(id,name) VALUES (1082,'Major');
INSERT INTO county_name(id,name) VALUES (1083,'Malheur');
INSERT INTO county_name(id,name) VALUES (1084,'Manassas city');
INSERT INTO county_name(id,name) VALUES (1085,'Manassas Park city');
INSERT INTO county_name(id,name) VALUES (1086,'Manatee');
INSERT INTO county_name(id,name) VALUES (1087,'Manati Municipio');
INSERT INTO county_name(id,name) VALUES (1088,'Manistee');
INSERT INTO county_name(id,name) VALUES (1089,'Manitowoc');
INSERT INTO county_name(id,name) VALUES (1090,'Manu''a District');
INSERT INTO county_name(id,name) VALUES (1091,'Marathon');
INSERT INTO county_name(id,name) VALUES (1092,'Marengo');
INSERT INTO county_name(id,name) VALUES (1093,'Maricao Municipio');
INSERT INTO county_name(id,name) VALUES (1094,'Maricopa');
INSERT INTO county_name(id,name) VALUES (1095,'Maries');
INSERT INTO county_name(id,name) VALUES (1096,'Marin');
INSERT INTO county_name(id,name) VALUES (1097,'Marinette');
INSERT INTO county_name(id,name) VALUES (1098,'Marion');
INSERT INTO county_name(id,name) VALUES (1099,'Mariposa');
INSERT INTO county_name(id,name) VALUES (1100,'Marlboro');
INSERT INTO county_name(id,name) VALUES (1101,'Marquette');
INSERT INTO county_name(id,name) VALUES (1102,'Marshall');
INSERT INTO county_name(id,name) VALUES (1103,'Martin');
INSERT INTO county_name(id,name) VALUES (1104,'Martinsville city');
INSERT INTO county_name(id,name) VALUES (1105,'Mason');
INSERT INTO county_name(id,name) VALUES (1106,'Massac');
INSERT INTO county_name(id,name) VALUES (1107,'Matagorda');
INSERT INTO county_name(id,name) VALUES (1108,'Matanuska-Susitna Borough');
INSERT INTO county_name(id,name) VALUES (1109,'Mathews');
INSERT INTO county_name(id,name) VALUES (1110,'Maui');
INSERT INTO county_name(id,name) VALUES (1111,'Maunabo Municipio');
INSERT INTO county_name(id,name) VALUES (1112,'Maury');
INSERT INTO county_name(id,name) VALUES (1113,'Maverick');
INSERT INTO county_name(id,name) VALUES (1114,'Mayaguez Municipio');
INSERT INTO county_name(id,name) VALUES (1115,'Mayes');
INSERT INTO county_name(id,name) VALUES (1116,'McClain');
INSERT INTO county_name(id,name) VALUES (1117,'McCone');
INSERT INTO county_name(id,name) VALUES (1118,'McCook');
INSERT INTO county_name(id,name) VALUES (1119,'McCormick');
INSERT INTO county_name(id,name) VALUES (1120,'McCracken');
INSERT INTO county_name(id,name) VALUES (1121,'McCreary');
INSERT INTO county_name(id,name) VALUES (1122,'McCulloch');
INSERT INTO county_name(id,name) VALUES (1123,'McCurtain');
INSERT INTO county_name(id,name) VALUES (1124,'McDonald');
INSERT INTO county_name(id,name) VALUES (1125,'McDonough');
INSERT INTO county_name(id,name) VALUES (1126,'McDowell');
INSERT INTO county_name(id,name) VALUES (1127,'McDuffie');
INSERT INTO county_name(id,name) VALUES (1128,'McHenry');
INSERT INTO county_name(id,name) VALUES (1129,'McIntosh');
INSERT INTO county_name(id,name) VALUES (1130,'McKean');
INSERT INTO county_name(id,name) VALUES (1131,'McKenzie');
INSERT INTO county_name(id,name) VALUES (1132,'McKinley');
INSERT INTO county_name(id,name) VALUES (1133,'McLean');
INSERT INTO county_name(id,name) VALUES (1134,'McLennan');
INSERT INTO county_name(id,name) VALUES (1135,'McLeod');
INSERT INTO county_name(id,name) VALUES (1136,'McMinn');
INSERT INTO county_name(id,name) VALUES (1137,'McMullen');
INSERT INTO county_name(id,name) VALUES (1138,'McNairy');
INSERT INTO county_name(id,name) VALUES (1139,'McPherson');
INSERT INTO county_name(id,name) VALUES (1140,'Meade');
INSERT INTO county_name(id,name) VALUES (1141,'Meagher');
INSERT INTO county_name(id,name) VALUES (1142,'Mecklenburg');
INSERT INTO county_name(id,name) VALUES (1143,'Mecosta');
INSERT INTO county_name(id,name) VALUES (1144,'Medina');
INSERT INTO county_name(id,name) VALUES (1145,'Meeker');
INSERT INTO county_name(id,name) VALUES (1146,'Meigs');
INSERT INTO county_name(id,name) VALUES (1147,'Mellette');
INSERT INTO county_name(id,name) VALUES (1148,'Menard');
INSERT INTO county_name(id,name) VALUES (1149,'Mendocino');
INSERT INTO county_name(id,name) VALUES (1150,'Menifee');
INSERT INTO county_name(id,name) VALUES (1151,'Menominee');
INSERT INTO county_name(id,name) VALUES (1152,'Merced');
INSERT INTO county_name(id,name) VALUES (1153,'Mercer');
INSERT INTO county_name(id,name) VALUES (1154,'Meriwether');
INSERT INTO county_name(id,name) VALUES (1155,'Merrick');
INSERT INTO county_name(id,name) VALUES (1156,'Merrimack');
INSERT INTO county_name(id,name) VALUES (1157,'Mesa');
INSERT INTO county_name(id,name) VALUES (1158,'Metcalfe');
INSERT INTO county_name(id,name) VALUES (1159,'Miami');
INSERT INTO county_name(id,name) VALUES (1160,'Miami-Dade');
INSERT INTO county_name(id,name) VALUES (1161,'Middlesex');
INSERT INTO county_name(id,name) VALUES (1162,'Midland');
INSERT INTO county_name(id,name) VALUES (1163,'Midway Islands');
INSERT INTO county_name(id,name) VALUES (1164,'Mifflin');
INSERT INTO county_name(id,name) VALUES (1165,'Milam');
INSERT INTO county_name(id,name) VALUES (1166,'Millard');
INSERT INTO county_name(id,name) VALUES (1167,'Mille Lacs');
INSERT INTO county_name(id,name) VALUES (1168,'Miller');
INSERT INTO county_name(id,name) VALUES (1169,'Mills');
INSERT INTO county_name(id,name) VALUES (1170,'Milwaukee');
INSERT INTO county_name(id,name) VALUES (1171,'Miner');
INSERT INTO county_name(id,name) VALUES (1172,'Mineral');
INSERT INTO county_name(id,name) VALUES (1173,'Mingo');
INSERT INTO county_name(id,name) VALUES (1174,'Minidoka');
INSERT INTO county_name(id,name) VALUES (1175,'Minnehaha');
INSERT INTO county_name(id,name) VALUES (1176,'Missaukee');
INSERT INTO county_name(id,name) VALUES (1177,'Mississippi');
INSERT INTO county_name(id,name) VALUES (1178,'Missoula');
INSERT INTO county_name(id,name) VALUES (1179,'Mitchell');
INSERT INTO county_name(id,name) VALUES (1180,'Mobile');
INSERT INTO county_name(id,name) VALUES (1181,'Moca Municipio');
INSERT INTO county_name(id,name) VALUES (1182,'Modoc');
INSERT INTO county_name(id,name) VALUES (1183,'Moffat');
INSERT INTO county_name(id,name) VALUES (1184,'Mohave');
INSERT INTO county_name(id,name) VALUES (1185,'Moniteau');
INSERT INTO county_name(id,name) VALUES (1186,'Monmouth');
INSERT INTO county_name(id,name) VALUES (1187,'Mono');
INSERT INTO county_name(id,name) VALUES (1188,'Monona');
INSERT INTO county_name(id,name) VALUES (1189,'Monongalia');
INSERT INTO county_name(id,name) VALUES (1190,'Monroe');
INSERT INTO county_name(id,name) VALUES (1191,'Montague');
INSERT INTO county_name(id,name) VALUES (1192,'Montcalm');
INSERT INTO county_name(id,name) VALUES (1193,'Monterey');
INSERT INTO county_name(id,name) VALUES (1194,'Montezuma');
INSERT INTO county_name(id,name) VALUES (1195,'Montgomery');
INSERT INTO county_name(id,name) VALUES (1196,'Montmorency');
INSERT INTO county_name(id,name) VALUES (1197,'Montour');
INSERT INTO county_name(id,name) VALUES (1198,'Montrose');
INSERT INTO county_name(id,name) VALUES (1199,'Moody');
INSERT INTO county_name(id,name) VALUES (1200,'Moore');
INSERT INTO county_name(id,name) VALUES (1201,'Mora');
INSERT INTO county_name(id,name) VALUES (1202,'Morehouse Parish');
INSERT INTO county_name(id,name) VALUES (1203,'Morgan');
INSERT INTO county_name(id,name) VALUES (1204,'Morovis Municipio');
INSERT INTO county_name(id,name) VALUES (1205,'Morrill');
INSERT INTO county_name(id,name) VALUES (1206,'Morris');
INSERT INTO county_name(id,name) VALUES (1207,'Morrison');
INSERT INTO county_name(id,name) VALUES (1208,'Morrow');
INSERT INTO county_name(id,name) VALUES (1209,'Morton');
INSERT INTO county_name(id,name) VALUES (1210,'Motley');
INSERT INTO county_name(id,name) VALUES (1211,'Moultrie');
INSERT INTO county_name(id,name) VALUES (1212,'Mountrail');
INSERT INTO county_name(id,name) VALUES (1213,'Mower');
INSERT INTO county_name(id,name) VALUES (1214,'Muhlenberg');
INSERT INTO county_name(id,name) VALUES (1215,'Multnomah');
INSERT INTO county_name(id,name) VALUES (1216,'Murray');
INSERT INTO county_name(id,name) VALUES (1217,'Muscatine');
INSERT INTO county_name(id,name) VALUES (1218,'Muscogee');
INSERT INTO county_name(id,name) VALUES (1219,'Muskegon');
INSERT INTO county_name(id,name) VALUES (1220,'Muskingum');
INSERT INTO county_name(id,name) VALUES (1221,'Muskogee');
INSERT INTO county_name(id,name) VALUES (1222,'Musselshell');
INSERT INTO county_name(id,name) VALUES (1223,'Nacogdoches');
INSERT INTO county_name(id,name) VALUES (1224,'Naguabo Municipio');
INSERT INTO county_name(id,name) VALUES (1225,'Nance');
INSERT INTO county_name(id,name) VALUES (1226,'Nantucket');
INSERT INTO county_name(id,name) VALUES (1227,'Napa');
INSERT INTO county_name(id,name) VALUES (1228,'Naranjito Municipio');
INSERT INTO county_name(id,name) VALUES (1229,'Nash');
INSERT INTO county_name(id,name) VALUES (1230,'Nassau');
INSERT INTO county_name(id,name) VALUES (1231,'Natchitoches Parish');
INSERT INTO county_name(id,name) VALUES (1232,'Natrona');
INSERT INTO county_name(id,name) VALUES (1233,'Navajo');
INSERT INTO county_name(id,name) VALUES (1234,'Navarro');
INSERT INTO county_name(id,name) VALUES (1235,'Nelson');
INSERT INTO county_name(id,name) VALUES (1236,'Nemaha');
INSERT INTO county_name(id,name) VALUES (1237,'Neosho');
INSERT INTO county_name(id,name) VALUES (1238,'Neshoba');
INSERT INTO county_name(id,name) VALUES (1239,'Ness');
INSERT INTO county_name(id,name) VALUES (1240,'Nevada');
INSERT INTO county_name(id,name) VALUES (1241,'New Castle');
INSERT INTO county_name(id,name) VALUES (1242,'New Hanover');
INSERT INTO county_name(id,name) VALUES (1243,'New Haven');
INSERT INTO county_name(id,name) VALUES (1244,'New Kent');
INSERT INTO county_name(id,name) VALUES (1245,'New London');
INSERT INTO county_name(id,name) VALUES (1246,'New Madrid');
INSERT INTO county_name(id,name) VALUES (1247,'New York');
INSERT INTO county_name(id,name) VALUES (1248,'Newaygo');
INSERT INTO county_name(id,name) VALUES (1249,'Newberry');
INSERT INTO county_name(id,name) VALUES (1250,'Newport');
INSERT INTO county_name(id,name) VALUES (1251,'Newport News city');
INSERT INTO county_name(id,name) VALUES (1252,'Newton');
INSERT INTO county_name(id,name) VALUES (1253,'Nez Perce');
INSERT INTO county_name(id,name) VALUES (1254,'Niagara');
INSERT INTO county_name(id,name) VALUES (1255,'Nicholas');
INSERT INTO county_name(id,name) VALUES (1256,'Nicollet');
INSERT INTO county_name(id,name) VALUES (1257,'Niobrara');
INSERT INTO county_name(id,name) VALUES (1258,'Noble');
INSERT INTO county_name(id,name) VALUES (1259,'Nobles');
INSERT INTO county_name(id,name) VALUES (1260,'Nodaway');
INSERT INTO county_name(id,name) VALUES (1261,'Nolan');
INSERT INTO county_name(id,name) VALUES (1262,'Nome Census Area');
INSERT INTO county_name(id,name) VALUES (1263,'Norfolk city');
INSERT INTO county_name(id,name) VALUES (1264,'Norfolk');
INSERT INTO county_name(id,name) VALUES (1265,'Norman');
INSERT INTO county_name(id,name) VALUES (1266,'North Slope Borough');
INSERT INTO county_name(id,name) VALUES (1267,'Northampton');
INSERT INTO county_name(id,name) VALUES (1268,'Northern Islands Municipality');
INSERT INTO county_name(id,name) VALUES (1269,'Northumberland');
INSERT INTO county_name(id,name) VALUES (1270,'Northwest Arctic Borough');
INSERT INTO county_name(id,name) VALUES (1271,'Norton city');
INSERT INTO county_name(id,name) VALUES (1272,'Norton');
INSERT INTO county_name(id,name) VALUES (1273,'Nottoway');
INSERT INTO county_name(id,name) VALUES (1274,'Nowata');
INSERT INTO county_name(id,name) VALUES (1275,'Noxubee');
INSERT INTO county_name(id,name) VALUES (1276,'Nuckolls');
INSERT INTO county_name(id,name) VALUES (1277,'Nueces');
INSERT INTO county_name(id,name) VALUES (1278,'Nye');
INSERT INTO county_name(id,name) VALUES (1279,'Oakland');
INSERT INTO county_name(id,name) VALUES (1280,'Obion');
INSERT INTO county_name(id,name) VALUES (1281,'O''Brien');
INSERT INTO county_name(id,name) VALUES (1282,'Ocean');
INSERT INTO county_name(id,name) VALUES (1283,'Oceana');
INSERT INTO county_name(id,name) VALUES (1284,'Ochiltree');
INSERT INTO county_name(id,name) VALUES (1285,'Oconee');
INSERT INTO county_name(id,name) VALUES (1286,'Oconto');
INSERT INTO county_name(id,name) VALUES (1287,'Ogemaw');
INSERT INTO county_name(id,name) VALUES (1288,'Ogle');
INSERT INTO county_name(id,name) VALUES (1289,'Oglethorpe');
INSERT INTO county_name(id,name) VALUES (1290,'Ohio');
INSERT INTO county_name(id,name) VALUES (1291,'Okaloosa');
INSERT INTO county_name(id,name) VALUES (1292,'Okanogan');
INSERT INTO county_name(id,name) VALUES (1293,'Okeechobee');
INSERT INTO county_name(id,name) VALUES (1294,'Okfuskee');
INSERT INTO county_name(id,name) VALUES (1295,'Oklahoma');
INSERT INTO county_name(id,name) VALUES (1296,'Okmulgee');
INSERT INTO county_name(id,name) VALUES (1297,'Oktibbeha');
INSERT INTO county_name(id,name) VALUES (1298,'Oldham');
INSERT INTO county_name(id,name) VALUES (1299,'Oliver');
INSERT INTO county_name(id,name) VALUES (1300,'Olmsted');
INSERT INTO county_name(id,name) VALUES (1301,'Oneida');
INSERT INTO county_name(id,name) VALUES (1302,'Onondaga');
INSERT INTO county_name(id,name) VALUES (1303,'Onslow');
INSERT INTO county_name(id,name) VALUES (1304,'Ontario');
INSERT INTO county_name(id,name) VALUES (1305,'Ontonagon');
INSERT INTO county_name(id,name) VALUES (1306,'Orange');
INSERT INTO county_name(id,name) VALUES (1307,'Orangeburg');
INSERT INTO county_name(id,name) VALUES (1308,'Oregon');
INSERT INTO county_name(id,name) VALUES (1309,'Orleans');
INSERT INTO county_name(id,name) VALUES (1310,'Orleans Parish');
INSERT INTO county_name(id,name) VALUES (1311,'Orocovis Municipio');
INSERT INTO county_name(id,name) VALUES (1312,'Osage');
INSERT INTO county_name(id,name) VALUES (1313,'Osborne');
INSERT INTO county_name(id,name) VALUES (1314,'Osceola');
INSERT INTO county_name(id,name) VALUES (1315,'Oscoda');
INSERT INTO county_name(id,name) VALUES (1316,'Oswego');
INSERT INTO county_name(id,name) VALUES (1317,'Otero');
INSERT INTO county_name(id,name) VALUES (1318,'Otoe');
INSERT INTO county_name(id,name) VALUES (1319,'Otsego');
INSERT INTO county_name(id,name) VALUES (1320,'Ottawa');
INSERT INTO county_name(id,name) VALUES (1321,'Otter Tail');
INSERT INTO county_name(id,name) VALUES (1322,'Ouachita');
INSERT INTO county_name(id,name) VALUES (1323,'Ouachita Parish');
INSERT INTO county_name(id,name) VALUES (1324,'Ouray');
INSERT INTO county_name(id,name) VALUES (1325,'Outagamie');
INSERT INTO county_name(id,name) VALUES (1326,'Overton');
INSERT INTO county_name(id,name) VALUES (1327,'Owen');
INSERT INTO county_name(id,name) VALUES (1328,'Owsley');
INSERT INTO county_name(id,name) VALUES (1329,'Owyhee');
INSERT INTO county_name(id,name) VALUES (1330,'Oxford');
INSERT INTO county_name(id,name) VALUES (1331,'Ozark');
INSERT INTO county_name(id,name) VALUES (1332,'Ozaukee');
INSERT INTO county_name(id,name) VALUES (1333,'Pacific');
INSERT INTO county_name(id,name) VALUES (1334,'Page');
INSERT INTO county_name(id,name) VALUES (1335,'Palm Beach');
INSERT INTO county_name(id,name) VALUES (1336,'Palo Alto');
INSERT INTO county_name(id,name) VALUES (1337,'Palo Pinto');
INSERT INTO county_name(id,name) VALUES (1338,'Pamlico');
INSERT INTO county_name(id,name) VALUES (1339,'Panola');
INSERT INTO county_name(id,name) VALUES (1340,'Park');
INSERT INTO county_name(id,name) VALUES (1341,'Parke');
INSERT INTO county_name(id,name) VALUES (1342,'Parker');
INSERT INTO county_name(id,name) VALUES (1343,'Parmer');
INSERT INTO county_name(id,name) VALUES (1344,'Pasco');
INSERT INTO county_name(id,name) VALUES (1345,'Pasquotank');
INSERT INTO county_name(id,name) VALUES (1346,'Passaic');
INSERT INTO county_name(id,name) VALUES (1347,'Patillas Municipio');
INSERT INTO county_name(id,name) VALUES (1348,'Patrick');
INSERT INTO county_name(id,name) VALUES (1349,'Paulding');
INSERT INTO county_name(id,name) VALUES (1350,'Pawnee');
INSERT INTO county_name(id,name) VALUES (1351,'Payette');
INSERT INTO county_name(id,name) VALUES (1352,'Payne');
INSERT INTO county_name(id,name) VALUES (1353,'Peach');
INSERT INTO county_name(id,name) VALUES (1354,'Pearl River');
INSERT INTO county_name(id,name) VALUES (1355,'Pecos');
INSERT INTO county_name(id,name) VALUES (1356,'Pembina');
INSERT INTO county_name(id,name) VALUES (1357,'Pemiscot');
INSERT INTO county_name(id,name) VALUES (1358,'Pend Oreille');
INSERT INTO county_name(id,name) VALUES (1359,'Pender');
INSERT INTO county_name(id,name) VALUES (1360,'Pendleton');
INSERT INTO county_name(id,name) VALUES (1361,'Pennington');
INSERT INTO county_name(id,name) VALUES (1362,'Penobscot');
INSERT INTO county_name(id,name) VALUES (1363,'Penuelas Municipio');
INSERT INTO county_name(id,name) VALUES (1364,'Peoria');
INSERT INTO county_name(id,name) VALUES (1365,'Pepin');
INSERT INTO county_name(id,name) VALUES (1366,'Perkins');
INSERT INTO county_name(id,name) VALUES (1367,'Perquimans');
INSERT INTO county_name(id,name) VALUES (1368,'Perry');
INSERT INTO county_name(id,name) VALUES (1369,'Pershing');
INSERT INTO county_name(id,name) VALUES (1370,'Person');
INSERT INTO county_name(id,name) VALUES (1371,'Petersburg Census Area');
INSERT INTO county_name(id,name) VALUES (1372,'Petersburg city');
INSERT INTO county_name(id,name) VALUES (1373,'Petroleum');
INSERT INTO county_name(id,name) VALUES (1374,'Pettis');
INSERT INTO county_name(id,name) VALUES (1375,'Phelps');
INSERT INTO county_name(id,name) VALUES (1376,'Philadelphia');
INSERT INTO county_name(id,name) VALUES (1377,'Phillips');
INSERT INTO county_name(id,name) VALUES (1378,'Piatt');
INSERT INTO county_name(id,name) VALUES (1379,'Pickaway');
INSERT INTO county_name(id,name) VALUES (1380,'Pickens');
INSERT INTO county_name(id,name) VALUES (1381,'Pickett');
INSERT INTO county_name(id,name) VALUES (1382,'Pierce');
INSERT INTO county_name(id,name) VALUES (1383,'Pike');
INSERT INTO county_name(id,name) VALUES (1384,'Pima');
INSERT INTO county_name(id,name) VALUES (1385,'Pinal');
INSERT INTO county_name(id,name) VALUES (1386,'Pine');
INSERT INTO county_name(id,name) VALUES (1387,'Pinellas');
INSERT INTO county_name(id,name) VALUES (1388,'Pipestone');
INSERT INTO county_name(id,name) VALUES (1389,'Piscataquis');
INSERT INTO county_name(id,name) VALUES (1390,'Pitkin');
INSERT INTO county_name(id,name) VALUES (1391,'Pitt');
INSERT INTO county_name(id,name) VALUES (1392,'Pittsburg');
INSERT INTO county_name(id,name) VALUES (1393,'Pittsylvania');
INSERT INTO county_name(id,name) VALUES (1394,'Piute');
INSERT INTO county_name(id,name) VALUES (1395,'Placer');
INSERT INTO county_name(id,name) VALUES (1396,'Plaquemines Parish');
INSERT INTO county_name(id,name) VALUES (1397,'Platte');
INSERT INTO county_name(id,name) VALUES (1398,'Pleasants');
INSERT INTO county_name(id,name) VALUES (1399,'Plumas');
INSERT INTO county_name(id,name) VALUES (1400,'Plymouth');
INSERT INTO county_name(id,name) VALUES (1401,'Pocahontas');
INSERT INTO county_name(id,name) VALUES (1402,'Poinsett');
INSERT INTO county_name(id,name) VALUES (1403,'Pointe Coupee Parish');
INSERT INTO county_name(id,name) VALUES (1404,'Polk');
INSERT INTO county_name(id,name) VALUES (1405,'Ponce Municipio');
INSERT INTO county_name(id,name) VALUES (1406,'Pondera');
INSERT INTO county_name(id,name) VALUES (1407,'Pontotoc');
INSERT INTO county_name(id,name) VALUES (1408,'Pope');
INSERT INTO county_name(id,name) VALUES (1409,'Poquoson city');
INSERT INTO county_name(id,name) VALUES (1410,'Portage');
INSERT INTO county_name(id,name) VALUES (1411,'Porter');
INSERT INTO county_name(id,name) VALUES (1412,'Portsmouth city');
INSERT INTO county_name(id,name) VALUES (1413,'Posey');
INSERT INTO county_name(id,name) VALUES (1414,'Pottawatomie');
INSERT INTO county_name(id,name) VALUES (1415,'Pottawattamie');
INSERT INTO county_name(id,name) VALUES (1416,'Potter');
INSERT INTO county_name(id,name) VALUES (1417,'Powder River');
INSERT INTO county_name(id,name) VALUES (1418,'Powell');
INSERT INTO county_name(id,name) VALUES (1419,'Power');
INSERT INTO county_name(id,name) VALUES (1420,'Poweshiek');
INSERT INTO county_name(id,name) VALUES (1421,'Powhatan');
INSERT INTO county_name(id,name) VALUES (1422,'Prairie');
INSERT INTO county_name(id,name) VALUES (1423,'Pratt');
INSERT INTO county_name(id,name) VALUES (1424,'Preble');
INSERT INTO county_name(id,name) VALUES (1425,'Prentiss');
INSERT INTO county_name(id,name) VALUES (1426,'Presidio');
INSERT INTO county_name(id,name) VALUES (1427,'Presque Isle');
INSERT INTO county_name(id,name) VALUES (1428,'Preston');
INSERT INTO county_name(id,name) VALUES (1429,'Price');
INSERT INTO county_name(id,name) VALUES (1430,'Prince Edward');
INSERT INTO county_name(id,name) VALUES (1431,'Prince George');
INSERT INTO county_name(id,name) VALUES (1432,'Prince George''s');
INSERT INTO county_name(id,name) VALUES (1433,'Prince of Wales-Hyder Census Area');
INSERT INTO county_name(id,name) VALUES (1434,'Prince William');
INSERT INTO county_name(id,name) VALUES (1435,'Providence');
INSERT INTO county_name(id,name) VALUES (1436,'Prowers');
INSERT INTO county_name(id,name) VALUES (1437,'Pueblo');
INSERT INTO county_name(id,name) VALUES (1438,'Pulaski');
INSERT INTO county_name(id,name) VALUES (1439,'Pushmataha');
INSERT INTO county_name(id,name) VALUES (1440,'Putnam');
INSERT INTO county_name(id,name) VALUES (1441,'Quay');
INSERT INTO county_name(id,name) VALUES (1442,'Quebradillas Municipio');
INSERT INTO county_name(id,name) VALUES (1443,'Queen Anne''s');
INSERT INTO county_name(id,name) VALUES (1444,'Queens');
INSERT INTO county_name(id,name) VALUES (1445,'Quitman');
INSERT INTO county_name(id,name) VALUES (1446,'Rabun');
INSERT INTO county_name(id,name) VALUES (1447,'Racine');
INSERT INTO county_name(id,name) VALUES (1448,'Radford city');
INSERT INTO county_name(id,name) VALUES (1449,'Rains');
INSERT INTO county_name(id,name) VALUES (1450,'Raleigh');
INSERT INTO county_name(id,name) VALUES (1451,'Ralls');
INSERT INTO county_name(id,name) VALUES (1452,'Ramsey');
INSERT INTO county_name(id,name) VALUES (1453,'Randall');
INSERT INTO county_name(id,name) VALUES (1454,'Randolph');
INSERT INTO county_name(id,name) VALUES (1455,'Rankin');
INSERT INTO county_name(id,name) VALUES (1456,'Ransom');
INSERT INTO county_name(id,name) VALUES (1457,'Rapides Parish');
INSERT INTO county_name(id,name) VALUES (1458,'Rappahannock');
INSERT INTO county_name(id,name) VALUES (1459,'Ravalli');
INSERT INTO county_name(id,name) VALUES (1460,'Rawlins');
INSERT INTO county_name(id,name) VALUES (1461,'Ray');
INSERT INTO county_name(id,name) VALUES (1462,'Reagan');
INSERT INTO county_name(id,name) VALUES (1463,'Real');
INSERT INTO county_name(id,name) VALUES (1464,'Red Lake');
INSERT INTO county_name(id,name) VALUES (1465,'Red River');
INSERT INTO county_name(id,name) VALUES (1466,'Red River Parish');
INSERT INTO county_name(id,name) VALUES (1467,'Red Willow');
INSERT INTO county_name(id,name) VALUES (1468,'Redwood');
INSERT INTO county_name(id,name) VALUES (1469,'Reeves');
INSERT INTO county_name(id,name) VALUES (1470,'Refugio');
INSERT INTO county_name(id,name) VALUES (1471,'Reno');
INSERT INTO county_name(id,name) VALUES (1472,'Rensselaer');
INSERT INTO county_name(id,name) VALUES (1473,'Renville');
INSERT INTO county_name(id,name) VALUES (1474,'Republic');
INSERT INTO county_name(id,name) VALUES (1475,'Reynolds');
INSERT INTO county_name(id,name) VALUES (1476,'Rhea');
INSERT INTO county_name(id,name) VALUES (1477,'Rice');
INSERT INTO county_name(id,name) VALUES (1478,'Rich');
INSERT INTO county_name(id,name) VALUES (1479,'Richardson');
INSERT INTO county_name(id,name) VALUES (1480,'Richland');
INSERT INTO county_name(id,name) VALUES (1481,'Richland Parish');
INSERT INTO county_name(id,name) VALUES (1482,'Richmond city');
INSERT INTO county_name(id,name) VALUES (1483,'Richmond');
INSERT INTO county_name(id,name) VALUES (1484,'Riley');
INSERT INTO county_name(id,name) VALUES (1485,'Rincon Municipio');
INSERT INTO county_name(id,name) VALUES (1486,'Ringgold');
INSERT INTO county_name(id,name) VALUES (1487,'Rio Arriba');
INSERT INTO county_name(id,name) VALUES (1488,'Rio Blanco');
INSERT INTO county_name(id,name) VALUES (1489,'Rio Grande');
INSERT INTO county_name(id,name) VALUES (1490,'Rio Grande Municipio');
INSERT INTO county_name(id,name) VALUES (1491,'Ripley');
INSERT INTO county_name(id,name) VALUES (1492,'Ritchie');
INSERT INTO county_name(id,name) VALUES (1493,'Riverside');
INSERT INTO county_name(id,name) VALUES (1494,'Roane');
INSERT INTO county_name(id,name) VALUES (1495,'Roanoke city');
INSERT INTO county_name(id,name) VALUES (1496,'Roanoke');
INSERT INTO county_name(id,name) VALUES (1497,'Roberts');
INSERT INTO county_name(id,name) VALUES (1498,'Robertson');
INSERT INTO county_name(id,name) VALUES (1499,'Robeson');
INSERT INTO county_name(id,name) VALUES (1500,'Rock');
INSERT INTO county_name(id,name) VALUES (1501,'Rock Island');
INSERT INTO county_name(id,name) VALUES (1502,'Rockbridge');
INSERT INTO county_name(id,name) VALUES (1503,'Rockcastle');
INSERT INTO county_name(id,name) VALUES (1504,'Rockdale');
INSERT INTO county_name(id,name) VALUES (1505,'Rockingham');
INSERT INTO county_name(id,name) VALUES (1506,'Rockland');
INSERT INTO county_name(id,name) VALUES (1507,'Rockwall');
INSERT INTO county_name(id,name) VALUES (1508,'Roger Mills');
INSERT INTO county_name(id,name) VALUES (1509,'Rogers');
INSERT INTO county_name(id,name) VALUES (1510,'Rolette');
INSERT INTO county_name(id,name) VALUES (1511,'Rooks');
INSERT INTO county_name(id,name) VALUES (1512,'Roosevelt');
INSERT INTO county_name(id,name) VALUES (1513,'Roscommon');
INSERT INTO county_name(id,name) VALUES (1514,'Rose Island');
INSERT INTO county_name(id,name) VALUES (1515,'Roseau');
INSERT INTO county_name(id,name) VALUES (1516,'Rosebud');
INSERT INTO county_name(id,name) VALUES (1517,'Ross');
INSERT INTO county_name(id,name) VALUES (1518,'Rota Municipality');
INSERT INTO county_name(id,name) VALUES (1519,'Routt');
INSERT INTO county_name(id,name) VALUES (1520,'Rowan');
INSERT INTO county_name(id,name) VALUES (1521,'Runnels');
INSERT INTO county_name(id,name) VALUES (1522,'Rush');
INSERT INTO county_name(id,name) VALUES (1523,'Rusk');
INSERT INTO county_name(id,name) VALUES (1524,'Russell');
INSERT INTO county_name(id,name) VALUES (1525,'Rutherford');
INSERT INTO county_name(id,name) VALUES (1526,'Rutland');
INSERT INTO county_name(id,name) VALUES (1527,'Sabana Grande Municipio');
INSERT INTO county_name(id,name) VALUES (1528,'Sabine');
INSERT INTO county_name(id,name) VALUES (1529,'Sabine Parish');
INSERT INTO county_name(id,name) VALUES (1530,'Sac');
INSERT INTO county_name(id,name) VALUES (1531,'Sacramento');
INSERT INTO county_name(id,name) VALUES (1532,'Sagadahoc');
INSERT INTO county_name(id,name) VALUES (1533,'Saginaw');
INSERT INTO county_name(id,name) VALUES (1534,'Saguache');
INSERT INTO county_name(id,name) VALUES (1535,'Saipan Municipality');
INSERT INTO county_name(id,name) VALUES (1536,'Salem city');
INSERT INTO county_name(id,name) VALUES (1537,'Salem');
INSERT INTO county_name(id,name) VALUES (1538,'Salinas Municipio');
INSERT INTO county_name(id,name) VALUES (1539,'Saline');
INSERT INTO county_name(id,name) VALUES (1540,'Salt Lake');
INSERT INTO county_name(id,name) VALUES (1541,'Saluda');
INSERT INTO county_name(id,name) VALUES (1542,'Sampson');
INSERT INTO county_name(id,name) VALUES (1543,'San Augustine');
INSERT INTO county_name(id,name) VALUES (1544,'San Benito');
INSERT INTO county_name(id,name) VALUES (1545,'San Bernardino');
INSERT INTO county_name(id,name) VALUES (1546,'San Diego');
INSERT INTO county_name(id,name) VALUES (1547,'San Francisco');
INSERT INTO county_name(id,name) VALUES (1548,'San German Municipio');
INSERT INTO county_name(id,name) VALUES (1549,'San Jacinto');
INSERT INTO county_name(id,name) VALUES (1550,'San Joaquin');
INSERT INTO county_name(id,name) VALUES (1551,'San Juan');
INSERT INTO county_name(id,name) VALUES (1552,'San Juan Municipio');
INSERT INTO county_name(id,name) VALUES (1553,'San Lorenzo Municipio');
INSERT INTO county_name(id,name) VALUES (1554,'San Luis Obispo');
INSERT INTO county_name(id,name) VALUES (1555,'San Mateo');
INSERT INTO county_name(id,name) VALUES (1556,'San Miguel');
INSERT INTO county_name(id,name) VALUES (1557,'San Patricio');
INSERT INTO county_name(id,name) VALUES (1558,'San Saba');
INSERT INTO county_name(id,name) VALUES (1559,'San Sebastian Municipio');
INSERT INTO county_name(id,name) VALUES (1560,'Sanborn');
INSERT INTO county_name(id,name) VALUES (1561,'Sanders');
INSERT INTO county_name(id,name) VALUES (1562,'Sandoval');
INSERT INTO county_name(id,name) VALUES (1563,'Sandusky');
INSERT INTO county_name(id,name) VALUES (1564,'Sangamon');
INSERT INTO county_name(id,name) VALUES (1565,'Sanilac');
INSERT INTO county_name(id,name) VALUES (1566,'Sanpete');
INSERT INTO county_name(id,name) VALUES (1567,'Santa Barbara');
INSERT INTO county_name(id,name) VALUES (1568,'Santa Clara');
INSERT INTO county_name(id,name) VALUES (1569,'Santa Cruz');
INSERT INTO county_name(id,name) VALUES (1570,'Santa Fe');
INSERT INTO county_name(id,name) VALUES (1571,'Santa Isabel Municipio');
INSERT INTO county_name(id,name) VALUES (1572,'Santa Rosa');
INSERT INTO county_name(id,name) VALUES (1573,'Sarasota');
INSERT INTO county_name(id,name) VALUES (1574,'Saratoga');
INSERT INTO county_name(id,name) VALUES (1575,'Sargent');
INSERT INTO county_name(id,name) VALUES (1576,'Sarpy');
INSERT INTO county_name(id,name) VALUES (1577,'Sauk');
INSERT INTO county_name(id,name) VALUES (1578,'Saunders');
INSERT INTO county_name(id,name) VALUES (1579,'Sawyer');
INSERT INTO county_name(id,name) VALUES (1580,'Schenectady');
INSERT INTO county_name(id,name) VALUES (1581,'Schleicher');
INSERT INTO county_name(id,name) VALUES (1582,'Schley');
INSERT INTO county_name(id,name) VALUES (1583,'Schoharie');
INSERT INTO county_name(id,name) VALUES (1584,'Schoolcraft');
INSERT INTO county_name(id,name) VALUES (1585,'Schuyler');
INSERT INTO county_name(id,name) VALUES (1586,'Schuylkill');
INSERT INTO county_name(id,name) VALUES (1587,'Scioto');
INSERT INTO county_name(id,name) VALUES (1588,'Scotland');
INSERT INTO county_name(id,name) VALUES (1589,'Scott');
INSERT INTO county_name(id,name) VALUES (1590,'Scotts Bluff');
INSERT INTO county_name(id,name) VALUES (1591,'Screven');
INSERT INTO county_name(id,name) VALUES (1592,'Scurry');
INSERT INTO county_name(id,name) VALUES (1593,'Searcy');
INSERT INTO county_name(id,name) VALUES (1594,'Sebastian');
INSERT INTO county_name(id,name) VALUES (1595,'Sedgwick');
INSERT INTO county_name(id,name) VALUES (1596,'Seminole');
INSERT INTO county_name(id,name) VALUES (1597,'Seneca');
INSERT INTO county_name(id,name) VALUES (1598,'Sequatchie');
INSERT INTO county_name(id,name) VALUES (1599,'Sequoyah');
INSERT INTO county_name(id,name) VALUES (1600,'Sevier');
INSERT INTO county_name(id,name) VALUES (1601,'Seward');
INSERT INTO county_name(id,name) VALUES (1602,'Shackelford');
INSERT INTO county_name(id,name) VALUES (1603,'Shannon');
INSERT INTO county_name(id,name) VALUES (1604,'Sharkey');
INSERT INTO county_name(id,name) VALUES (1605,'Sharp');
INSERT INTO county_name(id,name) VALUES (1606,'Shasta');
INSERT INTO county_name(id,name) VALUES (1607,'Shawano');
INSERT INTO county_name(id,name) VALUES (1608,'Shawnee');
INSERT INTO county_name(id,name) VALUES (1609,'Sheboygan');
INSERT INTO county_name(id,name) VALUES (1610,'Shelby');
INSERT INTO county_name(id,name) VALUES (1611,'Shenandoah');
INSERT INTO county_name(id,name) VALUES (1612,'Sherburne');
INSERT INTO county_name(id,name) VALUES (1613,'Sheridan');
INSERT INTO county_name(id,name) VALUES (1614,'Sherman');
INSERT INTO county_name(id,name) VALUES (1615,'Shiawassee');
INSERT INTO county_name(id,name) VALUES (1616,'Shoshone');
INSERT INTO county_name(id,name) VALUES (1617,'Sibley');
INSERT INTO county_name(id,name) VALUES (1618,'Sierra');
INSERT INTO county_name(id,name) VALUES (1619,'Silver Bow');
INSERT INTO county_name(id,name) VALUES (1620,'Simpson');
INSERT INTO county_name(id,name) VALUES (1621,'Sioux');
INSERT INTO county_name(id,name) VALUES (1622,'Siskiyou');
INSERT INTO county_name(id,name) VALUES (1623,'Sitka City and Borough');
INSERT INTO county_name(id,name) VALUES (1624,'Skagit');
INSERT INTO county_name(id,name) VALUES (1625,'Skagway Municipality');
INSERT INTO county_name(id,name) VALUES (1626,'Skamania');
INSERT INTO county_name(id,name) VALUES (1627,'Slope');
INSERT INTO county_name(id,name) VALUES (1628,'Smith');
INSERT INTO county_name(id,name) VALUES (1629,'Smyth');
INSERT INTO county_name(id,name) VALUES (1630,'Snohomish');
INSERT INTO county_name(id,name) VALUES (1631,'Snyder');
INSERT INTO county_name(id,name) VALUES (1632,'Socorro');
INSERT INTO county_name(id,name) VALUES (1633,'Solano');
INSERT INTO county_name(id,name) VALUES (1634,'Somerset');
INSERT INTO county_name(id,name) VALUES (1635,'Somervell');
INSERT INTO county_name(id,name) VALUES (1636,'Sonoma');
INSERT INTO county_name(id,name) VALUES (1637,'Southampton');
INSERT INTO county_name(id,name) VALUES (1638,'Southeast Fairbanks Census Area');
INSERT INTO county_name(id,name) VALUES (1639,'Spalding');
INSERT INTO county_name(id,name) VALUES (1640,'Spartanburg');
INSERT INTO county_name(id,name) VALUES (1641,'Spencer');
INSERT INTO county_name(id,name) VALUES (1642,'Spink');
INSERT INTO county_name(id,name) VALUES (1643,'Spokane');
INSERT INTO county_name(id,name) VALUES (1644,'Spotsylvania');
INSERT INTO county_name(id,name) VALUES (1645,'St. Bernard Parish');
INSERT INTO county_name(id,name) VALUES (1646,'St. Charles');
INSERT INTO county_name(id,name) VALUES (1647,'St. Charles Parish');
INSERT INTO county_name(id,name) VALUES (1648,'St. Clair');
INSERT INTO county_name(id,name) VALUES (1649,'St. Croix');
INSERT INTO county_name(id,name) VALUES (1650,'St. Croix Island');
INSERT INTO county_name(id,name) VALUES (1651,'St. Francis');
INSERT INTO county_name(id,name) VALUES (1652,'St. Francois');
INSERT INTO county_name(id,name) VALUES (1653,'St. Helena Parish');
INSERT INTO county_name(id,name) VALUES (1654,'St. James Parish');
INSERT INTO county_name(id,name) VALUES (1655,'St. John Island');
INSERT INTO county_name(id,name) VALUES (1656,'St. John the Baptist Parish');
INSERT INTO county_name(id,name) VALUES (1657,'St. Johns');
INSERT INTO county_name(id,name) VALUES (1658,'St. Joseph');
INSERT INTO county_name(id,name) VALUES (1659,'St. Landry Parish');
INSERT INTO county_name(id,name) VALUES (1660,'St. Lawrence');
INSERT INTO county_name(id,name) VALUES (1661,'St. Louis city');
INSERT INTO county_name(id,name) VALUES (1662,'St. Louis');
INSERT INTO county_name(id,name) VALUES (1663,'St. Lucie');
INSERT INTO county_name(id,name) VALUES (1664,'St. Martin Parish');
INSERT INTO county_name(id,name) VALUES (1665,'St. Mary Parish');
INSERT INTO county_name(id,name) VALUES (1666,'St. Mary''s');
INSERT INTO county_name(id,name) VALUES (1667,'St. Tammany Parish');
INSERT INTO county_name(id,name) VALUES (1668,'St. Thomas Island');
INSERT INTO county_name(id,name) VALUES (1669,'Stafford');
INSERT INTO county_name(id,name) VALUES (1670,'Stanislaus');
INSERT INTO county_name(id,name) VALUES (1671,'Stanley');
INSERT INTO county_name(id,name) VALUES (1672,'Stanly');
INSERT INTO county_name(id,name) VALUES (1673,'Stanton');
INSERT INTO county_name(id,name) VALUES (1674,'Stark');
INSERT INTO county_name(id,name) VALUES (1675,'Starke');
INSERT INTO county_name(id,name) VALUES (1676,'Starr');
INSERT INTO county_name(id,name) VALUES (1677,'Staunton city');
INSERT INTO county_name(id,name) VALUES (1678,'Ste. Genevieve');
INSERT INTO county_name(id,name) VALUES (1679,'Stearns');
INSERT INTO county_name(id,name) VALUES (1680,'Steele');
INSERT INTO county_name(id,name) VALUES (1681,'Stephens');
INSERT INTO county_name(id,name) VALUES (1682,'Stephenson');
INSERT INTO county_name(id,name) VALUES (1683,'Sterling');
INSERT INTO county_name(id,name) VALUES (1684,'Steuben');
INSERT INTO county_name(id,name) VALUES (1685,'Stevens');
INSERT INTO county_name(id,name) VALUES (1686,'Stewart');
INSERT INTO county_name(id,name) VALUES (1687,'Stillwater');
INSERT INTO county_name(id,name) VALUES (1688,'Stoddard');
INSERT INTO county_name(id,name) VALUES (1689,'Stokes');
INSERT INTO county_name(id,name) VALUES (1690,'Stone');
INSERT INTO county_name(id,name) VALUES (1691,'Stonewall');
INSERT INTO county_name(id,name) VALUES (1692,'Storey');
INSERT INTO county_name(id,name) VALUES (1693,'Story');
INSERT INTO county_name(id,name) VALUES (1694,'Strafford');
INSERT INTO county_name(id,name) VALUES (1695,'Stutsman');
INSERT INTO county_name(id,name) VALUES (1696,'Sublette');
INSERT INTO county_name(id,name) VALUES (1697,'Suffolk city');
INSERT INTO county_name(id,name) VALUES (1698,'Suffolk');
INSERT INTO county_name(id,name) VALUES (1699,'Sullivan');
INSERT INTO county_name(id,name) VALUES (1700,'Sully');
INSERT INTO county_name(id,name) VALUES (1701,'Summers');
INSERT INTO county_name(id,name) VALUES (1702,'Summit');
INSERT INTO county_name(id,name) VALUES (1703,'Sumner');
INSERT INTO county_name(id,name) VALUES (1704,'Sumter');
INSERT INTO county_name(id,name) VALUES (1705,'Sunflower');
INSERT INTO county_name(id,name) VALUES (1706,'Surry');
INSERT INTO county_name(id,name) VALUES (1707,'Susquehanna');
INSERT INTO county_name(id,name) VALUES (1708,'Sussex');
INSERT INTO county_name(id,name) VALUES (1709,'Sutter');
INSERT INTO county_name(id,name) VALUES (1710,'Sutton');
INSERT INTO county_name(id,name) VALUES (1711,'Suwannee');
INSERT INTO county_name(id,name) VALUES (1712,'Swain');
INSERT INTO county_name(id,name) VALUES (1713,'Swains Island');
INSERT INTO county_name(id,name) VALUES (1714,'Sweet Grass');
INSERT INTO county_name(id,name) VALUES (1715,'Sweetwater');
INSERT INTO county_name(id,name) VALUES (1716,'Swift');
INSERT INTO county_name(id,name) VALUES (1717,'Swisher');
INSERT INTO county_name(id,name) VALUES (1718,'Switzerland');
INSERT INTO county_name(id,name) VALUES (1719,'Talbot');
INSERT INTO county_name(id,name) VALUES (1720,'Taliaferro');
INSERT INTO county_name(id,name) VALUES (1721,'Talladega');
INSERT INTO county_name(id,name) VALUES (1722,'Tallahatchie');
INSERT INTO county_name(id,name) VALUES (1723,'Tallapoosa');
INSERT INTO county_name(id,name) VALUES (1724,'Tama');
INSERT INTO county_name(id,name) VALUES (1725,'Taney');
INSERT INTO county_name(id,name) VALUES (1726,'Tangipahoa Parish');
INSERT INTO county_name(id,name) VALUES (1727,'Taos');
INSERT INTO county_name(id,name) VALUES (1728,'Tarrant');
INSERT INTO county_name(id,name) VALUES (1729,'Tate');
INSERT INTO county_name(id,name) VALUES (1730,'Tattnall');
INSERT INTO county_name(id,name) VALUES (1731,'Taylor');
INSERT INTO county_name(id,name) VALUES (1732,'Tazewell');
INSERT INTO county_name(id,name) VALUES (1733,'Tehama');
INSERT INTO county_name(id,name) VALUES (1734,'Telfair');
INSERT INTO county_name(id,name) VALUES (1735,'Teller');
INSERT INTO county_name(id,name) VALUES (1736,'Tensas Parish');
INSERT INTO county_name(id,name) VALUES (1737,'Terrebonne Parish');
INSERT INTO county_name(id,name) VALUES (1738,'Terrell');
INSERT INTO county_name(id,name) VALUES (1739,'Terry');
INSERT INTO county_name(id,name) VALUES (1740,'Teton');
INSERT INTO county_name(id,name) VALUES (1741,'Texas');
INSERT INTO county_name(id,name) VALUES (1742,'Thayer');
INSERT INTO county_name(id,name) VALUES (1743,'Thomas');
INSERT INTO county_name(id,name) VALUES (1744,'Throckmorton');
INSERT INTO county_name(id,name) VALUES (1745,'Thurston');
INSERT INTO county_name(id,name) VALUES (1746,'Tift');
INSERT INTO county_name(id,name) VALUES (1747,'Tillamook');
INSERT INTO county_name(id,name) VALUES (1748,'Tillman');
INSERT INTO county_name(id,name) VALUES (1749,'Tinian Municipality');
INSERT INTO county_name(id,name) VALUES (1750,'Tioga');
INSERT INTO county_name(id,name) VALUES (1751,'Tippah');
INSERT INTO county_name(id,name) VALUES (1752,'Tippecanoe');
INSERT INTO county_name(id,name) VALUES (1753,'Tipton');
INSERT INTO county_name(id,name) VALUES (1754,'Tishomingo');
INSERT INTO county_name(id,name) VALUES (1755,'Titus');
INSERT INTO county_name(id,name) VALUES (1756,'Toa Alta Municipio');
INSERT INTO county_name(id,name) VALUES (1757,'Toa Baja Municipio');
INSERT INTO county_name(id,name) VALUES (1758,'Todd');
INSERT INTO county_name(id,name) VALUES (1759,'Tolland');
INSERT INTO county_name(id,name) VALUES (1760,'Tom Green');
INSERT INTO county_name(id,name) VALUES (1761,'Tompkins');
INSERT INTO county_name(id,name) VALUES (1762,'Tooele');
INSERT INTO county_name(id,name) VALUES (1763,'Toole');
INSERT INTO county_name(id,name) VALUES (1764,'Toombs');
INSERT INTO county_name(id,name) VALUES (1765,'Torrance');
INSERT INTO county_name(id,name) VALUES (1766,'Towner');
INSERT INTO county_name(id,name) VALUES (1767,'Towns');
INSERT INTO county_name(id,name) VALUES (1768,'Traill');
INSERT INTO county_name(id,name) VALUES (1769,'Transylvania');
INSERT INTO county_name(id,name) VALUES (1770,'Traverse');
INSERT INTO county_name(id,name) VALUES (1771,'Travis');
INSERT INTO county_name(id,name) VALUES (1772,'Treasure');
INSERT INTO county_name(id,name) VALUES (1773,'Trego');
INSERT INTO county_name(id,name) VALUES (1774,'Trempealeau');
INSERT INTO county_name(id,name) VALUES (1775,'Treutlen');
INSERT INTO county_name(id,name) VALUES (1776,'Trigg');
INSERT INTO county_name(id,name) VALUES (1777,'Trimble');
INSERT INTO county_name(id,name) VALUES (1778,'Trinity');
INSERT INTO county_name(id,name) VALUES (1779,'Tripp');
INSERT INTO county_name(id,name) VALUES (1780,'Troup');
INSERT INTO county_name(id,name) VALUES (1781,'Trousdale');
INSERT INTO county_name(id,name) VALUES (1782,'Trujillo Alto Municipio');
INSERT INTO county_name(id,name) VALUES (1783,'Trumbull');
INSERT INTO county_name(id,name) VALUES (1784,'Tucker');
INSERT INTO county_name(id,name) VALUES (1785,'Tulare');
INSERT INTO county_name(id,name) VALUES (1786,'Tulsa');
INSERT INTO county_name(id,name) VALUES (1787,'Tunica');
INSERT INTO county_name(id,name) VALUES (1788,'Tuolumne');
INSERT INTO county_name(id,name) VALUES (1789,'Turner');
INSERT INTO county_name(id,name) VALUES (1790,'Tuscaloosa');
INSERT INTO county_name(id,name) VALUES (1791,'Tuscarawas');
INSERT INTO county_name(id,name) VALUES (1792,'Tuscola');
INSERT INTO county_name(id,name) VALUES (1793,'Twiggs');
INSERT INTO county_name(id,name) VALUES (1794,'Twin Falls');
INSERT INTO county_name(id,name) VALUES (1795,'Tyler');
INSERT INTO county_name(id,name) VALUES (1796,'Tyrrell');
INSERT INTO county_name(id,name) VALUES (1797,'Uinta');
INSERT INTO county_name(id,name) VALUES (1798,'Uintah');
INSERT INTO county_name(id,name) VALUES (1799,'Ulster');
INSERT INTO county_name(id,name) VALUES (1800,'Umatilla');
INSERT INTO county_name(id,name) VALUES (1801,'Unicoi');
INSERT INTO county_name(id,name) VALUES (1802,'Union');
INSERT INTO county_name(id,name) VALUES (1803,'Union Parish');
INSERT INTO county_name(id,name) VALUES (1804,'Upshur');
INSERT INTO county_name(id,name) VALUES (1805,'Upson');
INSERT INTO county_name(id,name) VALUES (1806,'Upton');
INSERT INTO county_name(id,name) VALUES (1807,'Utah');
INSERT INTO county_name(id,name) VALUES (1808,'Utuado Municipio');
INSERT INTO county_name(id,name) VALUES (1809,'Uvalde');
INSERT INTO county_name(id,name) VALUES (1810,'Val Verde');
INSERT INTO county_name(id,name) VALUES (1811,'Valdez-Cordova Census Area');
INSERT INTO county_name(id,name) VALUES (1812,'Valencia');
INSERT INTO county_name(id,name) VALUES (1813,'Valley');
INSERT INTO county_name(id,name) VALUES (1814,'Van Buren');
INSERT INTO county_name(id,name) VALUES (1815,'Van Wert');
INSERT INTO county_name(id,name) VALUES (1816,'Van Zandt');
INSERT INTO county_name(id,name) VALUES (1817,'Vance');
INSERT INTO county_name(id,name) VALUES (1818,'Vanderburgh');
INSERT INTO county_name(id,name) VALUES (1819,'Vega Alta Municipio');
INSERT INTO county_name(id,name) VALUES (1820,'Vega Baja Municipio');
INSERT INTO county_name(id,name) VALUES (1821,'Venango');
INSERT INTO county_name(id,name) VALUES (1822,'Ventura');
INSERT INTO county_name(id,name) VALUES (1823,'Vermilion');
INSERT INTO county_name(id,name) VALUES (1824,'Vermilion Parish');
INSERT INTO county_name(id,name) VALUES (1825,'Vermillion');
INSERT INTO county_name(id,name) VALUES (1826,'Vernon');
INSERT INTO county_name(id,name) VALUES (1827,'Vernon Parish');
INSERT INTO county_name(id,name) VALUES (1828,'Victoria');
INSERT INTO county_name(id,name) VALUES (1829,'Vieques Municipio');
INSERT INTO county_name(id,name) VALUES (1830,'Vigo');
INSERT INTO county_name(id,name) VALUES (1831,'Vilas');
INSERT INTO county_name(id,name) VALUES (1832,'Villalba Municipio');
INSERT INTO county_name(id,name) VALUES (1833,'Vinton');
INSERT INTO county_name(id,name) VALUES (1834,'Virginia Beach city');
INSERT INTO county_name(id,name) VALUES (1835,'Volusia');
INSERT INTO county_name(id,name) VALUES (1836,'Wabash');
INSERT INTO county_name(id,name) VALUES (1837,'Wabasha');
INSERT INTO county_name(id,name) VALUES (1838,'Wabaunsee');
INSERT INTO county_name(id,name) VALUES (1839,'Wade Hampton Census Area');
INSERT INTO county_name(id,name) VALUES (1840,'Wadena');
INSERT INTO county_name(id,name) VALUES (1841,'Wagoner');
INSERT INTO county_name(id,name) VALUES (1842,'Wahkiakum');
INSERT INTO county_name(id,name) VALUES (1843,'Wake');
INSERT INTO county_name(id,name) VALUES (1844,'Wakulla');
INSERT INTO county_name(id,name) VALUES (1845,'Waldo');
INSERT INTO county_name(id,name) VALUES (1846,'Walker');
INSERT INTO county_name(id,name) VALUES (1847,'Walla Walla');
INSERT INTO county_name(id,name) VALUES (1848,'Wallace');
INSERT INTO county_name(id,name) VALUES (1849,'Waller');
INSERT INTO county_name(id,name) VALUES (1850,'Wallowa');
INSERT INTO county_name(id,name) VALUES (1851,'Walsh');
INSERT INTO county_name(id,name) VALUES (1852,'Walthall');
INSERT INTO county_name(id,name) VALUES (1853,'Walton');
INSERT INTO county_name(id,name) VALUES (1854,'Walworth');
INSERT INTO county_name(id,name) VALUES (1855,'Wapello');
INSERT INTO county_name(id,name) VALUES (1856,'Ward');
INSERT INTO county_name(id,name) VALUES (1857,'Ware');
INSERT INTO county_name(id,name) VALUES (1858,'Warren');
INSERT INTO county_name(id,name) VALUES (1859,'Warrick');
INSERT INTO county_name(id,name) VALUES (1860,'Wasatch');
INSERT INTO county_name(id,name) VALUES (1861,'Wasco');
INSERT INTO county_name(id,name) VALUES (1862,'Waseca');
INSERT INTO county_name(id,name) VALUES (1863,'Washakie');
INSERT INTO county_name(id,name) VALUES (1864,'Washburn');
INSERT INTO county_name(id,name) VALUES (1865,'Washington');
INSERT INTO county_name(id,name) VALUES (1866,'Washington Parish');
INSERT INTO county_name(id,name) VALUES (1867,'Washita');
INSERT INTO county_name(id,name) VALUES (1868,'Washoe');
INSERT INTO county_name(id,name) VALUES (1869,'Washtenaw');
INSERT INTO county_name(id,name) VALUES (1870,'Watauga');
INSERT INTO county_name(id,name) VALUES (1871,'Watonwan');
INSERT INTO county_name(id,name) VALUES (1872,'Waukesha');
INSERT INTO county_name(id,name) VALUES (1873,'Waupaca');
INSERT INTO county_name(id,name) VALUES (1874,'Waushara');
INSERT INTO county_name(id,name) VALUES (1875,'Wayne');
INSERT INTO county_name(id,name) VALUES (1876,'Waynesboro city');
INSERT INTO county_name(id,name) VALUES (1877,'Weakley');
INSERT INTO county_name(id,name) VALUES (1878,'Webb');
INSERT INTO county_name(id,name) VALUES (1879,'Weber');
INSERT INTO county_name(id,name) VALUES (1880,'Webster');
INSERT INTO county_name(id,name) VALUES (1881,'Webster Parish');
INSERT INTO county_name(id,name) VALUES (1882,'Weld');
INSERT INTO county_name(id,name) VALUES (1883,'Wells');
INSERT INTO county_name(id,name) VALUES (1884,'West Baton Rouge Parish');
INSERT INTO county_name(id,name) VALUES (1885,'West Carroll Parish');
INSERT INTO county_name(id,name) VALUES (1886,'West Feliciana Parish');
INSERT INTO county_name(id,name) VALUES (1887,'Westchester');
INSERT INTO county_name(id,name) VALUES (1888,'Western District');
INSERT INTO county_name(id,name) VALUES (1889,'Westmoreland');
INSERT INTO county_name(id,name) VALUES (1890,'Weston');
INSERT INTO county_name(id,name) VALUES (1891,'Wetzel');
INSERT INTO county_name(id,name) VALUES (1892,'Wexford');
INSERT INTO county_name(id,name) VALUES (1893,'Wharton');
INSERT INTO county_name(id,name) VALUES (1894,'Whatcom');
INSERT INTO county_name(id,name) VALUES (1895,'Wheatland');
INSERT INTO county_name(id,name) VALUES (1896,'Wheeler');
INSERT INTO county_name(id,name) VALUES (1897,'White');
INSERT INTO county_name(id,name) VALUES (1898,'White Pine');
INSERT INTO county_name(id,name) VALUES (1899,'Whiteside');
INSERT INTO county_name(id,name) VALUES (1900,'Whitfield');
INSERT INTO county_name(id,name) VALUES (1901,'Whitley');
INSERT INTO county_name(id,name) VALUES (1902,'Whitman');
INSERT INTO county_name(id,name) VALUES (1903,'Wibaux');
INSERT INTO county_name(id,name) VALUES (1904,'Wichita');
INSERT INTO county_name(id,name) VALUES (1905,'Wicomico');
INSERT INTO county_name(id,name) VALUES (1906,'Wilbarger');
INSERT INTO county_name(id,name) VALUES (1907,'Wilcox');
INSERT INTO county_name(id,name) VALUES (1908,'Wilkes');
INSERT INTO county_name(id,name) VALUES (1909,'Wilkin');
INSERT INTO county_name(id,name) VALUES (1910,'Wilkinson');
INSERT INTO county_name(id,name) VALUES (1911,'Will');
INSERT INTO county_name(id,name) VALUES (1912,'Willacy');
INSERT INTO county_name(id,name) VALUES (1913,'Williams');
INSERT INTO county_name(id,name) VALUES (1914,'Williamsburg city');
INSERT INTO county_name(id,name) VALUES (1915,'Williamsburg');
INSERT INTO county_name(id,name) VALUES (1916,'Williamson');
INSERT INTO county_name(id,name) VALUES (1917,'Wilson');
INSERT INTO county_name(id,name) VALUES (1918,'Winchester city');
INSERT INTO county_name(id,name) VALUES (1919,'Windham');
INSERT INTO county_name(id,name) VALUES (1920,'Windsor');
INSERT INTO county_name(id,name) VALUES (1921,'Winkler');
INSERT INTO county_name(id,name) VALUES (1922,'Winn Parish');
INSERT INTO county_name(id,name) VALUES (1923,'Winnebago');
INSERT INTO county_name(id,name) VALUES (1924,'Winneshiek');
INSERT INTO county_name(id,name) VALUES (1925,'Winona');
INSERT INTO county_name(id,name) VALUES (1926,'Winston');
INSERT INTO county_name(id,name) VALUES (1927,'Wirt');
INSERT INTO county_name(id,name) VALUES (1928,'Wise');
INSERT INTO county_name(id,name) VALUES (1929,'Wolfe');
INSERT INTO county_name(id,name) VALUES (1930,'Wood');
INSERT INTO county_name(id,name) VALUES (1931,'Woodbury');
INSERT INTO county_name(id,name) VALUES (1932,'Woodford');
INSERT INTO county_name(id,name) VALUES (1933,'Woodruff');
INSERT INTO county_name(id,name) VALUES (1934,'Woods');
INSERT INTO county_name(id,name) VALUES (1935,'Woodson');
INSERT INTO county_name(id,name) VALUES (1936,'Woodward');
INSERT INTO county_name(id,name) VALUES (1937,'Worcester');
INSERT INTO county_name(id,name) VALUES (1938,'Worth');
INSERT INTO county_name(id,name) VALUES (1939,'Wrangell City and Borough');
INSERT INTO county_name(id,name) VALUES (1940,'Wright');
INSERT INTO county_name(id,name) VALUES (1941,'Wyandot');
INSERT INTO county_name(id,name) VALUES (1942,'Wyandotte');
INSERT INTO county_name(id,name) VALUES (1943,'Wyoming');
INSERT INTO county_name(id,name) VALUES (1944,'Wythe');
INSERT INTO county_name(id,name) VALUES (1945,'Yabucoa Municipio');
INSERT INTO county_name(id,name) VALUES (1946,'Yadkin');
INSERT INTO county_name(id,name) VALUES (1947,'Yakima');
INSERT INTO county_name(id,name) VALUES (1948,'Yakutat City and Borough');
INSERT INTO county_name(id,name) VALUES (1949,'Yalobusha');
INSERT INTO county_name(id,name) VALUES (1950,'Yamhill');
INSERT INTO county_name(id,name) VALUES (1951,'Yancey');
INSERT INTO county_name(id,name) VALUES (1952,'Yankton');
INSERT INTO county_name(id,name) VALUES (1953,'Yates');
INSERT INTO county_name(id,name) VALUES (1954,'Yauco Municipio');
INSERT INTO county_name(id,name) VALUES (1955,'Yavapai');
INSERT INTO county_name(id,name) VALUES (1956,'Yazoo');
INSERT INTO county_name(id,name) VALUES (1957,'Yell');
INSERT INTO county_name(id,name) VALUES (1958,'Yellow Medicine');
INSERT INTO county_name(id,name) VALUES (1959,'Yellowstone');
INSERT INTO county_name(id,name) VALUES (1960,'Yoakum');
INSERT INTO county_name(id,name) VALUES (1961,'Yolo');
INSERT INTO county_name(id,name) VALUES (1962,'York');
INSERT INTO county_name(id,name) VALUES (1963,'Young');
INSERT INTO county_name(id,name) VALUES (1964,'Yuba');
INSERT INTO county_name(id,name) VALUES (1965,'Yukon-Koyukuk Census Area');
INSERT INTO county_name(id,name) VALUES (1966,'Yuma');
INSERT INTO county_name(id,name) VALUES (1967,'Zapata');
INSERT INTO county_name(id,name) VALUES (1968,'Zavala');
INSERT INTO county_name(id,name) VALUES (1969,'Ziebach');

--CQ_ZONE ---------------------------------------------------------------------
INSERT INTO cq_zone(id,cqzone,description,weblink_id) VALUES (1,1,'Northwestern Zone of North America',NULL);
INSERT INTO cq_zone(id,cqzone,description,weblink_id) VALUES (2,2,'Northeastern Zone of North America',NULL);
INSERT INTO cq_zone(id,cqzone,description,weblink_id) VALUES (3,3,'Western Zone of North America',NULL);
INSERT INTO cq_zone(id,cqzone,description,weblink_id) VALUES (4,4,'Central Zone of North America',NULL);
INSERT INTO cq_zone(id,cqzone,description,weblink_id) VALUES (5,5,'Eastern Zone of North America',NULL);
INSERT INTO cq_zone(id,cqzone,description,weblink_id) VALUES (6,6,'Southern Zone of North America',NULL);
INSERT INTO cq_zone(id,cqzone,description,weblink_id) VALUES (7,7,'Central American Zone',NULL);
INSERT INTO cq_zone(id,cqzone,description,weblink_id) VALUES (8,8,'West Indies Zone',NULL);
INSERT INTO cq_zone(id,cqzone,description,weblink_id) VALUES (9,9,'Northern Zone of South America',NULL);
INSERT INTO cq_zone(id,cqzone,description,weblink_id) VALUES (10,10,'Western Zone of South America',NULL);
INSERT INTO cq_zone(id,cqzone,description,weblink_id) VALUES (11,11,'Central Zone of South America',NULL);
INSERT INTO cq_zone(id,cqzone,description,weblink_id) VALUES (12,12,'Southwest Zone of South America',NULL);
INSERT INTO cq_zone(id,cqzone,description,weblink_id) VALUES (13,13,'Southeast Zone of South America',NULL);
INSERT INTO cq_zone(id,cqzone,description,weblink_id) VALUES (14,14,'Western Zone of Europe',NULL);
INSERT INTO cq_zone(id,cqzone,description,weblink_id) VALUES (15,15,'Central European Zone',NULL);
INSERT INTO cq_zone(id,cqzone,description,weblink_id) VALUES (16,16,'Eastern Zone of Europe',NULL);
INSERT INTO cq_zone(id,cqzone,description,weblink_id) VALUES (17,17,'Western Zone of Siberia',NULL);
INSERT INTO cq_zone(id,cqzone,description,weblink_id) VALUES (18,18,'Central Siberian Zone',NULL);
INSERT INTO cq_zone(id,cqzone,description,weblink_id) VALUES (19,19,'Eastern Siberian Zone',NULL);
INSERT INTO cq_zone(id,cqzone,description,weblink_id) VALUES (20,20,'Balkan Zone',NULL);
INSERT INTO cq_zone(id,cqzone,description,weblink_id) VALUES (21,21,'Southwestern Zone of Asia',NULL);
INSERT INTO cq_zone(id,cqzone,description,weblink_id) VALUES (22,22,'Southern Zone of Asia',NULL);
INSERT INTO cq_zone(id,cqzone,description,weblink_id) VALUES (23,23,'Central Zone of Asia',NULL);
INSERT INTO cq_zone(id,cqzone,description,weblink_id) VALUES (24,24,'Eastern Zone of Asia',NULL);
INSERT INTO cq_zone(id,cqzone,description,weblink_id) VALUES (25,25,'Japanese Zone',NULL);
INSERT INTO cq_zone(id,cqzone,description,weblink_id) VALUES (26,26,'Southeastern Zone of Asia',NULL);
INSERT INTO cq_zone(id,cqzone,description,weblink_id) VALUES (27,27,'Philippine Zone',NULL);
INSERT INTO cq_zone(id,cqzone,description,weblink_id) VALUES (28,28,'Indonesian Zone',NULL);
INSERT INTO cq_zone(id,cqzone,description,weblink_id) VALUES (29,29,'Western Zone of Australia',NULL);
INSERT INTO cq_zone(id,cqzone,description,weblink_id) VALUES (30,30,'Eastern Zone of Australia',NULL);
INSERT INTO cq_zone(id,cqzone,description,weblink_id) VALUES (31,31,'Central Pacific Zone',NULL);
INSERT INTO cq_zone(id,cqzone,description,weblink_id) VALUES (32,32,'New Zealand Zone',NULL);
INSERT INTO cq_zone(id,cqzone,description,weblink_id) VALUES (33,33,'Northwestern Zone of Africa',NULL);
INSERT INTO cq_zone(id,cqzone,description,weblink_id) VALUES (34,34,'Northeastern Zone of Africa',NULL);
INSERT INTO cq_zone(id,cqzone,description,weblink_id) VALUES (35,35,'Central Zone of Africa',NULL);
INSERT INTO cq_zone(id,cqzone,description,weblink_id) VALUES (36,36,'Equatorial Zone of Africa',NULL);
INSERT INTO cq_zone(id,cqzone,description,weblink_id) VALUES (37,37,'Eastern Zone of Africa',NULL);
INSERT INTO cq_zone(id,cqzone,description,weblink_id) VALUES (38,38,'South African Zone',NULL);
INSERT INTO cq_zone(id,cqzone,description,weblink_id) VALUES (39,39,'Madagascar Zone',NULL);
INSERT INTO cq_zone(id,cqzone,description,weblink_id) VALUES (40,40,'North Atlantic Zone',NULL);

--CREDIT_AWARD ----------------------------------------------------------------
INSERT INTO credit_award(id,name) VALUES (1,'DX');
INSERT INTO credit_award(id,name) VALUES (2,'DX Century Club (DXCC)');
INSERT INTO credit_award(id,name) VALUES (3,'DX Field');
INSERT INTO credit_award(id,name) VALUES (4,'eAustralia');
INSERT INTO credit_award(id,name) VALUES (5,'eCanada');
INSERT INTO credit_award(id,name) VALUES (6,'eCounty');
INSERT INTO credit_award(id,name) VALUES (7,'eDX');
INSERT INTO credit_award(id,name) VALUES (8,'eDX100');
INSERT INTO credit_award(id,name) VALUES (9,'eEcholink50');
INSERT INTO credit_award(id,name) VALUES (10,'eGrid');
INSERT INTO credit_award(id,name) VALUES (11,'ePfx300');
INSERT INTO credit_award(id,name) VALUES (12,'eWAS');
INSERT INTO credit_award(id,name) VALUES (13,'eZ40');
INSERT INTO credit_award(id,name) VALUES (14,'Fred Fish Memorial Award (FFMA)');
INSERT INTO credit_award(id,name) VALUES (15,'Islands on the Air (IOTA)');
INSERT INTO credit_award(id,name) VALUES (16,'Russian Districts Award (RDA)');
INSERT INTO credit_award(id,name) VALUES (17,'United States of America Counties (USA-CA)');
INSERT INTO credit_award(id,name) VALUES (18,'VHF/UHF Century Club Program (VUCC)');
INSERT INTO credit_award(id,name) VALUES (19,'Worked All Britain (WAB)');
INSERT INTO credit_award(id,name) VALUES (20,'Worked All Continents (WAC)');
INSERT INTO credit_award(id,name) VALUES (21,'Worked All Europe (WAE)');
INSERT INTO credit_award(id,name) VALUES (22,'Worked All Italian Provinces (WAIP)');
INSERT INTO credit_award(id,name) VALUES (23,'Worked All States (WAS)');
INSERT INTO credit_award(id,name) VALUES (24,'Worked All Zones (WAZ)');
INSERT INTO credit_award(id,name) VALUES (25,'Worked ITU Zones (WITUZ)');
INSERT INTO credit_award(id,name) VALUES (26,'WPX');

--CREDIT_FACET ----------------------------------------------------------------
INSERT INTO credit_facet(id,name) VALUES (1,'Band');
INSERT INTO credit_facet(id,name) VALUES (2,'Continent');
INSERT INTO credit_facet(id,name) VALUES (3,'Echolink');
INSERT INTO credit_facet(id,name) VALUES (4,'EME');
INSERT INTO credit_facet(id,name) VALUES (5,'Group');
INSERT INTO credit_facet(id,name) VALUES (6,'Mixed');
INSERT INTO credit_facet(id,name) VALUES (7,'Mobile');
INSERT INTO credit_facet(id,name) VALUES (8,'Mode');
INSERT INTO credit_facet(id,name) VALUES (9,'Novice');
INSERT INTO credit_facet(id,name) VALUES (10,'QRP');
INSERT INTO credit_facet(id,name) VALUES (11,'Satellite');
INSERT INTO credit_facet(id,name) VALUES (12,'State');

--CREDIT_SPONSOR --------------------------------------------------------------
INSERT INTO credit_sponsor(id,name) VALUES (1,'ARI');
INSERT INTO credit_sponsor(id,name) VALUES (2,'ARRL');
INSERT INTO credit_sponsor(id,name) VALUES (3,'CQ Magazine');
INSERT INTO credit_sponsor(id,name) VALUES (4,'DARC');
INSERT INTO credit_sponsor(id,name) VALUES (5,'eQSL');
INSERT INTO credit_sponsor(id,name) VALUES (6,'IARU');
INSERT INTO credit_sponsor(id,name) VALUES (7,'RSGB');
INSERT INTO credit_sponsor(id,name) VALUES (8,'TAG');
INSERT INTO credit_sponsor(id,name) VALUES (9,'WAB AG');

--CREDIT ----------------------------------------------------------------------
INSERT INTO credit(id,credit_for,sponsor_id,award_id,facet_id) VALUES (1,'CQDX',3,1,6);
INSERT INTO credit(id,credit_for,sponsor_id,award_id,facet_id) VALUES (2,'CQDX_BAND',3,1,1);
INSERT INTO credit(id,credit_for,sponsor_id,award_id,facet_id) VALUES (3,'CQDX_MODE',3,1,8);
INSERT INTO credit(id,credit_for,sponsor_id,award_id,facet_id) VALUES (4,'CQDX_MOBILE',3,1,7);
INSERT INTO credit(id,credit_for,sponsor_id,award_id,facet_id) VALUES (5,'CQDX_QRP',3,1,10);
INSERT INTO credit(id,credit_for,sponsor_id,award_id,facet_id) VALUES (6,'CQDX_SATELLITE',3,1,11);
INSERT INTO credit(id,credit_for,sponsor_id,award_id,facet_id) VALUES (7,'CQDXFIELD',3,3,6);
INSERT INTO credit(id,credit_for,sponsor_id,award_id,facet_id) VALUES (8,'CQDXFIELD_BAND',3,3,1);
INSERT INTO credit(id,credit_for,sponsor_id,award_id,facet_id) VALUES (9,'CQDXFIELD_MODE',3,3,8);
INSERT INTO credit(id,credit_for,sponsor_id,award_id,facet_id) VALUES (10,'CQDXFIELD_MOBILE',3,3,7);
INSERT INTO credit(id,credit_for,sponsor_id,award_id,facet_id) VALUES (11,'CQDXFIELD_QRP',3,3,10);
INSERT INTO credit(id,credit_for,sponsor_id,award_id,facet_id) VALUES (12,'CQDXFIELD_SATELLITE',3,3,11);
INSERT INTO credit(id,credit_for,sponsor_id,award_id,facet_id) VALUES (13,'CQWAZ_MIXED',3,24,6);
INSERT INTO credit(id,credit_for,sponsor_id,award_id,facet_id) VALUES (14,'CQWAZ_BAND',3,24,1);
INSERT INTO credit(id,credit_for,sponsor_id,award_id,facet_id) VALUES (15,'CQWAZ_MODE',3,24,8);
INSERT INTO credit(id,credit_for,sponsor_id,award_id,facet_id) VALUES (16,'CQWAZ_SATELLITE',3,24,11);
INSERT INTO credit(id,credit_for,sponsor_id,award_id,facet_id) VALUES (17,'CQWAZ_EME',3,24,4);
INSERT INTO credit(id,credit_for,sponsor_id,award_id,facet_id) VALUES (18,'CQWAZ_MOBILE',3,24,7);
INSERT INTO credit(id,credit_for,sponsor_id,award_id,facet_id) VALUES (19,'CQWAZ_QRP',3,24,10);
INSERT INTO credit(id,credit_for,sponsor_id,award_id,facet_id) VALUES (20,'CQWPX',3,26,6);
INSERT INTO credit(id,credit_for,sponsor_id,award_id,facet_id) VALUES (21,'CQWPX_BAND',3,26,1);
INSERT INTO credit(id,credit_for,sponsor_id,award_id,facet_id) VALUES (22,'CQWPX_MODE',3,26,8);
INSERT INTO credit(id,credit_for,sponsor_id,award_id,facet_id) VALUES (23,'DXCC',2,2,6);
INSERT INTO credit(id,credit_for,sponsor_id,award_id,facet_id) VALUES (24,'DXCC_BAND',2,2,1);
INSERT INTO credit(id,credit_for,sponsor_id,award_id,facet_id) VALUES (25,'DXCC_MODE',2,2,8);
INSERT INTO credit(id,credit_for,sponsor_id,award_id,facet_id) VALUES (26,'DXCC_SATELLITE',2,2,11);
INSERT INTO credit(id,credit_for,sponsor_id,award_id,facet_id) VALUES (27,'EAUSTRALIA',5,4,6);
INSERT INTO credit(id,credit_for,sponsor_id,award_id,facet_id) VALUES (28,'ECANADA',5,5,6);
INSERT INTO credit(id,credit_for,sponsor_id,award_id,facet_id) VALUES (29,'ECOUNTY_STATE',5,6,12);
INSERT INTO credit(id,credit_for,sponsor_id,award_id,facet_id) VALUES (30,'EDX',5,7,6);
INSERT INTO credit(id,credit_for,sponsor_id,award_id,facet_id) VALUES (31,'EDX100',5,8,6);
INSERT INTO credit(id,credit_for,sponsor_id,award_id,facet_id) VALUES (32,'EDX100_BAND',5,8,1);
INSERT INTO credit(id,credit_for,sponsor_id,award_id,facet_id) VALUES (33,'EDX100_MODE',5,8,8);
INSERT INTO credit(id,credit_for,sponsor_id,award_id,facet_id) VALUES (34,'EECHOLINK50',5,9,3);
INSERT INTO credit(id,credit_for,sponsor_id,award_id,facet_id) VALUES (35,'EGRID_BAND',5,10,1);
INSERT INTO credit(id,credit_for,sponsor_id,award_id,facet_id) VALUES (36,'EGRID_SATELLITE',5,10,11);
INSERT INTO credit(id,credit_for,sponsor_id,award_id,facet_id) VALUES (37,'EPFX300',5,11,6);
INSERT INTO credit(id,credit_for,sponsor_id,award_id,facet_id) VALUES (38,'EPFX300_MODE',5,11,8);
INSERT INTO credit(id,credit_for,sponsor_id,award_id,facet_id) VALUES (39,'EWAS',5,12,6);
INSERT INTO credit(id,credit_for,sponsor_id,award_id,facet_id) VALUES (40,'EWAS_BAND',5,12,1);
INSERT INTO credit(id,credit_for,sponsor_id,award_id,facet_id) VALUES (41,'EWAS_MODE',5,12,8);
INSERT INTO credit(id,credit_for,sponsor_id,award_id,facet_id) VALUES (42,'EWAS_SATELLITE',5,12,11);
INSERT INTO credit(id,credit_for,sponsor_id,award_id,facet_id) VALUES (43,'EZ40',5,13,6);
INSERT INTO credit(id,credit_for,sponsor_id,award_id,facet_id) VALUES (44,'EZ40_MODE',5,13,8);
INSERT INTO credit(id,credit_for,sponsor_id,award_id,facet_id) VALUES (45,'FFMA',2,14,6);
INSERT INTO credit(id,credit_for,sponsor_id,award_id,facet_id) VALUES (46,'IOTA',7,15,6);
INSERT INTO credit(id,credit_for,sponsor_id,award_id,facet_id) VALUES (47,'IOTA_BASIC',7,15,6);
INSERT INTO credit(id,credit_for,sponsor_id,award_id,facet_id) VALUES (48,'IOTA_CONT',7,15,2);
INSERT INTO credit(id,credit_for,sponsor_id,award_id,facet_id) VALUES (49,'IOTA_GROUP',7,15,5);
INSERT INTO credit(id,credit_for,sponsor_id,award_id,facet_id) VALUES (50,'RDA',8,16,6);
INSERT INTO credit(id,credit_for,sponsor_id,award_id,facet_id) VALUES (51,'USACA',3,17,6);
INSERT INTO credit(id,credit_for,sponsor_id,award_id,facet_id) VALUES (52,'VUCC_BAND',2,18,1);
INSERT INTO credit(id,credit_for,sponsor_id,award_id,facet_id) VALUES (53,'VUCC_SATELLITE',2,18,11);
INSERT INTO credit(id,credit_for,sponsor_id,award_id,facet_id) VALUES (54,'WAB',9,19,6);
INSERT INTO credit(id,credit_for,sponsor_id,award_id,facet_id) VALUES (55,'WAC',6,20,6);
INSERT INTO credit(id,credit_for,sponsor_id,award_id,facet_id) VALUES (56,'WAC_BAND',6,20,1);
INSERT INTO credit(id,credit_for,sponsor_id,award_id,facet_id) VALUES (57,'WAE',4,21,6);
INSERT INTO credit(id,credit_for,sponsor_id,award_id,facet_id) VALUES (58,'WAE_BAND',4,21,1);
INSERT INTO credit(id,credit_for,sponsor_id,award_id,facet_id) VALUES (59,'WAE_MODE',4,21,8);
INSERT INTO credit(id,credit_for,sponsor_id,award_id,facet_id) VALUES (60,'WAIP',1,22,6);
INSERT INTO credit(id,credit_for,sponsor_id,award_id,facet_id) VALUES (61,'WAIP_BAND',1,22,1);
INSERT INTO credit(id,credit_for,sponsor_id,award_id,facet_id) VALUES (62,'WAIP_MODE',1,22,8);
INSERT INTO credit(id,credit_for,sponsor_id,award_id,facet_id) VALUES (63,'WAS',2,23,6);
INSERT INTO credit(id,credit_for,sponsor_id,award_id,facet_id) VALUES (64,'WAS_BAND',2,23,1);
INSERT INTO credit(id,credit_for,sponsor_id,award_id,facet_id) VALUES (65,'WAS_EME',2,23,4);
INSERT INTO credit(id,credit_for,sponsor_id,award_id,facet_id) VALUES (66,'WAS_MODE',2,23,8);
INSERT INTO credit(id,credit_for,sponsor_id,award_id,facet_id) VALUES (67,'WAS_NOVICE',2,23,9);
INSERT INTO credit(id,credit_for,sponsor_id,award_id,facet_id) VALUES (68,'WAS_QRP',2,23,10);
INSERT INTO credit(id,credit_for,sponsor_id,award_id,facet_id) VALUES (69,'WAS_SATELLITE',2,23,11);
INSERT INTO credit(id,credit_for,sponsor_id,award_id,facet_id) VALUES (70,'WITUZ',7,25,6);
INSERT INTO credit(id,credit_for,sponsor_id,award_id,facet_id) VALUES (71,'WITUZ_BAND',7,25,1);

--IARU_REGION -----------------------------------------------------------------
INSERT INTO iaru_region(id,region,description,weblink_id) VALUES (1,'Region-1','Europe, Africa, Middle East and Northern Asia',NULL);
INSERT INTO iaru_region(id,region,description,weblink_id) VALUES (2,'Region-2','The Americas',NULL);
INSERT INTO iaru_region(id,region,description,weblink_id) VALUES (3,'Region-3','Asia-Pacific',NULL);

--IARU_REGION_MEMBER ----------------------------------------------------------
INSERT INTO iaru_region_member(id,iaru_region_id,name,country_territory) VALUES (1,1,'ALBANIAN AMATEUR RADIO ASSOCIATION (AARA)','Albania');
INSERT INTO iaru_region_member(id,iaru_region_id,name,country_territory) VALUES (2,1,'AMATEURS RADIO ALGERIENS (ARA)','Algeria');
INSERT INTO iaru_region_member(id,iaru_region_id,name,country_territory) VALUES (3,1,'UNIO DE RADIOAFICIONATS ANDORRANS (URA)','Andorra');
INSERT INTO iaru_region_member(id,iaru_region_id,name,country_territory) VALUES (4,1,'FEDERATION OF RADIOSPORT OF THE REPUBLIC OF ARMENIA (FRRA)','Armenia');
INSERT INTO iaru_region_member(id,iaru_region_id,name,country_territory) VALUES (5,1,'OSTERREICHISCHER VERSUCHSSENDERVERBAND (OEVSV)','Austria');
INSERT INTO iaru_region_member(id,iaru_region_id,name,country_territory) VALUES (6,1,'FEDERATION OF RADIO SPORT OF REPUBLIC OF AZERBAIJAN (FRS)','Azerbaijan');
INSERT INTO iaru_region_member(id,iaru_region_id,name,country_territory) VALUES (7,1,'AMATEUR RADIO ASSOCIATION OF BAHRAIN (ARAB)','Bahrain');
INSERT INTO iaru_region_member(id,iaru_region_id,name,country_territory) VALUES (8,1,'BELARUS FEDERATION OF RADIOAMATEURS AND RADIOSPORTSMEN (BFRR)','Belarus');
INSERT INTO iaru_region_member(id,iaru_region_id,name,country_territory) VALUES (9,1,'KONINKLIJKE UNIE VAN DE BELGISCHE ZENDAMATEURS (UBA)','Belgium');
INSERT INTO iaru_region_member(id,iaru_region_id,name,country_territory) VALUES (10,1,'ASOCIJACIJA RADIOAMATERA BOSNE I HERCEGOVINE (ARABiH)','Bosnia & Hercegovina');
INSERT INTO iaru_region_member(id,iaru_region_id,name,country_territory) VALUES (11,1,'BOTSWANA AMATEUR RADIO SOCIETY (BARS)','Bostwana');
INSERT INTO iaru_region_member(id,iaru_region_id,name,country_territory) VALUES (12,1,'BULGARIAN FEDERATION OF RADIO AMATEURS (BFRA)','Bulgaria');
INSERT INTO iaru_region_member(id,iaru_region_id,name,country_territory) VALUES (13,1,'ASSOCIATION DES RADIOAMATEURS DU BURKINA FASO (ARBF)','Burkina Faso');
INSERT INTO iaru_region_member(id,iaru_region_id,name,country_territory) VALUES (14,1,'ASSOCIATION BURUNDAISE DES AMATEURS RADIO ET TELEVISION (ABART)','Burundi');
INSERT INTO iaru_region_member(id,iaru_region_id,name,country_territory) VALUES (15,1,'ASSOCIATION DES RADIO AMATEURS DU CAMEROUN (ARTJ)','Cameroun');
INSERT INTO iaru_region_member(id,iaru_region_id,name,country_territory) VALUES (16,1,'UNION DES RADIOAMATEURS DU CONGO (URAC)','Congo');
INSERT INTO iaru_region_member(id,iaru_region_id,name,country_territory) VALUES (17,1,'ASSOCIATION DES RADIO AMATEURS IVOIRIENS (ARAI)','Cote d''Ivoire');
INSERT INTO iaru_region_member(id,iaru_region_id,name,country_territory) VALUES (18,1,'HRVATSKI RADIOAMATERSKI SAVEZ (HRS)','Croatia');
INSERT INTO iaru_region_member(id,iaru_region_id,name,country_territory) VALUES (19,1,'CYPRUS AMATEUR RADIO SOCIETY (CARS)','Cyprus');
INSERT INTO iaru_region_member(id,iaru_region_id,name,country_territory) VALUES (20,1,'CZECH RADIO CLUB (CRC)','Czech Republic');
INSERT INTO iaru_region_member(id,iaru_region_id,name,country_territory) VALUES (21,1,'ASSOCIATION DES RADIO AMATEURS DU CONGO (ARAC)','Democratic Republic of Congo');
INSERT INTO iaru_region_member(id,iaru_region_id,name,country_territory) VALUES (22,1,'EXPERIMENTERENDE DANSKE RADIOAMATOERER (EDR)','Denmark');
INSERT INTO iaru_region_member(id,iaru_region_id,name,country_territory) VALUES (23,1,'ASSOCIATION DES RADIOAMATEURS DE DJIBOUTI (ARAD)','Djibouti');
INSERT INTO iaru_region_member(id,iaru_region_id,name,country_territory) VALUES (24,1,'EGYPTIAN RADIO AMATEURS SOCIETY FOR DEVELOPMENT (ERASD)','Egypt');
INSERT INTO iaru_region_member(id,iaru_region_id,name,country_territory) VALUES (25,1,'ESTONIAN RADIO AMATEURS UNION (ERAU)','Estonia');
INSERT INTO iaru_region_member(id,iaru_region_id,name,country_territory) VALUES (26,1,'ETHIOPIAN AMATEUR RADIO SOCIETY (EARS)','Ethiopia');
INSERT INTO iaru_region_member(id,iaru_region_id,name,country_territory) VALUES (27,1,'FOROYSKIR RADIOAMATORAR (FRA)','Faroe Islands');
INSERT INTO iaru_region_member(id,iaru_region_id,name,country_territory) VALUES (28,1,'SUOMEN RADIOAMATOORILIITTO ry (SRAL)','Finland');
INSERT INTO iaru_region_member(id,iaru_region_id,name,country_territory) VALUES (29,1,'RADIOAMATERSKI SOJUZ NA MAKEDONIJA (RSM)','Former Yugoslav Republic of Macedonia');
INSERT INTO iaru_region_member(id,iaru_region_id,name,country_territory) VALUES (30,1,'UNION FRANCAISE DES RADIOAMATEURS (REF)','France');
INSERT INTO iaru_region_member(id,iaru_region_id,name,country_territory) VALUES (31,1,'ASSOCIATION GABONAISE DES RADIO AMATEURS (AGRA)','Gabon');
INSERT INTO iaru_region_member(id,iaru_region_id,name,country_territory) VALUES (32,1,'RADIO SOCIETY OF GAMBIA (RSTG)','Gambia');
INSERT INTO iaru_region_member(id,iaru_region_id,name,country_territory) VALUES (33,1,'NATIONAL ASSOCIATION OF RADIOAMATEURS OF GEORGIA (NARG)','Georgia');
INSERT INTO iaru_region_member(id,iaru_region_id,name,country_territory) VALUES (34,1,'DEUTSCHER AMATEUR RADIO CLUB (DARC)','Germany');
INSERT INTO iaru_region_member(id,iaru_region_id,name,country_territory) VALUES (35,1,'GHANA AMATEUR RADIO SOCIETY (GARS)','Ghana');
INSERT INTO iaru_region_member(id,iaru_region_id,name,country_territory) VALUES (36,1,'GIBRALTAR AMATEUR RADIO SOCIETY (GARS)','Gibraltar');
INSERT INTO iaru_region_member(id,iaru_region_id,name,country_territory) VALUES (37,1,'RADIO AMATEUR ASSOCIATION OF GREECE (RAAG)','Greece');
INSERT INTO iaru_region_member(id,iaru_region_id,name,country_territory) VALUES (38,1,'HUNGARIAN RADIO AMATEUR SOCIETY (MRASZ)','Hungary');
INSERT INTO iaru_region_member(id,iaru_region_id,name,country_territory) VALUES (39,1,'ISLENZKIR RADIOAMATORAR (IRA)','Iceland');
INSERT INTO iaru_region_member(id,iaru_region_id,name,country_territory) VALUES (40,1,'IRAQI AMATEUR RADIO SOCIETY (IARS)','Iraq');
INSERT INTO iaru_region_member(id,iaru_region_id,name,country_territory) VALUES (41,1,'IRISH RADIO TRANSMITTERS SOCIETY (IRTS)','Ireland');
INSERT INTO iaru_region_member(id,iaru_region_id,name,country_territory) VALUES (42,1,'ISRAEL AMATEUR RADIO CLUB (IARC)','Israel');
INSERT INTO iaru_region_member(id,iaru_region_id,name,country_territory) VALUES (43,1,'ASSOCIAZIONE RADIOAMATORI ITALIANI (ARI)','Italy');
INSERT INTO iaru_region_member(id,iaru_region_id,name,country_territory) VALUES (44,1,'ROYAL JORDANIAN RADIO AMATEURS SOCIETY (RJARS)','Jordan');
INSERT INTO iaru_region_member(id,iaru_region_id,name,country_territory) VALUES (45,1,'AMATEUR RADIO SOCIETY OF KENYA (ARSK)','Kenya');
INSERT INTO iaru_region_member(id,iaru_region_id,name,country_territory) VALUES (46,1,'SHOQATA E RADIO AMATOREVE TE KOSOVES (SHRAK)','Kosovo');
INSERT INTO iaru_region_member(id,iaru_region_id,name,country_territory) VALUES (47,1,'KUWAIT AMATEUR RADIO SOCIETY (KARS)','Kuwait');
INSERT INTO iaru_region_member(id,iaru_region_id,name,country_territory) VALUES (48,1,'LATVIJAS RADIOAMATIERU LIGA (LRAL)','Latvia');
INSERT INTO iaru_region_member(id,iaru_region_id,name,country_territory) VALUES (49,1,'RADIO AMATEURS OF LEBANON (RAL)','Lebanon');
INSERT INTO iaru_region_member(id,iaru_region_id,name,country_territory) VALUES (50,1,'LESOTHO AMATEUR RADIO SOCIETY (LARS)','Lesotho');
INSERT INTO iaru_region_member(id,iaru_region_id,name,country_territory) VALUES (51,1,'LIBERIA RADIO AMATEUR ASSOCIATION (LRAA)','Liberia');
INSERT INTO iaru_region_member(id,iaru_region_id,name,country_territory) VALUES (52,1,'AMATEURFUNK VEREIN LIECHTENSTEIN (AFVL)','Liechtenstein');
INSERT INTO iaru_region_member(id,iaru_region_id,name,country_territory) VALUES (53,1,'LIETUVOS RADIJO MEGEJU DRAUGIJA (LRMD)','Lithuania');
INSERT INTO iaru_region_member(id,iaru_region_id,name,country_territory) VALUES (54,1,'RESEAU LUXEMBOURGEOIS DES AMATEURS D''ONDES COURTES (RL)','Luxembourg');
INSERT INTO iaru_region_member(id,iaru_region_id,name,country_territory) VALUES (55,1,'CLUB DES RADIOAMATEURS ET AFFILIES DU MALI (CRAM)','Mali');
INSERT INTO iaru_region_member(id,iaru_region_id,name,country_territory) VALUES (56,1,'MALTA AMATEUR RADIO LEAGUE (MARL)','Malta');
INSERT INTO iaru_region_member(id,iaru_region_id,name,country_territory) VALUES (57,1,'MAURITIUS AMATEUR RADIO SOCIETY (MARS)','Mauritius');
INSERT INTO iaru_region_member(id,iaru_region_id,name,country_territory) VALUES (58,1,'ASOCIATA RADIOAMATORILOR DIN REPUBLICA MOLDOVA (ARDM)','Moldova');
INSERT INTO iaru_region_member(id,iaru_region_id,name,country_territory) VALUES (59,1,'ASSOCIATION DES RADIO AMATEURS DE MONACO (ARM)','Monaco');
INSERT INTO iaru_region_member(id,iaru_region_id,name,country_territory) VALUES (60,1,'MONGOLIAN RADIO SPORT FEDERATION (MRSF)','Mongolia');
INSERT INTO iaru_region_member(id,iaru_region_id,name,country_territory) VALUES (61,1,'MONTENEGRIN AMATEUR RADIO POOL (MARP)','Montenegro');
INSERT INTO iaru_region_member(id,iaru_region_id,name,country_territory) VALUES (62,1,'ASSOCIATION ROYALE DES RADIO AMATEURS DU MAROC (ARRAM)','Morocco');
INSERT INTO iaru_region_member(id,iaru_region_id,name,country_territory) VALUES (63,1,'LIGA DOS RADIO EMISSORES DE MOCAMBIQUE (LREM)','Mozambique');
INSERT INTO iaru_region_member(id,iaru_region_id,name,country_territory) VALUES (64,1,'NAMIBIAN AMATEUR RADIO LEAGUE (NARL)','Namibia');
INSERT INTO iaru_region_member(id,iaru_region_id,name,country_territory) VALUES (65,1,'VERENIGING VOOR EXPERIMENTEEL RADIO ONDERZOEK IN NEDERLAND (VERON)','Netherlands');
INSERT INTO iaru_region_member(id,iaru_region_id,name,country_territory) VALUES (66,1,'NIGERIA AMATEUR RADIO SOCIETY (NARS)','Nigeria');
INSERT INTO iaru_region_member(id,iaru_region_id,name,country_territory) VALUES (67,1,'NORSK RADIO RELAE LIGA (NRRL)','Norway');
INSERT INTO iaru_region_member(id,iaru_region_id,name,country_territory) VALUES (68,1,'POLSKI ZWIAZEK KROTKOFALOWCOW (PZK)','Poland');
INSERT INTO iaru_region_member(id,iaru_region_id,name,country_territory) VALUES (69,1,'REDE DOS EMISSORES PORTUGUESES (REP)','Portugal');
INSERT INTO iaru_region_member(id,iaru_region_id,name,country_territory) VALUES (70,1,'QATAR AMATEUR RADIO SOCIETY (QARS)','Qatar');
INSERT INTO iaru_region_member(id,iaru_region_id,name,country_territory) VALUES (71,1,'ASSOCIAZIONE RADIOAMATORI DELLA REPUBBLICA DI SAN MARINO (ARRSM)','Rep of San Marino');
INSERT INTO iaru_region_member(id,iaru_region_id,name,country_territory) VALUES (72,1,'KAZAKHSTAN FEDERATION OF RADIOSPORTS AND RADIOAMATEUR (KFRR)','Republic Of Kazakhstan');
INSERT INTO iaru_region_member(id,iaru_region_id,name,country_territory) VALUES (73,1,'ASSOCIATION DES RADIO AMATEURS DU SENEGAL (ARAS)','Republic of Senegal');
INSERT INTO iaru_region_member(id,iaru_region_id,name,country_territory) VALUES (74,1,'ASSOCIATION DES RADIOAMATEURS DE GUINE (ARGUI)','Rpublique de Guine');
INSERT INTO iaru_region_member(id,iaru_region_id,name,country_territory) VALUES (75,1,'FEDERATIA ROMANA DE RADIOAMATORISM (FRR)','Romania');
INSERT INTO iaru_region_member(id,iaru_region_id,name,country_territory) VALUES (76,1,'SOYUZ RADIOLYUBITELEI ROSSII (SRR)','Russian Federation');
INSERT INTO iaru_region_member(id,iaru_region_id,name,country_territory) VALUES (77,1,'RWANDA AMATEUR RADIO UNION (RARU)','Rwanda');
INSERT INTO iaru_region_member(id,iaru_region_id,name,country_territory) VALUES (78,1,'SAVEZ RADIO-AMATERA SRBIJE (SRS)','Serbia');
INSERT INTO iaru_region_member(id,iaru_region_id,name,country_territory) VALUES (79,1,'SIERRA LEONE AMATEUR RADIO SOCIETY (SLARS)','Sierra Leone');
INSERT INTO iaru_region_member(id,iaru_region_id,name,country_territory) VALUES (80,1,'SLOVAK AMATEUR RADIO ASSOCIATION (SARA)','Slovakia');
INSERT INTO iaru_region_member(id,iaru_region_id,name,country_territory) VALUES (81,1,'ZVEZA RADIOAMATERJEV SLOVENIJE (ZRS)','Slovenia');
INSERT INTO iaru_region_member(id,iaru_region_id,name,country_territory) VALUES (82,1,'SOUTH AFRICAN RADIO LEAGUE (SARL)','South Africa');
INSERT INTO iaru_region_member(id,iaru_region_id,name,country_territory) VALUES (83,1,'UNION DE RADIOAFICIONADOS ESPANOLES (URE)','Spain');
INSERT INTO iaru_region_member(id,iaru_region_id,name,country_territory) VALUES (84,1,'ROYAL OMANI AMATEUR RADIO SOCIETY (ROARS)','Sultanate of Oman');
INSERT INTO iaru_region_member(id,iaru_region_id,name,country_territory) VALUES (85,1,'RADIO SOCIETY OF SWAZILAND (RSS)','Swaziland');
INSERT INTO iaru_region_member(id,iaru_region_id,name,country_territory) VALUES (86,1,'FORENINGEN SVERIGES SANDAREAMATORER (SSA)','Sweden');
INSERT INTO iaru_region_member(id,iaru_region_id,name,country_territory) VALUES (87,1,'UNION SCHWEIZERISCHER KURZWELLEN-AMATEURE (USKA)','Switzerland');
INSERT INTO iaru_region_member(id,iaru_region_id,name,country_territory) VALUES (88,1,'SYRIAN SCIENTIFIC TECHNICAL AMATEUR RADIO SOCIETY (SSTARS)','Syria');
INSERT INTO iaru_region_member(id,iaru_region_id,name,country_territory) VALUES (89,1,'TAJIKSTAN AMATEUR RADIO LEAGUE (TARL)','Tajikstan');
INSERT INTO iaru_region_member(id,iaru_region_id,name,country_territory) VALUES (90,1,'TANZANIA AMATEUR RADIO CLUB (TARC)','Tanzania');
INSERT INTO iaru_region_member(id,iaru_region_id,name,country_territory) VALUES (91,1,'ASSOCIATION DES RADIO AMATEURS TUNISIENS (ARAT)','Tunisia');
INSERT INTO iaru_region_member(id,iaru_region_id,name,country_territory) VALUES (92,1,'TELSIZ RADYO AMATORLERI CEMIYETI (TRAC)','Turkey');
INSERT INTO iaru_region_member(id,iaru_region_id,name,country_territory) VALUES (93,1,'LIGA RADIOLJUBITELY TURKMENISTANA (LRT)','Turkmenistan');
INSERT INTO iaru_region_member(id,iaru_region_id,name,country_territory) VALUES (94,1,'UGANDA AMATEUR RADIO SOCIETY (UARS)','Uganda');
INSERT INTO iaru_region_member(id,iaru_region_id,name,country_territory) VALUES (95,1,'UKRAINIAN AMATEUR RADIO LEAGUE (UARL)','Ukraine');
INSERT INTO iaru_region_member(id,iaru_region_id,name,country_territory) VALUES (96,1,'EMIRATES AMATEUR RADIO SOCIETY (EARS)','United Arab Emirates');
INSERT INTO iaru_region_member(id,iaru_region_id,name,country_territory) VALUES (97,1,'RADIO SOCIETY OF GREAT BRITAIN (RSGB)','United Kingdom');
INSERT INTO iaru_region_member(id,iaru_region_id,name,country_territory) VALUES (98,1,'RADIO SOCIETY OF ZAMBIA (RSZ)','Zambia');
INSERT INTO iaru_region_member(id,iaru_region_id,name,country_territory) VALUES (99,1,'ZIMBABWE AMATEUR RADIO SOCIETY (ZARS)','Zimbabwe');
INSERT INTO iaru_region_member(id,iaru_region_id,name,country_territory) VALUES (100,2,'Anguilla Amateur Radio Society [AARS]','ANGUILLA');
INSERT INTO iaru_region_member(id,iaru_region_id,name,country_territory) VALUES (101,2,'Antigua and Barbuda Amateur Radio Society [ABARS]','ANTIGUA AND BARBUDA');
INSERT INTO iaru_region_member(id,iaru_region_id,name,country_territory) VALUES (102,2,'Radio Club Argentino [RCA]','ARGENTINA');
INSERT INTO iaru_region_member(id,iaru_region_id,name,country_territory) VALUES (103,2,'Aruba Amateur Radio Club [AARC]','ARUBA');
INSERT INTO iaru_region_member(id,iaru_region_id,name,country_territory) VALUES (104,2,'Bahamas Amateur Radio Society [BARS]','BAHAMAS');
INSERT INTO iaru_region_member(id,iaru_region_id,name,country_territory) VALUES (105,2,'Amateur Radio Society of Barbados [ARSB]','BARBADOS');
INSERT INTO iaru_region_member(id,iaru_region_id,name,country_territory) VALUES (106,2,'Belize Amateur Radio Club [BARC]','BELIZE');
INSERT INTO iaru_region_member(id,iaru_region_id,name,country_territory) VALUES (107,2,'Radio Society of Bermuda [RSB]','BERMUDA');
INSERT INTO iaru_region_member(id,iaru_region_id,name,country_territory) VALUES (108,2,'Radio Club Boliviano [RCB]','BOLIVIA');
INSERT INTO iaru_region_member(id,iaru_region_id,name,country_territory) VALUES (109,2,'Liga de Amadores Brasileiros de Radio Emisso [LABRE]','BRAZIL');
INSERT INTO iaru_region_member(id,iaru_region_id,name,country_territory) VALUES (110,2,'British Virgin Islands Radio League [BVIRL]','BRITISH VIRGIN ISLANDS');
INSERT INTO iaru_region_member(id,iaru_region_id,name,country_territory) VALUES (111,2,'Radio Amateurs of Canada [RAC]','CANADA');
INSERT INTO iaru_region_member(id,iaru_region_id,name,country_territory) VALUES (112,2,'Cayman Amateur Radio Society [CARS]','CAYMAN ISLANDS');
INSERT INTO iaru_region_member(id,iaru_region_id,name,country_territory) VALUES (113,2,'Radio Club de Chile [RCCH]','CHILE');
INSERT INTO iaru_region_member(id,iaru_region_id,name,country_territory) VALUES (114,2,'Liga Colombiana de Radioaficionados [LCRA]','COLOMBIA');
INSERT INTO iaru_region_member(id,iaru_region_id,name,country_territory) VALUES (115,2,'Radio Club de Costa Rica [RCCR]','COSTA RICA');
INSERT INTO iaru_region_member(id,iaru_region_id,name,country_territory) VALUES (116,2,'Federacion de Radioaficionados de Cuba [FRC]','CUBA');
INSERT INTO iaru_region_member(id,iaru_region_id,name,country_territory) VALUES (117,2,'Dominica Amateur Radio Club Inc. [DARCI]','DOMINICA');
INSERT INTO iaru_region_member(id,iaru_region_id,name,country_territory) VALUES (118,2,'Radio Club Dominicano, Inc. [RCD]','DOMINICAN REPUBLIC');
INSERT INTO iaru_region_member(id,iaru_region_id,name,country_territory) VALUES (119,2,'Guayaquil Radio Club [GRC]','ECUADOR');
INSERT INTO iaru_region_member(id,iaru_region_id,name,country_territory) VALUES (120,2,'Club de Radio Aficionados de El Salvador [CRAS]','EL SALVADOR');
INSERT INTO iaru_region_member(id,iaru_region_id,name,country_territory) VALUES (121,2,'Grenada Amateur Radio Club [GARC]','GRENADA');
INSERT INTO iaru_region_member(id,iaru_region_id,name,country_territory) VALUES (122,2,'Club de Radioaficionados de Guatemala [CRAG]','GUATEMALA');
INSERT INTO iaru_region_member(id,iaru_region_id,name,country_territory) VALUES (123,2,'Guyana Amateur Radio Association [GARA]','GUYANA');
INSERT INTO iaru_region_member(id,iaru_region_id,name,country_territory) VALUES (124,2,'Radio Club dHaiti [RCH]','HAITI');
INSERT INTO iaru_region_member(id,iaru_region_id,name,country_territory) VALUES (125,2,'Radio Club de Honduras [RCH]','HONDURAS');
INSERT INTO iaru_region_member(id,iaru_region_id,name,country_territory) VALUES (126,2,'Jamaica Amateur Radio Association [JARA]','JAMAICA');
INSERT INTO iaru_region_member(id,iaru_region_id,name,country_territory) VALUES (127,2,'Federacion Mexicana de Radio Experimentadores [FMRE]','MEXICO');
INSERT INTO iaru_region_member(id,iaru_region_id,name,country_territory) VALUES (128,2,'Montserrat Amateur Radio Society [MARS]','MONTSERRAT');
INSERT INTO iaru_region_member(id,iaru_region_id,name,country_territory) VALUES (129,2,'Vereniging voor Experimenteel Radio Onderzoek, in de Nederlandse Antillen [VERONA]','NETHERLANDS ANTILLES');
INSERT INTO iaru_region_member(id,iaru_region_id,name,country_territory) VALUES (130,2,'Club de Radio-Experimentadores de Nicaragua [CREN]','NICARAGUA');
INSERT INTO iaru_region_member(id,iaru_region_id,name,country_territory) VALUES (131,2,'Liga Panamena de Radioaficionados [LPRA]','PANAMA');
INSERT INTO iaru_region_member(id,iaru_region_id,name,country_territory) VALUES (132,2,'Radio Club Paraguayo [RCP]','PARAGUAY');
INSERT INTO iaru_region_member(id,iaru_region_id,name,country_territory) VALUES (133,2,'Radio Club Peruano [RCP]','PERU');
INSERT INTO iaru_region_member(id,iaru_region_id,name,country_territory) VALUES (134,2,'St. Kitts-Nevis-Anguilla Amateur Radio Society','ST. KITTS & NEVIS');
INSERT INTO iaru_region_member(id,iaru_region_id,name,country_territory) VALUES (135,2,'St. Vincent & the Grenadines Amateur Radio Club','ST. VINCENT & THE GRENADINES');
INSERT INTO iaru_region_member(id,iaru_region_id,name,country_territory) VALUES (136,2,'Vereniging van Radio Amateurs in Suriname [VRAS]','SURINAME');
INSERT INTO iaru_region_member(id,iaru_region_id,name,country_territory) VALUES (137,2,'Trinidad and Tobago Amateur Radio Society [TTARS]','TRINIDAD & TOBAGO');
INSERT INTO iaru_region_member(id,iaru_region_id,name,country_territory) VALUES (138,2,'Turks and Caicos Amateur Radio Society [TACARS]','TURKS & CAICOS ISLANDS');
INSERT INTO iaru_region_member(id,iaru_region_id,name,country_territory) VALUES (139,2,'American Radio Relay League [ARRL]','U.S.A.');
INSERT INTO iaru_region_member(id,iaru_region_id,name,country_territory) VALUES (140,2,'Radio Club Uruguayo [RCU]','URUGUAY');
INSERT INTO iaru_region_member(id,iaru_region_id,name,country_territory) VALUES (141,2,'Radio Club Venezolano [RCV]','VENEZUELA');
INSERT INTO iaru_region_member(id,iaru_region_id,name,country_territory) VALUES (142,3,'Wireless Institute of Australia [WIA]','AUSTRALIA');
INSERT INTO iaru_region_member(id,iaru_region_id,name,country_territory) VALUES (143,3,'Bangladesh Amateur Radio League [BARL]','BANGLADESH');
INSERT INTO iaru_region_member(id,iaru_region_id,name,country_territory) VALUES (144,3,'Brunei Darussalam Amateur Radio Association [BDARA]','BRUNEI DARUSSALAM');
INSERT INTO iaru_region_member(id,iaru_region_id,name,country_territory) VALUES (145,3,'Chinese Radio Sports Association [CRSA]','CHINA');
INSERT INTO iaru_region_member(id,iaru_region_id,name,country_territory) VALUES (146,3,'Chinese Taipei Amateur Radio League [CTARL]','CHINESE TAIPEI');
INSERT INTO iaru_region_member(id,iaru_region_id,name,country_territory) VALUES (147,3,'Fiji Association of Radio Amateurs [FARA]','FIJI');
INSERT INTO iaru_region_member(id,iaru_region_id,name,country_territory) VALUES (148,3,'Club Oceanien de Radio et d''Astronomie [CORA]','FRENCH POLYNESIA');
INSERT INTO iaru_region_member(id,iaru_region_id,name,country_territory) VALUES (149,3,'Hong Kong Amateur Radio Transmitting Society [HARTS]','HONG KONG');
INSERT INTO iaru_region_member(id,iaru_region_id,name,country_territory) VALUES (150,3,'Amateur Radio Society of India [ARSI]','INDIA');
INSERT INTO iaru_region_member(id,iaru_region_id,name,country_territory) VALUES (151,3,'Organisasi Amatir Radio Indonesia [ORARI]','INDONESIA');
INSERT INTO iaru_region_member(id,iaru_region_id,name,country_territory) VALUES (152,3,'Japan Amateur Radio League [JARL]','JAPAN');
INSERT INTO iaru_region_member(id,iaru_region_id,name,country_territory) VALUES (153,3,'Korean Amateur Radio League [KARL]','REPUBLIC OF KOREA');
INSERT INTO iaru_region_member(id,iaru_region_id,name,country_territory) VALUES (154,3,'Associacao dos Radioamadores de Macau [ARM]','MACAU');
INSERT INTO iaru_region_member(id,iaru_region_id,name,country_territory) VALUES (155,3,'Malaysian Amateur Radio Transmitters'' Society [MARTS]','MALAYSIA');
INSERT INTO iaru_region_member(id,iaru_region_id,name,country_territory) VALUES (156,3,'Burma Amateur Radio Transmitting Society [BARTS]','MYANMAR (Membership temporarily suspended)');
INSERT INTO iaru_region_member(id,iaru_region_id,name,country_territory) VALUES (157,3,'Association des Radio-Amateurs, de Nouvelle-Caledonie [ARANC]','NEW CALEDONIA');
INSERT INTO iaru_region_member(id,iaru_region_id,name,country_territory) VALUES (158,3,'New Zealand Association of Radio Transmitters [NZART]','NEW ZEALAND');
INSERT INTO iaru_region_member(id,iaru_region_id,name,country_territory) VALUES (159,3,'Pakistan Amateur Radio Society [PARS]','PAKISTAN');
INSERT INTO iaru_region_member(id,iaru_region_id,name,country_territory) VALUES (160,3,'Philippine Amateur Radio Association [PARA]','PHILIPPINES');
INSERT INTO iaru_region_member(id,iaru_region_id,name,country_territory) VALUES (161,3,'Pitcairn Island Amateur Radio Association [PIARA]','PITCAIRN ISLANDS');
INSERT INTO iaru_region_member(id,iaru_region_id,name,country_territory) VALUES (162,3,'Samoa Amateur Radio Club [SARC]','SAMOA');
INSERT INTO iaru_region_member(id,iaru_region_id,name,country_territory) VALUES (163,3,'Singapore Amateur Radio Transmitting Society [SARTS]','SINGAPORE');
INSERT INTO iaru_region_member(id,iaru_region_id,name,country_territory) VALUES (164,3,'Solomon Islands Radio Society [SIRS]','SOLOMON ISLANDS');
INSERT INTO iaru_region_member(id,iaru_region_id,name,country_territory) VALUES (165,3,'Radio Society of Sri Lanka [RSSL]','SRI LANKA');
INSERT INTO iaru_region_member(id,iaru_region_id,name,country_territory) VALUES (166,3,'Radio Amateur Society of Thailand [RAST]','THAILAND');
INSERT INTO iaru_region_member(id,iaru_region_id,name,country_territory) VALUES (167,3,'Amateur Radio Club of Tonga [ARCOT]','TONGA');
INSERT INTO iaru_region_member(id,iaru_region_id,name,country_territory) VALUES (168,3,'American Radio Relay League [ARRL]','U.S.A.');
INSERT INTO iaru_region_member(id,iaru_region_id,name,country_territory) VALUES (169,3,'Radio Society of Great Britain [RSGB]','UNITED KINGDOM');
INSERT INTO iaru_region_member(id,iaru_region_id,name,country_territory) VALUES (170,3,'Vanuatu Amateur Radio Society [VARS]','VANUATU');
INSERT INTO iaru_region_member(id,iaru_region_id,name,country_territory) VALUES (171,3,'Vietnam Amateur Radio Club [VARC]','VIETNAM');

--ITU_ZONE --------------------------------------------------------------------
INSERT INTO itu_zone(id,ituzone,description,weblink_id) VALUES (1,1,'KL Alaska',NULL);
INSERT INTO itu_zone(id,ituzone,description,weblink_id) VALUES (2,2,'VE6, VE7, VE8 (south of 80N and west of 110W), VY1',NULL);
INSERT INTO itu_zone(id,ituzone,description,weblink_id) VALUES (3,3,'VE5, VE3/4/8 (south of 80N and between 90 & 110W)',NULL);
INSERT INTO itu_zone(id,ituzone,description,weblink_id) VALUES (4,4,'VE2/3/4/8 (south of 80N and between 70 and 90W including all Baffin Island)',NULL);
INSERT INTO itu_zone(id,ituzone,description,weblink_id) VALUES (5,5,'OX (south of 80N)',NULL);
INSERT INTO itu_zone(id,ituzone,description,weblink_id) VALUES (6,6,'W6, W7 (excluding Wyoming & Montana east of 110W)',NULL);
INSERT INTO itu_zone(id,ituzone,description,weblink_id) VALUES (7,7,'W5 (excluding Mississippi), W7 (Wyoming & Montana east of 110W), W0',NULL);
INSERT INTO itu_zone(id,ituzone,description,weblink_id) VALUES (8,8,'W1, W2, W3, W4, W5 (Mississippi only), W8, W9, 4U (New York)',NULL);
INSERT INTO itu_zone(id,ituzone,description,weblink_id) VALUES (9,9,'CY9, CY0, FP, VE1, VE2 (east of 70W), VO1, VO2, VY2',NULL);
INSERT INTO itu_zone(id,ituzone,description,weblink_id) VALUES (10,10,'FO8 (Clipperton), XE, XF4',NULL);
INSERT INTO itu_zone(id,ituzone,description,weblink_id) VALUES (11,11,'C6, CO, FG, FM, FJ/FS, HH, HI, HK0 (San Andres), HP, HR, J3, J6, J7, J8, KG4, KP1, KP2, KP3/4, KP5, P4, PJ (Netherlands Antilles), PJ Sint Maarten), TG, TI, V2, V3, V4, VP2 (Anguilla), VP2 (Br. Virgin Is), VP2 (Montserrat), VP5, VP9, YN, YS, YV0, ZF, 6Y, 8P, 9Y',NULL);
INSERT INTO itu_zone(id,ituzone,description,weblink_id) VALUES (12,12,'CP, FY, HC, HC8, HK, HK0 (Malpelo), OA, PY (west of 60W), PZ, TI9, YV, 8R',NULL);
INSERT INTO itu_zone(id,ituzone,description,weblink_id) VALUES (13,13,'PY (north of 16.5S & east of 60W), PY0 (Fernando de Noronha), PY0 (St Peter & Paul)',NULL);
INSERT INTO itu_zone(id,ituzone,description,weblink_id) VALUES (14,14,'CE (north of 40S), CE0 (Juan Fernandez), CE0 (San Felix), CX, LU (north of 40S), ZP',NULL);
INSERT INTO itu_zone(id,ituzone,description,weblink_id) VALUES (15,15,'PY (south of 16.5S), PY0 (Trindade)',NULL);
INSERT INTO itu_zone(id,ituzone,description,weblink_id) VALUES (16,16,'CE (south of 40S), LU (south of 40S), VP8 (Falklands)',NULL);
INSERT INTO itu_zone(id,ituzone,description,weblink_id) VALUES (17,17,'TF',NULL);
INSERT INTO itu_zone(id,ituzone,description,weblink_id) VALUES (18,18,'JW (south of 80N), JX, LA, OH, OH0, OJ0, OY, OZ, SM',NULL);
INSERT INTO itu_zone(id,ituzone,description,weblink_id) VALUES (19,19,'UA1 (between 60 and 80N and west of 50E), UA9 (between 60 and 80N and west of 50E)',NULL);
INSERT INTO itu_zone(id,ituzone,description,weblink_id) VALUES (20,20,'R1F (FJL south of 80N), UA1 (between 60 and 80N and east of 50E), UA9 (between 60 and 80N and between 50 and 75E)',NULL);
INSERT INTO itu_zone(id,ituzone,description,weblink_id) VALUES (21,21,'UA9/0 (between 60 and 80N and between 75 and 90E)',NULL);
INSERT INTO itu_zone(id,ituzone,description,weblink_id) VALUES (22,22,'UA0 (between 60 and 80N and between 90 and 110E)',NULL);
INSERT INTO itu_zone(id,ituzone,description,weblink_id) VALUES (23,23,'UA0 (between 60 and 80N and between 110 and 135E)',NULL);
INSERT INTO itu_zone(id,ituzone,description,weblink_id) VALUES (24,24,'UA0 (between 60 and 80N and between 135 and 155E)',NULL);
INSERT INTO itu_zone(id,ituzone,description,weblink_id) VALUES (25,25,'UA0 (between 60 and 80N and between 155 and 170E)',NULL);
INSERT INTO itu_zone(id,ituzone,description,weblink_id) VALUES (26,26,'UA0 (between 60 and 80N and east of 170E)',NULL);
INSERT INTO itu_zone(id,ituzone,description,weblink_id) VALUES (27,27,'C3, EI, F, G, GD, GI, GJ, GM, GU, GW, LX, ON, PA, 3A',NULL);
INSERT INTO itu_zone(id,ituzone,description,weblink_id) VALUES (28,28,'DL, HA, HB, HB0, HV, I (excluding IG9 & IH9), IS, LZ, OE, OK, OM, S5, SP, SV, SV (Mt Athos), SV5, SV9, T7, T9, TK, YO, YU, Z3, ZA, 1A0(SMOM), 4U (Geneva), 9A, 9H',NULL);
INSERT INTO itu_zone(id,ituzone,description,weblink_id) VALUES (29,29,'R1M (MV Island), EK (Armenia), ER (Moldova), ES (Estonia), EU (Belarus), LY (Lithuania), UA1 (south of 60N), UA2, UA3, UA4 (west of 50E), UA6, UN(Kazakhstan west of 50E), UR (Ukraine), YL (Latvia), 4J (Azerbaijan), 4L (Georgia)',NULL);
INSERT INTO itu_zone(id,ituzone,description,weblink_id) VALUES (30,30,'EX (Kyrgyzstan west of 75E), EY (Tajikistan), EZ (Turkmenistan), UA4 (east of 50E), UA9 (south of 60N and west of 75E), UK (Uzbekistan), UN(Kazakhstan between 50 and 75E)',NULL);
INSERT INTO itu_zone(id,ituzone,description,weblink_id) VALUES (31,31,'EX (Kyrgyzstan east of 75E), UA9/0 (south of 60N and between 75 and 90E), UN (Kazakhstan east of 75E)',NULL);
INSERT INTO itu_zone(id,ituzone,description,weblink_id) VALUES (32,32,'JT (west of 110E), UA0 (south of 60N and between 90 and 110E)',NULL);
INSERT INTO itu_zone(id,ituzone,description,weblink_id) VALUES (33,33,'BY (north of 44N), JT (east of 110E), UA0 (south of 60N and between 110 and 135E)',NULL);
INSERT INTO itu_zone(id,ituzone,description,weblink_id) VALUES (34,34,'UA0 (south of 60N and between 135 and 155E including Primor''ye and Sakhalin but excluding the Kurils)',NULL);
INSERT INTO itu_zone(id,ituzone,description,weblink_id) VALUES (35,35,'UA0 (south of 60N and between 155 and 170E including the Kurils)',NULL);
INSERT INTO itu_zone(id,ituzone,description,weblink_id) VALUES (36,36,'CT3, CU, EA8',NULL);
INSERT INTO itu_zone(id,ituzone,description,weblink_id) VALUES (37,37,'CN, CT, EA, EA6, EA9, IG9, IH9, S0, ZB, 3V, 7X',NULL);
INSERT INTO itu_zone(id,ituzone,description,weblink_id) VALUES (38,38,'SU, 5A',NULL);
INSERT INTO itu_zone(id,ituzone,description,weblink_id) VALUES (39,39,'A4, A6, A7, A9, HZ, JY, OD, TA, YI, YK, ZC4, 4X, 5B, 7O, 9K',NULL);
INSERT INTO itu_zone(id,ituzone,description,weblink_id) VALUES (40,40,'EP, YA',NULL);
INSERT INTO itu_zone(id,ituzone,description,weblink_id) VALUES (41,41,'A5, AP, S2, VQ9, VU (India), VU (Laccadives), 4S, 8Q',NULL);
INSERT INTO itu_zone(id,ituzone,description,weblink_id) VALUES (42,42,'BY (west of 90E), 9N',NULL);
INSERT INTO itu_zone(id,ituzone,description,weblink_id) VALUES (43,43,'BY (between 90 and 110E, excluding Hainan)',NULL);
INSERT INTO itu_zone(id,ituzone,description,weblink_id) VALUES (44,44,'BV, BY (south of 44N and east of 110E, including Hainan), BV9P (Pratas), HL,P5, VR2/VS6, XX9',NULL);
INSERT INTO itu_zone(id,ituzone,description,weblink_id) VALUES (45,45,'JA, JD1 (Ogasawara)',NULL);
INSERT INTO itu_zone(id,ituzone,description,weblink_id) VALUES (46,46,'C5, D4, EL, J5, TU, TY, TZ, XT, 3X, 5N, 5T, 5U, 5V, 6W, 9G, 9L',NULL);
INSERT INTO itu_zone(id,ituzone,description,weblink_id) VALUES (47,47,'S9, TJ, TL, TT, 3C',NULL);
INSERT INTO itu_zone(id,ituzone,description,weblink_id) VALUES (48,48,'E3, ET, J2, ST, ST0, T5, 5X, 5Z',NULL);
INSERT INTO itu_zone(id,ituzone,description,weblink_id) VALUES (49,49,'HS, VU (Andamans), XU, XV, XW, XZ',NULL);
INSERT INTO itu_zone(id,ituzone,description,weblink_id) VALUES (50,50,'DU, BY (Scarborough Reef), 1S (Spratly)',NULL);
INSERT INTO itu_zone(id,ituzone,description,weblink_id) VALUES (51,51,'H4, P2, YB8/9 (east of 130E)',NULL);
INSERT INTO itu_zone(id,ituzone,description,weblink_id) VALUES (52,52,'D2, TN, TR, 3C0, 9Q, 9U, 9X',NULL);
INSERT INTO itu_zone(id,ituzone,description,weblink_id) VALUES (53,53,'C9, D6, FH, FR (Reunion), FR (Gloriosos), FR (Juan de Nova), FR (Tromelin), S7, Z2, 3B6/7, 3B8, 3B9, 5H, 5R, 7Q, 9J',NULL);
INSERT INTO itu_zone(id,ituzone,description,weblink_id) VALUES (54,54,'V8, VK9 (Christmas), VK9 (Cocos-Keeling), YB1-7, YB8/9 (west of 130E), 9M2, 9M6/8, 9V',NULL);
INSERT INTO itu_zone(id,ituzone,description,weblink_id) VALUES (55,55,'VK4, VK8, VK9 (Willis)',NULL);
INSERT INTO itu_zone(id,ituzone,description,weblink_id) VALUES (56,56,'FK, VK9 (Mellish Reef), YJ, 3D2 (Fiji), 3D2 (Conway Reef), 3D2 (Rotuma)',NULL);
INSERT INTO itu_zone(id,ituzone,description,weblink_id) VALUES (57,57,'A2, V5, ZS, ZS8, 3DA, 7P',NULL);
INSERT INTO itu_zone(id,ituzone,description,weblink_id) VALUES (58,58,'VK6',NULL);
INSERT INTO itu_zone(id,ituzone,description,weblink_id) VALUES (59,59,'VK1, VK2, VK3, VK5, VK7',NULL);
INSERT INTO itu_zone(id,ituzone,description,weblink_id) VALUES (60,60,'VK9 (Lord Howe), VK9 (Norfolk), VK0 (Macquarie), ZL, ZL7, ZL8, ZL9',NULL);
INSERT INTO itu_zone(id,ituzone,description,weblink_id) VALUES (61,61,'KH1, KH3, KH4, KH5 (Palmyra but not Jarvis), KH5 (Kingman Reef), KH6/7, KH7K, T32 (Northern Line Is only)',NULL);
INSERT INTO itu_zone(id,ituzone,description,weblink_id) VALUES (62,62,'A3, FW, KH5 (Jarvis), KH8, T31, ZK1 (North Cooks), ZK2, ZK3, 5W',NULL);
INSERT INTO itu_zone(id,ituzone,description,weblink_id) VALUES (63,63,'CE0 (Easter), FO, T32 (Central & Southern Line Is), VR6, ZK1 (South Cooks)',NULL);
INSERT INTO itu_zone(id,ituzone,description,weblink_id) VALUES (64,64,'KC6/T8, KH2, KH0, V6 (west of 150E)',NULL);
INSERT INTO itu_zone(id,ituzone,description,weblink_id) VALUES (65,65,'C2, KH9, T2, T30, T33, V6 (east of 150E), V7',NULL);
INSERT INTO itu_zone(id,ituzone,description,weblink_id) VALUES (66,66,'ZD7, ZD8, ZD9',NULL);
INSERT INTO itu_zone(id,ituzone,description,weblink_id) VALUES (67,67,'Antarctica (north of 80S and between 20W and 40E), 3Y (Bouvet)',NULL);
INSERT INTO itu_zone(id,ituzone,description,weblink_id) VALUES (68,68,'FT (Amsterdam), FT (Crozet), FT (Kerguelen), VK0 (Heard)',NULL);
INSERT INTO itu_zone(id,ituzone,description,weblink_id) VALUES (69,69,'Antarctica (north of 80S and between 40 and 100E)',NULL);
INSERT INTO itu_zone(id,ituzone,description,weblink_id) VALUES (70,70,'Antarctica (north of 80S and between 100 and 160E)',NULL);
INSERT INTO itu_zone(id,ituzone,description,weblink_id) VALUES (71,71,'Antarctica (north of 80S and between 160E and 140W)',NULL);
INSERT INTO itu_zone(id,ituzone,description,weblink_id) VALUES (72,72,'Antarctica (north of 80S and between 140 and 80W), 3Y (Peter 1)',NULL);
INSERT INTO itu_zone(id,ituzone,description,weblink_id) VALUES (73,73,'Antarctica (north of 80S and between 80 and 20W), VP8 (S. Georgia), VP8 (S. Orkneys), VP8 (S. Sandwich), VP8 (S Shetlands)',NULL);
INSERT INTO itu_zone(id,ituzone,description,weblink_id) VALUES (74,74,'Antarctica (between 80 and 90S South Pole)',NULL);
INSERT INTO itu_zone(id,ituzone,description,weblink_id) VALUES (75,75,'JW (north of 80N), OX (north of 80N), R1F (FJL north of 80N), UA0 (Severnaya Zemlya north of 80N), VE8 (north of 80N)',NULL);
INSERT INTO itu_zone(id,ituzone,description,weblink_id) VALUES (76,78,'CE0 (Salas-y-Gomez)',NULL);
INSERT INTO itu_zone(id,ituzone,description,weblink_id) VALUES (77,90,'JD1 (Minami Torishima)',NULL);

--MODE ------------------------------------------------------------------------
INSERT INTO mode(id,name,mode_description_id,import_only) VALUES (1,'AM',NULL,'f');
INSERT INTO mode(id,name,mode_description_id,import_only) VALUES (2,'ARDOP',NULL,'f');
INSERT INTO mode(id,name,mode_description_id,import_only) VALUES (3,'ATV',NULL,'f');
INSERT INTO mode(id,name,mode_description_id,import_only) VALUES (4,'C4FM',NULL,'f');
INSERT INTO mode(id,name,mode_description_id,import_only) VALUES (5,'CHIP',NULL,'f');
INSERT INTO mode(id,name,mode_description_id,import_only) VALUES (6,'CLO',NULL,'f');
INSERT INTO mode(id,name,mode_description_id,import_only) VALUES (7,'CONTESTI',NULL,'f');
INSERT INTO mode(id,name,mode_description_id,import_only) VALUES (8,'CW',NULL,'f');
INSERT INTO mode(id,name,mode_description_id,import_only) VALUES (9,'DIGITALVOICE',NULL,'f');
INSERT INTO mode(id,name,mode_description_id,import_only) VALUES (10,'DOMINO',NULL,'f');
INSERT INTO mode(id,name,mode_description_id,import_only) VALUES (11,'DSTAR',NULL,'f');
INSERT INTO mode(id,name,mode_description_id,import_only) VALUES (12,'FAX',NULL,'f');
INSERT INTO mode(id,name,mode_description_id,import_only) VALUES (13,'FM',NULL,'f');
INSERT INTO mode(id,name,mode_description_id,import_only) VALUES (14,'FSK441',NULL,'f');
INSERT INTO mode(id,name,mode_description_id,import_only) VALUES (15,'FT8',NULL,'f');
INSERT INTO mode(id,name,mode_description_id,import_only) VALUES (16,'HELL',NULL,'f');
INSERT INTO mode(id,name,mode_description_id,import_only) VALUES (17,'ISCAT',NULL,'f');
INSERT INTO mode(id,name,mode_description_id,import_only) VALUES (18,'JT4',NULL,'f');
INSERT INTO mode(id,name,mode_description_id,import_only) VALUES (19,'JT6M',NULL,'f');
INSERT INTO mode(id,name,mode_description_id,import_only) VALUES (20,'JT9',NULL,'f');
INSERT INTO mode(id,name,mode_description_id,import_only) VALUES (21,'JT44',NULL,'f');
INSERT INTO mode(id,name,mode_description_id,import_only) VALUES (22,'JT65',NULL,'f');
INSERT INTO mode(id,name,mode_description_id,import_only) VALUES (23,'MFSK',NULL,'f');
INSERT INTO mode(id,name,mode_description_id,import_only) VALUES (24,'MSK144',NULL,'f');
INSERT INTO mode(id,name,mode_description_id,import_only) VALUES (25,'MT63',NULL,'f');
INSERT INTO mode(id,name,mode_description_id,import_only) VALUES (26,'OLIVIA',NULL,'f');
INSERT INTO mode(id,name,mode_description_id,import_only) VALUES (27,'OPERA',NULL,'f');
INSERT INTO mode(id,name,mode_description_id,import_only) VALUES (28,'PAC',NULL,'f');
INSERT INTO mode(id,name,mode_description_id,import_only) VALUES (29,'PAX',NULL,'f');
INSERT INTO mode(id,name,mode_description_id,import_only) VALUES (30,'PKT',NULL,'f');
INSERT INTO mode(id,name,mode_description_id,import_only) VALUES (31,'PSK',NULL,'f');
INSERT INTO mode(id,name,mode_description_id,import_only) VALUES (32,'PSK2K',NULL,'f');
INSERT INTO mode(id,name,mode_description_id,import_only) VALUES (33,'Q15',NULL,'f');
INSERT INTO mode(id,name,mode_description_id,import_only) VALUES (34,'QRA64',NULL,'f');
INSERT INTO mode(id,name,mode_description_id,import_only) VALUES (35,'ROS',NULL,'f');
INSERT INTO mode(id,name,mode_description_id,import_only) VALUES (36,'RTTY',NULL,'f');
INSERT INTO mode(id,name,mode_description_id,import_only) VALUES (37,'RTTYM',NULL,'f');
INSERT INTO mode(id,name,mode_description_id,import_only) VALUES (38,'SSB',NULL,'f');
INSERT INTO mode(id,name,mode_description_id,import_only) VALUES (39,'SSTV',NULL,'f');
INSERT INTO mode(id,name,mode_description_id,import_only) VALUES (40,'T10',NULL,'f');
INSERT INTO mode(id,name,mode_description_id,import_only) VALUES (41,'THOR',NULL,'f');
INSERT INTO mode(id,name,mode_description_id,import_only) VALUES (42,'THRB',NULL,'f');
INSERT INTO mode(id,name,mode_description_id,import_only) VALUES (43,'TOR',NULL,'f');
INSERT INTO mode(id,name,mode_description_id,import_only) VALUES (44,'V4',NULL,'f');
INSERT INTO mode(id,name,mode_description_id,import_only) VALUES (45,'VOI',NULL,'f');
INSERT INTO mode(id,name,mode_description_id,import_only) VALUES (46,'WINMOR',NULL,'f');
INSERT INTO mode(id,name,mode_description_id,import_only) VALUES (47,'WSPR',NULL,'f');
INSERT INTO mode(id,name,mode_description_id,import_only) VALUES (48,'AMTORFEC',NULL,'t');
INSERT INTO mode(id,name,mode_description_id,import_only) VALUES (49,'ASCI',NULL,'t');
INSERT INTO mode(id,name,mode_description_id,import_only) VALUES (50,'CHIP64',NULL,'t');
INSERT INTO mode(id,name,mode_description_id,import_only) VALUES (51,'CHIP128',NULL,'t');
INSERT INTO mode(id,name,mode_description_id,import_only) VALUES (52,'DOMINOF',NULL,'t');
INSERT INTO mode(id,name,mode_description_id,import_only) VALUES (53,'FMHELL',NULL,'t');
INSERT INTO mode(id,name,mode_description_id,import_only) VALUES (54,'FSK31',NULL,'t');
INSERT INTO mode(id,name,mode_description_id,import_only) VALUES (55,'GTOR',NULL,'t');
INSERT INTO mode(id,name,mode_description_id,import_only) VALUES (56,'HELL80',NULL,'t');
INSERT INTO mode(id,name,mode_description_id,import_only) VALUES (57,'HFSK',NULL,'t');
INSERT INTO mode(id,name,mode_description_id,import_only) VALUES (58,'JT4A',NULL,'t');
INSERT INTO mode(id,name,mode_description_id,import_only) VALUES (59,'JT4B',NULL,'t');
INSERT INTO mode(id,name,mode_description_id,import_only) VALUES (60,'JT4C',NULL,'t');
INSERT INTO mode(id,name,mode_description_id,import_only) VALUES (61,'JT4D',NULL,'t');
INSERT INTO mode(id,name,mode_description_id,import_only) VALUES (62,'JT4E',NULL,'t');
INSERT INTO mode(id,name,mode_description_id,import_only) VALUES (63,'JT4F',NULL,'t');
INSERT INTO mode(id,name,mode_description_id,import_only) VALUES (64,'JT4G',NULL,'t');
INSERT INTO mode(id,name,mode_description_id,import_only) VALUES (65,'JT65A',NULL,'t');
INSERT INTO mode(id,name,mode_description_id,import_only) VALUES (66,'JT65B',NULL,'t');
INSERT INTO mode(id,name,mode_description_id,import_only) VALUES (67,'JT65C',NULL,'t');
INSERT INTO mode(id,name,mode_description_id,import_only) VALUES (68,'MFSK8',NULL,'t');
INSERT INTO mode(id,name,mode_description_id,import_only) VALUES (69,'MFSK16',NULL,'t');
INSERT INTO mode(id,name,mode_description_id,import_only) VALUES (70,'PAC2',NULL,'t');
INSERT INTO mode(id,name,mode_description_id,import_only) VALUES (71,'PAC3',NULL,'t');
INSERT INTO mode(id,name,mode_description_id,import_only) VALUES (72,'PAX2',NULL,'t');
INSERT INTO mode(id,name,mode_description_id,import_only) VALUES (73,'PCW',NULL,'t');
INSERT INTO mode(id,name,mode_description_id,import_only) VALUES (74,'PSK10',NULL,'t');
INSERT INTO mode(id,name,mode_description_id,import_only) VALUES (75,'PSK31',NULL,'t');
INSERT INTO mode(id,name,mode_description_id,import_only) VALUES (76,'PSK63',NULL,'t');
INSERT INTO mode(id,name,mode_description_id,import_only) VALUES (77,'PSK63F',NULL,'t');
INSERT INTO mode(id,name,mode_description_id,import_only) VALUES (78,'PSK125',NULL,'t');
INSERT INTO mode(id,name,mode_description_id,import_only) VALUES (79,'PSKAM10',NULL,'t');
INSERT INTO mode(id,name,mode_description_id,import_only) VALUES (80,'PSKAM31',NULL,'t');
INSERT INTO mode(id,name,mode_description_id,import_only) VALUES (81,'PSKAM50',NULL,'t');
INSERT INTO mode(id,name,mode_description_id,import_only) VALUES (82,'PSKFEC31',NULL,'t');
INSERT INTO mode(id,name,mode_description_id,import_only) VALUES (83,'PSKHELL',NULL,'t');
INSERT INTO mode(id,name,mode_description_id,import_only) VALUES (84,'QPSK31',NULL,'t');
INSERT INTO mode(id,name,mode_description_id,import_only) VALUES (85,'QPSK63',NULL,'t');
INSERT INTO mode(id,name,mode_description_id,import_only) VALUES (86,'QPSK125',NULL,'t');
INSERT INTO mode(id,name,mode_description_id,import_only) VALUES (87,'THRBX',NULL,'t');

--SUBMODE ---------------------------------------------------------------------
INSERT INTO submode(id,mode_id,name,mode_description_id) VALUES (1,43,'AMTORFEC',NULL);
INSERT INTO submode(id,mode_id,name,mode_description_id) VALUES (2,36,'ASCI',NULL);
INSERT INTO submode(id,mode_id,name,mode_description_id) VALUES (3,5,'CHIP64',NULL);
INSERT INTO submode(id,mode_id,name,mode_description_id) VALUES (4,5,'CHIP128',NULL);
INSERT INTO submode(id,mode_id,name,mode_description_id) VALUES (5,10,'DOMINOEX',NULL);
INSERT INTO submode(id,mode_id,name,mode_description_id) VALUES (6,10,'DOMINOF',NULL);
INSERT INTO submode(id,mode_id,name,mode_description_id) VALUES (7,16,'FMHELL',NULL);
INSERT INTO submode(id,mode_id,name,mode_description_id) VALUES (8,31,'FSK31',NULL);
INSERT INTO submode(id,mode_id,name,mode_description_id) VALUES (9,16,'FSKHELL',NULL);
INSERT INTO submode(id,mode_id,name,mode_description_id) VALUES (10,23,'FSQCALL',NULL);
INSERT INTO submode(id,mode_id,name,mode_description_id) VALUES (11,43,'GTOR',NULL);
INSERT INTO submode(id,mode_id,name,mode_description_id) VALUES (12,16,'HELL80',NULL);
INSERT INTO submode(id,mode_id,name,mode_description_id) VALUES (13,16,'HFSK',NULL);
INSERT INTO submode(id,mode_id,name,mode_description_id) VALUES (14,17,'ISCAT-A',NULL);
INSERT INTO submode(id,mode_id,name,mode_description_id) VALUES (15,17,'ISCAT-B',NULL);
INSERT INTO submode(id,mode_id,name,mode_description_id) VALUES (16,18,'JT4A',NULL);
INSERT INTO submode(id,mode_id,name,mode_description_id) VALUES (17,18,'JT4B',NULL);
INSERT INTO submode(id,mode_id,name,mode_description_id) VALUES (18,18,'JT4C',NULL);
INSERT INTO submode(id,mode_id,name,mode_description_id) VALUES (19,18,'JT4D',NULL);
INSERT INTO submode(id,mode_id,name,mode_description_id) VALUES (20,18,'JT4E',NULL);
INSERT INTO submode(id,mode_id,name,mode_description_id) VALUES (21,18,'JT4F',NULL);
INSERT INTO submode(id,mode_id,name,mode_description_id) VALUES (22,18,'JT4G',NULL);
INSERT INTO submode(id,mode_id,name,mode_description_id) VALUES (23,20,'JT9-1',NULL);
INSERT INTO submode(id,mode_id,name,mode_description_id) VALUES (24,20,'JT9-2',NULL);
INSERT INTO submode(id,mode_id,name,mode_description_id) VALUES (25,20,'JT9-5',NULL);
INSERT INTO submode(id,mode_id,name,mode_description_id) VALUES (26,20,'JT9-10',NULL);
INSERT INTO submode(id,mode_id,name,mode_description_id) VALUES (27,20,'JT9-30',NULL);
INSERT INTO submode(id,mode_id,name,mode_description_id) VALUES (28,20,'JT9A',NULL);
INSERT INTO submode(id,mode_id,name,mode_description_id) VALUES (29,20,'JT9B',NULL);
INSERT INTO submode(id,mode_id,name,mode_description_id) VALUES (30,20,'JT9C',NULL);
INSERT INTO submode(id,mode_id,name,mode_description_id) VALUES (31,20,'JT9D',NULL);
INSERT INTO submode(id,mode_id,name,mode_description_id) VALUES (32,20,'JT9E',NULL);
INSERT INTO submode(id,mode_id,name,mode_description_id) VALUES (33,20,'JT9E FAST',NULL);
INSERT INTO submode(id,mode_id,name,mode_description_id) VALUES (34,20,'JT9F',NULL);
INSERT INTO submode(id,mode_id,name,mode_description_id) VALUES (35,20,'JT9F FAST',NULL);
INSERT INTO submode(id,mode_id,name,mode_description_id) VALUES (36,20,'JT9G',NULL);
INSERT INTO submode(id,mode_id,name,mode_description_id) VALUES (37,20,'JT9G FAST',NULL);
INSERT INTO submode(id,mode_id,name,mode_description_id) VALUES (38,20,'JT9H',NULL);
INSERT INTO submode(id,mode_id,name,mode_description_id) VALUES (39,20,'JT9H FAST',NULL);
INSERT INTO submode(id,mode_id,name,mode_description_id) VALUES (40,22,'JT65A',NULL);
INSERT INTO submode(id,mode_id,name,mode_description_id) VALUES (41,22,'JT65B',NULL);
INSERT INTO submode(id,mode_id,name,mode_description_id) VALUES (42,22,'JT65B2',NULL);
INSERT INTO submode(id,mode_id,name,mode_description_id) VALUES (43,22,'JT65C',NULL);
INSERT INTO submode(id,mode_id,name,mode_description_id) VALUES (44,22,'JT65C2',NULL);
INSERT INTO submode(id,mode_id,name,mode_description_id) VALUES (45,38,'LSB',NULL);
INSERT INTO submode(id,mode_id,name,mode_description_id) VALUES (46,23,'MFSK4',NULL);
INSERT INTO submode(id,mode_id,name,mode_description_id) VALUES (47,23,'MFSK8',NULL);
INSERT INTO submode(id,mode_id,name,mode_description_id) VALUES (48,23,'MFSK11',NULL);
INSERT INTO submode(id,mode_id,name,mode_description_id) VALUES (49,23,'MFSK16',NULL);
INSERT INTO submode(id,mode_id,name,mode_description_id) VALUES (50,23,'MFSK22',NULL);
INSERT INTO submode(id,mode_id,name,mode_description_id) VALUES (51,23,'MFSK31',NULL);
INSERT INTO submode(id,mode_id,name,mode_description_id) VALUES (52,23,'MFSK32',NULL);
INSERT INTO submode(id,mode_id,name,mode_description_id) VALUES (53,23,'MFSK64',NULL);
INSERT INTO submode(id,mode_id,name,mode_description_id) VALUES (54,23,'MFSK128',NULL);
INSERT INTO submode(id,mode_id,name,mode_description_id) VALUES (55,26,'OLIVIA 4/125',NULL);
INSERT INTO submode(id,mode_id,name,mode_description_id) VALUES (56,26,'OLIVIA 4/250',NULL);
INSERT INTO submode(id,mode_id,name,mode_description_id) VALUES (57,26,'OLIVIA 8/250',NULL);
INSERT INTO submode(id,mode_id,name,mode_description_id) VALUES (58,26,'OLIVIA 8/500',NULL);
INSERT INTO submode(id,mode_id,name,mode_description_id) VALUES (59,26,'OLIVIA 16/500',NULL);
INSERT INTO submode(id,mode_id,name,mode_description_id) VALUES (60,26,'OLIVIA 16/1000',NULL);
INSERT INTO submode(id,mode_id,name,mode_description_id) VALUES (61,26,'OLIVIA 32/1000',NULL);
INSERT INTO submode(id,mode_id,name,mode_description_id) VALUES (62,27,'OPERA-BEACON',NULL);
INSERT INTO submode(id,mode_id,name,mode_description_id) VALUES (63,27,'OPERA-QSO',NULL);
INSERT INTO submode(id,mode_id,name,mode_description_id) VALUES (64,28,'PAC2',NULL);
INSERT INTO submode(id,mode_id,name,mode_description_id) VALUES (65,28,'PAC3',NULL);
INSERT INTO submode(id,mode_id,name,mode_description_id) VALUES (66,28,'PAC4',NULL);
INSERT INTO submode(id,mode_id,name,mode_description_id) VALUES (67,29,'PAX2',NULL);
INSERT INTO submode(id,mode_id,name,mode_description_id) VALUES (68,8,'PCW',NULL);
INSERT INTO submode(id,mode_id,name,mode_description_id) VALUES (69,31,'PSK10',NULL);
INSERT INTO submode(id,mode_id,name,mode_description_id) VALUES (70,31,'PSK31',NULL);
INSERT INTO submode(id,mode_id,name,mode_description_id) VALUES (71,31,'PSK63',NULL);
INSERT INTO submode(id,mode_id,name,mode_description_id) VALUES (72,31,'PSK63F',NULL);
INSERT INTO submode(id,mode_id,name,mode_description_id) VALUES (73,31,'PSK125',NULL);
INSERT INTO submode(id,mode_id,name,mode_description_id) VALUES (74,31,'PSK250',NULL);
INSERT INTO submode(id,mode_id,name,mode_description_id) VALUES (75,31,'PSK500',NULL);
INSERT INTO submode(id,mode_id,name,mode_description_id) VALUES (76,31,'PSK1000',NULL);
INSERT INTO submode(id,mode_id,name,mode_description_id) VALUES (77,31,'PSKAM10',NULL);
INSERT INTO submode(id,mode_id,name,mode_description_id) VALUES (78,31,'PSKAM31',NULL);
INSERT INTO submode(id,mode_id,name,mode_description_id) VALUES (79,31,'PSKAM50',NULL);
INSERT INTO submode(id,mode_id,name,mode_description_id) VALUES (80,31,'PSKFEC31',NULL);
INSERT INTO submode(id,mode_id,name,mode_description_id) VALUES (81,16,'PSKHELL',NULL);
INSERT INTO submode(id,mode_id,name,mode_description_id) VALUES (82,31,'QPSK31',NULL);
INSERT INTO submode(id,mode_id,name,mode_description_id) VALUES (83,31,'QPSK63',NULL);
INSERT INTO submode(id,mode_id,name,mode_description_id) VALUES (84,31,'QPSK125',NULL);
INSERT INTO submode(id,mode_id,name,mode_description_id) VALUES (85,31,'QPSK250',NULL);
INSERT INTO submode(id,mode_id,name,mode_description_id) VALUES (86,31,'QPSK500',NULL);
INSERT INTO submode(id,mode_id,name,mode_description_id) VALUES (87,34,'QRA64A',NULL);
INSERT INTO submode(id,mode_id,name,mode_description_id) VALUES (88,34,'QRA64B',NULL);
INSERT INTO submode(id,mode_id,name,mode_description_id) VALUES (89,34,'QRA64C',NULL);
INSERT INTO submode(id,mode_id,name,mode_description_id) VALUES (90,34,'QRA64D',NULL);
INSERT INTO submode(id,mode_id,name,mode_description_id) VALUES (91,34,'QRA64E',NULL);
INSERT INTO submode(id,mode_id,name,mode_description_id) VALUES (92,35,'ROS-EME',NULL);
INSERT INTO submode(id,mode_id,name,mode_description_id) VALUES (93,35,'ROS-HF',NULL);
INSERT INTO submode(id,mode_id,name,mode_description_id) VALUES (94,35,'ROS-MF',NULL);
INSERT INTO submode(id,mode_id,name,mode_description_id) VALUES (95,31,'SIM31',NULL);
INSERT INTO submode(id,mode_id,name,mode_description_id) VALUES (96,42,'THRBX',NULL);
INSERT INTO submode(id,mode_id,name,mode_description_id) VALUES (97,38,'USB',NULL);
INSERT INTO submode(id,mode_id,name,mode_description_id) VALUES (98,23,'JS8',NULL);

--PROPOGATION_MODE ------------------------------------------------------------
INSERT INTO propogation_mode(id,enumeration,description) VALUES (1,'AS','Aircraft Scatter');
INSERT INTO propogation_mode(id,enumeration,description) VALUES (2,'AUE','Aurora-E');
INSERT INTO propogation_mode(id,enumeration,description) VALUES (3,'AUR','Aurora');
INSERT INTO propogation_mode(id,enumeration,description) VALUES (4,'BS','Back scatter');
INSERT INTO propogation_mode(id,enumeration,description) VALUES (5,'ECH','EchoLink');
INSERT INTO propogation_mode(id,enumeration,description) VALUES (6,'EME','Earth-Moon-Earth');
INSERT INTO propogation_mode(id,enumeration,description) VALUES (7,'ES','Sporadic E');
INSERT INTO propogation_mode(id,enumeration,description) VALUES (8,'F2','F2 Reflection');
INSERT INTO propogation_mode(id,enumeration,description) VALUES (9,'FAI','Field Aligned Irregularities');
INSERT INTO propogation_mode(id,enumeration,description) VALUES (10,'INTERNET','Internet-assisted');
INSERT INTO propogation_mode(id,enumeration,description) VALUES (11,'ION','Ionoscatter');
INSERT INTO propogation_mode(id,enumeration,description) VALUES (12,'IRL','IRLP');
INSERT INTO propogation_mode(id,enumeration,description) VALUES (13,'MS','Meteor scatter');
INSERT INTO propogation_mode(id,enumeration,description) VALUES (14,'RPT','Terrestrial or atmospheric repeater or transponder');
INSERT INTO propogation_mode(id,enumeration,description) VALUES (15,'RS','Rain scatter');
INSERT INTO propogation_mode(id,enumeration,description) VALUES (16,'SAT','Satellite');
INSERT INTO propogation_mode(id,enumeration,description) VALUES (17,'TEP','Trans-equatorial');
INSERT INTO propogation_mode(id,enumeration,description) VALUES (18,'TR','Tropospheric ducting');

--QSO_COMPLETE ----------------------------------------------------------------
INSERT INTO qso_complete(id,abbreviation,meaning) VALUES (1,'Y','yes');
INSERT INTO qso_complete(id,abbreviation,meaning) VALUES (2,'N','no');
INSERT INTO qso_complete(id,abbreviation,meaning) VALUES (3,'NIL','not heard');
INSERT INTO qso_complete(id,abbreviation,meaning) VALUES (4,'?','uncertain');

--QSO_UPLOAD_STATUS -----------------------------------------------------------
INSERT INTO qso_upload_status(id,abbreviation,description) VALUES (1,'Y','The QSO has been uploaded to and accepted by the online service');
INSERT INTO qso_upload_status(id,abbreviation,description) VALUES (2,'N','Do not upload the QSO to the online service');
INSERT INTO qso_upload_status(id,abbreviation,description) VALUES (3,'M','The QSO has been modified since being uploaded to the online service');

--QSL_MEDIUM ------------------------------------------------------------------
INSERT INTO qsl_medium(id,medium,description) VALUES (1,'CARD','QSO confirmation via paper QSL card');
INSERT INTO qsl_medium(id,medium,description) VALUES (2,'EQSL','QSO confirmation via eQSL.cc');
INSERT INTO qsl_medium(id,medium,description) VALUES (3,'LOTW','QSO confirmation via ARRL Logbook of the World');

--QSL_RCVD --------------------------------------------------------------------
INSERT INTO qsl_rcvd(id,status,meaning,description,import_only) VALUES (1,'Y','yes','The QSO has been confirmed by card or Online Service','f');
INSERT INTO qsl_rcvd(id,status,meaning,description,import_only) VALUES (2,'N','no','The QSO has not been confirmed by Card nor Online Service','f');
INSERT INTO qsl_rcvd(id,status,meaning,description,import_only) VALUES (3,'R','requested','The logging station has requested a QSL card or upload QSO to Online service.','f');
INSERT INTO qsl_rcvd(id,status,meaning,description,import_only) VALUES (4,'V','verified','DXCC award credit granted for the QSL card - instead use. DXCC credit granted for the LoTW confirmation - instead use','t');
INSERT INTO qsl_rcvd(id,status,meaning,description,import_only) VALUES (5,'I','ignore or invalid',NULL,'f');

--QSL_SENT --------------------------------------------------------------------
INSERT INTO qsl_sent(id,status,meaning,description) VALUES (1,'Y','yes','An outgoing QSL card has been sent or QSO has been uploaded to and accepted by the online service.');
INSERT INTO qsl_sent(id,status,meaning,description) VALUES (2,'N','no','Do not send an outgoing QSL card nor upload the QSO to an online service.');
INSERT INTO qsl_sent(id,status,meaning,description) VALUES (3,'R','requested','The contacted station has requested a QSL card or QSO be uploaded to the online service.');
INSERT INTO qsl_sent(id,status,meaning,description) VALUES (4,'Q','queued','An outgoing QSL card has been selected to be sent. A QSO has been selected to be uploaded to the online service');
INSERT INTO qsl_sent(id,status,meaning,description) VALUES (5,'I','ignore or invalid',NULL);

--QSL_VIA ---------------------------------------------------------------------
INSERT INTO qsl_via(id,via,description,import_only) VALUES (1,'B','bureau','f');
INSERT INTO qsl_via(id,via,description,import_only) VALUES (2,'D','direct','f');
INSERT INTO qsl_via(id,via,description,import_only) VALUES (3,'E','electronic','f');
INSERT INTO qsl_via(id,via,description,import_only) VALUES (4,'M','manager','t');

--REGION-----------------------------------------------------------------------
INSERT INTO region(id,code,dxcc_id,region,prefix) VALUES (1,'NONE',NULL,'Not within a WAE or CQ region that is within a DXCC entity',NULL);
INSERT INTO region(id,code,dxcc_id,region,prefix) VALUES (2,'IV',206,'ITU Vienna','4U1V');
INSERT INTO region(id,code,dxcc_id,region,prefix) VALUES (3,'AI',248,'African Italy','IG9');
INSERT INTO region(id,code,dxcc_id,region,prefix) VALUES (4,'SY',248,'Sicily','IT9');
INSERT INTO region(id,code,dxcc_id,region,prefix) VALUES (5,'BI',259,'Bear island','JW/B');
INSERT INTO region(id,code,dxcc_id,region,prefix) VALUES (6,'SI',279,'Shetland Islands','GM/S');
INSERT INTO region(id,code,dxcc_id,region,prefix) VALUES (7,'KO',296,'Kosovo','ZS6');
INSERT INTO region(id,code,dxcc_id,region,prefix) VALUES (8,'ET',390,'European Turkey','TA1');

--WEBLINK ---------------------------------------------------------------------
INSERT INTO weblink(id,display_text,url) VALUES (1,'ADIF Developers group','https://groups.yahoo.com/neo/groups/adifdev/info');
INSERT INTO weblink(id,display_text,url) VALUES (2,'ADIF Voting group','https://groups.yahoo.com/neo/groups/ADIFVoting/info');
INSERT INTO weblink(id,display_text,url) VALUES (3,'ARRL Contests','http://www.arrl.org/contests');
INSERT INTO weblink(id,display_text,url) VALUES (4,'ARRL EME Contest','http://www.arrl.org/eme-contest');
INSERT INTO weblink(id,display_text,url) VALUES (5,'ARRL Section Abbreviations','http://www.arrl.org/section-abbreviations');
INSERT INTO weblink(id,display_text,url) VALUES (6,'ASCII Codes Table','http://www.ascii.cl/');
INSERT INTO weblink(id,display_text,url) VALUES (7,'County Hunter Counties','http://countyhunter.com/counties.htm');
INSERT INTO weblink(id,display_text,url) VALUES (8,'CQ Amateur Radio','http://www.cq-amateur-radio.com/');
INSERT INTO weblink(id,display_text,url) VALUES (9,'DARC DOK List','https://www.darc.de/der-club/referate/conteste/worked-all-germany-contest/en/service/districtsdoks/');
INSERT INTO weblink(id,display_text,url) VALUES (10,'DARC Special DOK List','https://www.darc.de/der-club/referate/conteste/worked-all-germany-contest/en/service/districtsdoks/');
INSERT INTO weblink(id,display_text,url) VALUES (11,'Extensible Markup Language (XML) 1.0','http://www.w3.org/TR/REC-xml/');
INSERT INTO weblink(id,display_text,url) VALUES (12,'FIPS 6-4 (Last available copy 2014/02/28 from Wayback Machine web archive)','https://web.archive.org/web/20140128164414/http:/www.itl.nist.gov/fipspubs/co-codes/states.txt');
INSERT INTO weblink(id,display_text,url) VALUES (13,'FSQCall protocol','http://www.qsl.net/zl1bpu/MFSK/FSQweb.htm');
INSERT INTO weblink(id,display_text,url) VALUES (14,'FT8 Description','https://groups.yahoo.com/neo/groups/wsjtgroup/conversations/topics/19884');
INSERT INTO weblink(id,display_text,url) VALUES (15,'JS8Call Description','http://js8call.com/');
INSERT INTO weblink(id,display_text,url) VALUES (16,'JTDX website (T10 mode)','http://www.jtdx.tech/');
INSERT INTO weblink(id,display_text,url) VALUES (17,'Maidenhead locator (Wikipedia)','http://en.wikipedia.org/wiki/Maidenhead_Locator_System');
INSERT INTO weblink(id,display_text,url) VALUES (18,'NZART','https://www.nzart.org.nz/');
INSERT INTO weblink(id,display_text,url) VALUES (19,'NZART Awards','https://www.nzart.org.nz/assets/awards/nzart_awards.pdf');
INSERT INTO weblink(id,display_text,url) VALUES (20,'NZART North Island Counties','https://www.nzart.org.nz/assets/awards/nzart-nz-counties-north-is-log.pdf');
INSERT INTO weblink(id,display_text,url) VALUES (21,'NZART South Island Counties','https://www.nzart.org.nz/assets/awards/nzart-nz-counties-south-is-log.pdf');
INSERT INTO weblink(id,display_text,url) VALUES (22,'RSGB IOTA','http://www.rsgbiota.org/');
INSERT INTO weblink(id,display_text,url) VALUES (23,'SOTA General Rules','http://sota.org.uk/Joining-In/General-Rules');
INSERT INTO weblink(id,display_text,url) VALUES (24,'Unicode Consortium (The)','http://unicode.org/');
INSERT INTO weblink(id,display_text,url) VALUES (25,'UTF-8 and Unicode','http://www.utf8.com/');
INSERT INTO weblink(id,display_text,url) VALUES (26,'Wireless Institute of Australia (WIA)','https://wia.org.au/');
INSERT INTO weblink(id,display_text,url) VALUES (27,'Worked All Europe (WAE)','http://www.darc.de/der-club/referate/dx/diplome-des-darc-referates-dx/diplome/wae-diplom/#english');
INSERT INTO weblink(id,display_text,url) VALUES (28,'YODX HF contest','http://www.yodx.ro/');
INSERT INTO weblink(id,display_text,url) VALUES (29,'ARI - l''Associazione Radioamatori Italiani','http://www.ari.it/');
INSERT INTO weblink(id,display_text,url) VALUES (30,'DARC - Deutscher Amateur-Radio-Club e.V.','http://www.darc.de/');
INSERT INTO weblink(id,display_text,url) VALUES (31,'eQSL','http://eqsl.cc/');
INSERT INTO weblink(id,display_text,url) VALUES (32,'IARU - International Amateur Radio Union','http://www.iaru.org/');
INSERT INTO weblink(id,display_text,url) VALUES (33,'JARL - Japan Amateur Radio League','http://www.jarl.or.jp/English/');
INSERT INTO weblink(id,display_text,url) VALUES (34,'RSGB - Radio Society of Great Britain','http://rsgb.org/');
INSERT INTO weblink(id,display_text,url) VALUES (35,'TAG - Tambov award group','http://rdaward.org/');
INSERT INTO weblink(id,display_text,url) VALUES (36,'WAB - Worked all Britain','http://www.worked-all-britain.co.uk/');


--REGION_APPLICABILITY --------------------------------------------------------
INSERT INTO region_applicability(id,region_id,weblink_id) VALUES (1,2,8);
INSERT INTO region_applicability(id,region_id,weblink_id) VALUES (2,2,27);
INSERT INTO region_applicability(id,region_id,weblink_id) VALUES (3,3,27);
INSERT INTO region_applicability(id,region_id,weblink_id) VALUES (4,4,8);
INSERT INTO region_applicability(id,region_id,weblink_id) VALUES (5,4,27);
INSERT INTO region_applicability(id,region_id,weblink_id) VALUES (6,5,8);
INSERT INTO region_applicability(id,region_id,weblink_id) VALUES (7,5,27);
INSERT INTO region_applicability(id,region_id,weblink_id) VALUES (8,6,8);
INSERT INTO region_applicability(id,region_id,weblink_id) VALUES (9,6,27);
INSERT INTO region_applicability(id,region_id,weblink_id) VALUES (10,7,8);
INSERT INTO region_applicability(id,region_id,weblink_id) VALUES (11,7,27);
INSERT INTO region_applicability(id,region_id,weblink_id) VALUES (12,8,8);

--SPONSORED_AWARD -------------------------------------------------------------
INSERT INTO sponsored_award(id,sponsor,weblink_id) VALUES (1,'ADIF',1);
INSERT INTO sponsored_award(id,sponsor,weblink_id) VALUES (2,'ARI',29);
INSERT INTO sponsored_award(id,sponsor,weblink_id) VALUES (3,'ARRL',3);
INSERT INTO sponsored_award(id,sponsor,weblink_id) VALUES (4,'CQ',8);
INSERT INTO sponsored_award(id,sponsor,weblink_id) VALUES (5,'DARC',27);
INSERT INTO sponsored_award(id,sponsor,weblink_id) VALUES (6,'EQSL',31);
INSERT INTO sponsored_award(id,sponsor,weblink_id) VALUES (7,'IARU',32);
INSERT INTO sponsored_award(id,sponsor,weblink_id) VALUES (8,'JARL',33);
INSERT INTO sponsored_award(id,sponsor,weblink_id) VALUES (9,'RSGB',34);
INSERT INTO sponsored_award(id,sponsor,weblink_id) VALUES (10,'TAG',35);
INSERT INTO sponsored_award(id,sponsor,weblink_id) VALUES (11,'WABAG',36);

--STATE -----------------------------------------------------------------------
INSERT INTO state(id,abbreviation,name) VALUES (1,'AL','Alabama');
INSERT INTO state(id,abbreviation,name) VALUES (2,'AK','Alaska');
INSERT INTO state(id,abbreviation,name) VALUES (3,'AZ','Arizona');
INSERT INTO state(id,abbreviation,name) VALUES (4,'AR','Arkansas');
INSERT INTO state(id,abbreviation,name) VALUES (5,'CA','California');
INSERT INTO state(id,abbreviation,name) VALUES (6,'CO','Colorado');
INSERT INTO state(id,abbreviation,name) VALUES (7,'CT','Connecticut');
INSERT INTO state(id,abbreviation,name) VALUES (8,'DC','District of Columbia');
INSERT INTO state(id,abbreviation,name) VALUES (9,'DE','Delaware');
INSERT INTO state(id,abbreviation,name) VALUES (10,'FL','Florida');
INSERT INTO state(id,abbreviation,name) VALUES (11,'GA','Georgia');
INSERT INTO state(id,abbreviation,name) VALUES (12,'HI','Hawaii');
INSERT INTO state(id,abbreviation,name) VALUES (13,'ID','Idaho');
INSERT INTO state(id,abbreviation,name) VALUES (14,'IL','Illinois');
INSERT INTO state(id,abbreviation,name) VALUES (15,'IN','Indiana');
INSERT INTO state(id,abbreviation,name) VALUES (16,'IA','Iowa');
INSERT INTO state(id,abbreviation,name) VALUES (17,'KS','Kansas');
INSERT INTO state(id,abbreviation,name) VALUES (18,'KY','Kentucky');
INSERT INTO state(id,abbreviation,name) VALUES (19,'LA','Louisiana');
INSERT INTO state(id,abbreviation,name) VALUES (20,'ME','Maine');
INSERT INTO state(id,abbreviation,name) VALUES (21,'MD','Maryland');
INSERT INTO state(id,abbreviation,name) VALUES (22,'MA','Massachusetts');
INSERT INTO state(id,abbreviation,name) VALUES (23,'MI','Michigan');
INSERT INTO state(id,abbreviation,name) VALUES (24,'MN','Minnesota');
INSERT INTO state(id,abbreviation,name) VALUES (25,'MS','Mississippi');
INSERT INTO state(id,abbreviation,name) VALUES (26,'MO','Missouri');
INSERT INTO state(id,abbreviation,name) VALUES (27,'MT','Montana');
INSERT INTO state(id,abbreviation,name) VALUES (28,'NE','Nebraska');
INSERT INTO state(id,abbreviation,name) VALUES (29,'NV','Nevada');
INSERT INTO state(id,abbreviation,name) VALUES (30,'NH','New Hampshire');
INSERT INTO state(id,abbreviation,name) VALUES (31,'NJ','New Jersey');
INSERT INTO state(id,abbreviation,name) VALUES (32,'NM','New Mexico');
INSERT INTO state(id,abbreviation,name) VALUES (33,'NY','New York');
INSERT INTO state(id,abbreviation,name) VALUES (34,'NC','North Carolina');
INSERT INTO state(id,abbreviation,name) VALUES (35,'ND','North Dakota');
INSERT INTO state(id,abbreviation,name) VALUES (36,'OH','Ohio');
INSERT INTO state(id,abbreviation,name) VALUES (37,'OK','Oklahoma');
INSERT INTO state(id,abbreviation,name) VALUES (38,'OR','Oregon');
INSERT INTO state(id,abbreviation,name) VALUES (39,'PA','Pennsylvania');
INSERT INTO state(id,abbreviation,name) VALUES (40,'RI','Rhode Island');
INSERT INTO state(id,abbreviation,name) VALUES (41,'SC','South Carolina');
INSERT INTO state(id,abbreviation,name) VALUES (42,'SD','South Dakota');
INSERT INTO state(id,abbreviation,name) VALUES (43,'TN','Tennessee');
INSERT INTO state(id,abbreviation,name) VALUES (44,'TX','Texas');
INSERT INTO state(id,abbreviation,name) VALUES (45,'UT','Utah');
INSERT INTO state(id,abbreviation,name) VALUES (46,'VT','Vermont');
INSERT INTO state(id,abbreviation,name) VALUES (47,'VA','Virginia');
INSERT INTO state(id,abbreviation,name) VALUES (48,'WA','Washington');
INSERT INTO state(id,abbreviation,name) VALUES (49,'WV','West Virginia');
INSERT INTO state(id,abbreviation,name) VALUES (50,'WI','Wisconsin');
INSERT INTO state(id,abbreviation,name) VALUES (51,'WY','Wyoming');

--STATE_COUNTY ----------------------------------------------------------------
INSERT INTO state_county(id,state_id,county_name_id) VALUES (1,1,91);
INSERT INTO state_county(id,state_id,county_name_id) VALUES (2,1,98);
INSERT INTO state_county(id,state_id,county_name_id) VALUES (3,1,109);
INSERT INTO state_county(id,state_id,county_name_id) VALUES (4,1,162);
INSERT INTO state_county(id,state_id,county_name_id) VALUES (5,1,177);
INSERT INTO state_county(id,state_id,county_name_id) VALUES (6,1,238);
INSERT INTO state_county(id,state_id,county_name_id) VALUES (7,1,248);
INSERT INTO state_county(id,state_id,county_name_id) VALUES (8,1,263);
INSERT INTO state_county(id,state_id,county_name_id) VALUES (9,1,317);
INSERT INTO state_county(id,state_id,county_name_id) VALUES (10,1,339);
INSERT INTO state_county(id,state_id,county_name_id) VALUES (11,1,349);
INSERT INTO state_county(id,state_id,county_name_id) VALUES (12,1,353);
INSERT INTO state_county(id,state_id,county_name_id) VALUES (13,1,371);
INSERT INTO state_county(id,state_id,county_name_id) VALUES (14,1,373);
INSERT INTO state_county(id,state_id,county_name_id) VALUES (15,1,378);
INSERT INTO state_county(id,state_id,county_name_id) VALUES (16,1,393);
INSERT INTO state_county(id,state_id,county_name_id) VALUES (17,1,396);
INSERT INTO state_county(id,state_id,county_name_id) VALUES (18,1,417);
INSERT INTO state_county(id,state_id,county_name_id) VALUES (19,1,426);
INSERT INTO state_county(id,state_id,county_name_id) VALUES (20,1,438);
INSERT INTO state_county(id,state_id,county_name_id) VALUES (21,1,448);
INSERT INTO state_county(id,state_id,county_name_id) VALUES (22,1,459);
INSERT INTO state_county(id,state_id,county_name_id) VALUES (23,1,470);
INSERT INTO state_county(id,state_id,county_name_id) VALUES (24,1,472);
INSERT INTO state_county(id,state_id,county_name_id) VALUES (25,1,496);
INSERT INTO state_county(id,state_id,county_name_id) VALUES (26,1,578);
INSERT INTO state_county(id,state_id,county_name_id) VALUES (27,1,586);
INSERT INTO state_county(id,state_id,county_name_id) VALUES (28,1,590);
INSERT INTO state_county(id,state_id,county_name_id) VALUES (29,1,608);
INSERT INTO state_county(id,state_id,county_name_id) VALUES (30,1,632);
INSERT INTO state_county(id,state_id,county_name_id) VALUES (31,1,665);
INSERT INTO state_county(id,state_id,county_name_id) VALUES (32,1,717);
INSERT INTO state_county(id,state_id,county_name_id) VALUES (33,1,746);
INSERT INTO state_county(id,state_id,county_name_id) VALUES (34,1,795);
INSERT INTO state_county(id,state_id,county_name_id) VALUES (35,1,829);
INSERT INTO state_county(id,state_id,county_name_id) VALUES (36,1,875);
INSERT INTO state_county(id,state_id,county_name_id) VALUES (37,1,882);
INSERT INTO state_county(id,state_id,county_name_id) VALUES (38,1,982);
INSERT INTO state_county(id,state_id,county_name_id) VALUES (39,1,1005);
INSERT INTO state_county(id,state_id,county_name_id) VALUES (40,1,1009);
INSERT INTO state_county(id,state_id,county_name_id) VALUES (41,1,1016);
INSERT INTO state_county(id,state_id,county_name_id) VALUES (42,1,1033);
INSERT INTO state_county(id,state_id,county_name_id) VALUES (43,1,1057);
INSERT INTO state_county(id,state_id,county_name_id) VALUES (44,1,1073);
INSERT INTO state_county(id,state_id,county_name_id) VALUES (45,1,1076);
INSERT INTO state_county(id,state_id,county_name_id) VALUES (46,1,91);
INSERT INTO state_county(id,state_id,county_name_id) VALUES (47,1,98);
INSERT INTO state_county(id,state_id,county_name_id) VALUES (48,1,109);
INSERT INTO state_county(id,state_id,county_name_id) VALUES (49,1,162);
INSERT INTO state_county(id,state_id,county_name_id) VALUES (50,1,177);
INSERT INTO state_county(id,state_id,county_name_id) VALUES (51,1,238);
INSERT INTO state_county(id,state_id,county_name_id) VALUES (52,1,248);
INSERT INTO state_county(id,state_id,county_name_id) VALUES (53,1,263);
INSERT INTO state_county(id,state_id,county_name_id) VALUES (54,1,317);
INSERT INTO state_county(id,state_id,county_name_id) VALUES (55,1,339);
INSERT INTO state_county(id,state_id,county_name_id) VALUES (56,1,349);
INSERT INTO state_county(id,state_id,county_name_id) VALUES (57,1,353);
INSERT INTO state_county(id,state_id,county_name_id) VALUES (58,1,371);
INSERT INTO state_county(id,state_id,county_name_id) VALUES (59,1,373);
INSERT INTO state_county(id,state_id,county_name_id) VALUES (60,1,378);
INSERT INTO state_county(id,state_id,county_name_id) VALUES (61,1,393);
INSERT INTO state_county(id,state_id,county_name_id) VALUES (62,1,396);
INSERT INTO state_county(id,state_id,county_name_id) VALUES (63,1,417);
INSERT INTO state_county(id,state_id,county_name_id) VALUES (64,1,426);
INSERT INTO state_county(id,state_id,county_name_id) VALUES (65,1,438);
INSERT INTO state_county(id,state_id,county_name_id) VALUES (66,1,448);
INSERT INTO state_county(id,state_id,county_name_id) VALUES (67,1,459);
INSERT INTO state_county(id,state_id,county_name_id) VALUES (68,1,470);
INSERT INTO state_county(id,state_id,county_name_id) VALUES (69,1,472);
INSERT INTO state_county(id,state_id,county_name_id) VALUES (70,1,496);
INSERT INTO state_county(id,state_id,county_name_id) VALUES (71,1,578);
INSERT INTO state_county(id,state_id,county_name_id) VALUES (72,1,586);
INSERT INTO state_county(id,state_id,county_name_id) VALUES (73,1,590);
INSERT INTO state_county(id,state_id,county_name_id) VALUES (74,1,608);
INSERT INTO state_county(id,state_id,county_name_id) VALUES (75,1,632);
INSERT INTO state_county(id,state_id,county_name_id) VALUES (76,1,665);
INSERT INTO state_county(id,state_id,county_name_id) VALUES (77,1,717);
INSERT INTO state_county(id,state_id,county_name_id) VALUES (78,1,746);
INSERT INTO state_county(id,state_id,county_name_id) VALUES (79,1,795);
INSERT INTO state_county(id,state_id,county_name_id) VALUES (80,1,829);
INSERT INTO state_county(id,state_id,county_name_id) VALUES (81,1,875);
INSERT INTO state_county(id,state_id,county_name_id) VALUES (82,1,882);
INSERT INTO state_county(id,state_id,county_name_id) VALUES (83,1,982);
INSERT INTO state_county(id,state_id,county_name_id) VALUES (84,1,1005);
INSERT INTO state_county(id,state_id,county_name_id) VALUES (85,1,1009);
INSERT INTO state_county(id,state_id,county_name_id) VALUES (86,1,1016);
INSERT INTO state_county(id,state_id,county_name_id) VALUES (87,1,1033);
INSERT INTO state_county(id,state_id,county_name_id) VALUES (88,1,1057);
INSERT INTO state_county(id,state_id,county_name_id) VALUES (89,1,1073);
INSERT INTO state_county(id,state_id,county_name_id) VALUES (90,1,1076);
INSERT INTO state_county(id,state_id,county_name_id) VALUES (91,1,1092);
INSERT INTO state_county(id,state_id,county_name_id) VALUES (92,1,1098);
INSERT INTO state_county(id,state_id,county_name_id) VALUES (93,1,1102);
INSERT INTO state_county(id,state_id,county_name_id) VALUES (94,1,1180);
INSERT INTO state_county(id,state_id,county_name_id) VALUES (95,1,1190);
INSERT INTO state_county(id,state_id,county_name_id) VALUES (96,1,1195);
INSERT INTO state_county(id,state_id,county_name_id) VALUES (97,1,1203);
INSERT INTO state_county(id,state_id,county_name_id) VALUES (98,1,1368);
INSERT INTO state_county(id,state_id,county_name_id) VALUES (99,1,1380);
INSERT INTO state_county(id,state_id,county_name_id) VALUES (100,1,1383);
INSERT INTO state_county(id,state_id,county_name_id) VALUES (101,1,1454);
INSERT INTO state_county(id,state_id,county_name_id) VALUES (102,1,1524);
INSERT INTO state_county(id,state_id,county_name_id) VALUES (103,1,1648);
INSERT INTO state_county(id,state_id,county_name_id) VALUES (104,1,1610);
INSERT INTO state_county(id,state_id,county_name_id) VALUES (105,1,1704);
INSERT INTO state_county(id,state_id,county_name_id) VALUES (106,1,1721);
INSERT INTO state_county(id,state_id,county_name_id) VALUES (107,1,1723);
INSERT INTO state_county(id,state_id,county_name_id) VALUES (108,1,1790);
INSERT INTO state_county(id,state_id,county_name_id) VALUES (109,1,1846);
INSERT INTO state_county(id,state_id,county_name_id) VALUES (110,1,1865);
INSERT INTO state_county(id,state_id,county_name_id) VALUES (111,1,1907);
INSERT INTO state_county(id,state_id,county_name_id) VALUES (112,1,1926);
INSERT INTO state_county(id,state_id,county_name_id) VALUES (113,2,23);
INSERT INTO state_county(id,state_id,county_name_id) VALUES (114,2,24);
INSERT INTO state_county(id,state_id,county_name_id) VALUES (115,2,44);
INSERT INTO state_county(id,state_id,county_name_id) VALUES (116,2,160);
INSERT INTO state_county(id,state_id,county_name_id) VALUES (117,2,215);
INSERT INTO state_county(id,state_id,county_name_id) VALUES (118,2,500);
INSERT INTO state_county(id,state_id,county_name_id) VALUES (119,2,516);
INSERT INTO state_county(id,state_id,county_name_id) VALUES (120,2,594);
INSERT INTO state_county(id,state_id,county_name_id) VALUES (121,2,745);
INSERT INTO state_county(id,state_id,county_name_id) VALUES (122,2,821);
INSERT INTO state_county(id,state_id,county_name_id) VALUES (123,2,904);
INSERT INTO state_county(id,state_id,county_name_id) VALUES (124,2,923);
INSERT INTO state_county(id,state_id,county_name_id) VALUES (125,2,934);
INSERT INTO state_county(id,state_id,county_name_id) VALUES (126,2,960);
INSERT INTO state_county(id,state_id,county_name_id) VALUES (127,2,979);
INSERT INTO state_county(id,state_id,county_name_id) VALUES (128,2,1108);
INSERT INTO state_county(id,state_id,county_name_id) VALUES (129,2,1262);
INSERT INTO state_county(id,state_id,county_name_id) VALUES (130,2,1266);
INSERT INTO state_county(id,state_id,county_name_id) VALUES (131,2,1270);
INSERT INTO state_county(id,state_id,county_name_id) VALUES (132,2,1371);
INSERT INTO state_county(id,state_id,county_name_id) VALUES (133,2,1433);
INSERT INTO state_county(id,state_id,county_name_id) VALUES (134,2,1623);
INSERT INTO state_county(id,state_id,county_name_id) VALUES (135,2,1625);
INSERT INTO state_county(id,state_id,county_name_id) VALUES (136,2,1638);
INSERT INTO state_county(id,state_id,county_name_id) VALUES (137,2,1811);
INSERT INTO state_county(id,state_id,county_name_id) VALUES (138,2,1839);
INSERT INTO state_county(id,state_id,county_name_id) VALUES (139,2,1939);
INSERT INTO state_county(id,state_id,county_name_id) VALUES (140,2,1948);
INSERT INTO state_county(id,state_id,county_name_id) VALUES (141,2,1965);
INSERT INTO state_county(id,state_id,county_name_id) VALUES (142,3,55);
INSERT INTO state_county(id,state_id,county_name_id) VALUES (143,3,388);
INSERT INTO state_county(id,state_id,county_name_id) VALUES (144,3,391);
INSERT INTO state_county(id,state_id,county_name_id) VALUES (145,3,670);
INSERT INTO state_county(id,state_id,county_name_id) VALUES (146,3,698);
INSERT INTO state_county(id,state_id,county_name_id) VALUES (147,3,718);
INSERT INTO state_county(id,state_id,county_name_id) VALUES (148,3,966);
INSERT INTO state_county(id,state_id,county_name_id) VALUES (149,3,1094);
INSERT INTO state_county(id,state_id,county_name_id) VALUES (150,3,1184);
INSERT INTO state_county(id,state_id,county_name_id) VALUES (151,3,1233);
INSERT INTO state_county(id,state_id,county_name_id) VALUES (152,3,1384);
INSERT INTO state_county(id,state_id,county_name_id) VALUES (153,3,1385);
INSERT INTO state_county(id,state_id,county_name_id) VALUES (154,3,1569);
INSERT INTO state_county(id,state_id,county_name_id) VALUES (155,3,1955);
INSERT INTO state_county(id,state_id,county_name_id) VALUES (156,3,1966);
INSERT INTO state_county(id,state_id,county_name_id) VALUES (157,4,65);
INSERT INTO state_county(id,state_id,county_name_id) VALUES (158,4,74);
INSERT INTO state_county(id,state_id,county_name_id) VALUES (159,4,125);
INSERT INTO state_county(id,state_id,county_name_id) VALUES (160,4,151);
INSERT INTO state_county(id,state_id,county_name_id) VALUES (161,4,186);
INSERT INTO state_county(id,state_id,county_name_id) VALUES (162,4,203);
INSERT INTO state_county(id,state_id,county_name_id) VALUES (163,4,263);
INSERT INTO state_county(id,state_id,county_name_id) VALUES (164,4,290);
INSERT INTO state_county(id,state_id,county_name_id) VALUES (165,4,347);
INSERT INTO state_county(id,state_id,county_name_id) VALUES (166,4,370);
INSERT INTO state_county(id,state_id,county_name_id) VALUES (167,4,373);
INSERT INTO state_county(id,state_id,county_name_id) VALUES (168,4,378);
INSERT INTO state_county(id,state_id,county_name_id) VALUES (169,4,380);
INSERT INTO state_county(id,state_id,county_name_id) VALUES (170,4,408);
INSERT INTO state_county(id,state_id,county_name_id) VALUES (171,4,421);
INSERT INTO state_county(id,state_id,county_name_id) VALUES (172,4,443);
INSERT INTO state_county(id,state_id,county_name_id) VALUES (173,4,446);
INSERT INTO state_county(id,state_id,county_name_id) VALUES (174,4,450);
INSERT INTO state_county(id,state_id,county_name_id) VALUES (175,4,454);
INSERT INTO state_county(id,state_id,county_name_id) VALUES (176,4,472);
INSERT INTO state_county(id,state_id,county_name_id) VALUES (177,4,506);
INSERT INTO state_county(id,state_id,county_name_id) VALUES (178,4,536);
INSERT INTO state_county(id,state_id,county_name_id) VALUES (179,4,606);
INSERT INTO state_county(id,state_id,county_name_id) VALUES (180,4,632);
INSERT INTO state_county(id,state_id,county_name_id) VALUES (181,4,642);
INSERT INTO state_county(id,state_id,county_name_id) VALUES (182,4,653);
INSERT INTO state_county(id,state_id,county_name_id) VALUES (183,4,705);
INSERT INTO state_county(id,state_id,county_name_id) VALUES (184,4,717);
INSERT INTO state_county(id,state_id,county_name_id) VALUES (185,4,789);
INSERT INTO state_county(id,state_id,county_name_id) VALUES (186,4,826);
INSERT INTO state_county(id,state_id,county_name_id) VALUES (187,4,830);
INSERT INTO state_county(id,state_id,county_name_id) VALUES (188,4,852);
INSERT INTO state_county(id,state_id,county_name_id) VALUES (189,4,873);
INSERT INTO state_county(id,state_id,county_name_id) VALUES (190,4,875);
INSERT INTO state_county(id,state_id,county_name_id) VALUES (191,4,882);
INSERT INTO state_county(id,state_id,county_name_id) VALUES (192,4,896);
INSERT INTO state_county(id,state_id,county_name_id) VALUES (193,4,974);
INSERT INTO state_county(id,state_id,county_name_id) VALUES (194,4,1009);
INSERT INTO state_county(id,state_id,county_name_id) VALUES (195,4,1016);
INSERT INTO state_county(id,state_id,county_name_id) VALUES (196,4,1034);
INSERT INTO state_county(id,state_id,county_name_id) VALUES (197,4,1039);
INSERT INTO state_county(id,state_id,county_name_id) VALUES (198,4,1044);
INSERT INTO state_county(id,state_id,county_name_id) VALUES (199,4,1047);
INSERT INTO state_county(id,state_id,county_name_id) VALUES (200,4,1076);
INSERT INTO state_county(id,state_id,county_name_id) VALUES (201,4,1098);
INSERT INTO state_county(id,state_id,county_name_id) VALUES (202,4,1168);
INSERT INTO state_county(id,state_id,county_name_id) VALUES (203,4,1177);
INSERT INTO state_county(id,state_id,county_name_id) VALUES (204,4,1190);
INSERT INTO state_county(id,state_id,county_name_id) VALUES (205,4,1195);
INSERT INTO state_county(id,state_id,county_name_id) VALUES (206,4,1240);
INSERT INTO state_county(id,state_id,county_name_id) VALUES (207,4,1252);
INSERT INTO state_county(id,state_id,county_name_id) VALUES (208,4,1322);
INSERT INTO state_county(id,state_id,county_name_id) VALUES (209,4,1368);
INSERT INTO state_county(id,state_id,county_name_id) VALUES (210,4,1377);
INSERT INTO state_county(id,state_id,county_name_id) VALUES (211,4,1383);
INSERT INTO state_county(id,state_id,county_name_id) VALUES (212,4,1402);
INSERT INTO state_county(id,state_id,county_name_id) VALUES (213,4,1404);
INSERT INTO state_county(id,state_id,county_name_id) VALUES (214,4,1408);
INSERT INTO state_county(id,state_id,county_name_id) VALUES (215,4,1422);
INSERT INTO state_county(id,state_id,county_name_id) VALUES (216,4,1438);
INSERT INTO state_county(id,state_id,county_name_id) VALUES (217,4,1454);
INSERT INTO state_county(id,state_id,county_name_id) VALUES (218,4,1651);
INSERT INTO state_county(id,state_id,county_name_id) VALUES (219,4,1539);
INSERT INTO state_county(id,state_id,county_name_id) VALUES (220,4,1589);
INSERT INTO state_county(id,state_id,county_name_id) VALUES (221,4,1593);
INSERT INTO state_county(id,state_id,county_name_id) VALUES (222,4,1594);
INSERT INTO state_county(id,state_id,county_name_id) VALUES (223,4,1600);
INSERT INTO state_county(id,state_id,county_name_id) VALUES (224,4,1605);
INSERT INTO state_county(id,state_id,county_name_id) VALUES (225,4,1690);
INSERT INTO state_county(id,state_id,county_name_id) VALUES (226,4,1802);
INSERT INTO state_county(id,state_id,county_name_id) VALUES (227,4,1814);
INSERT INTO state_county(id,state_id,county_name_id) VALUES (228,4,1865);
INSERT INTO state_county(id,state_id,county_name_id) VALUES (229,4,1897);
INSERT INTO state_county(id,state_id,county_name_id) VALUES (230,4,1933);
INSERT INTO state_county(id,state_id,county_name_id) VALUES (231,4,1957);
INSERT INTO state_county(id,state_id,county_name_id) VALUES (232,5,17);
INSERT INTO state_county(id,state_id,county_name_id) VALUES (233,5,38);
INSERT INTO state_county(id,state_id,county_name_id) VALUES (234,5,39);
INSERT INTO state_county(id,state_id,county_name_id) VALUES (235,5,249);
INSERT INTO state_county(id,state_id,county_name_id) VALUES (236,5,258);
INSERT INTO state_county(id,state_id,county_name_id) VALUES (237,5,411);
INSERT INTO state_county(id,state_id,county_name_id) VALUES (238,5,419);
INSERT INTO state_county(id,state_id,county_name_id) VALUES (239,5,497);
INSERT INTO state_county(id,state_id,county_name_id) VALUES (240,5,569);
INSERT INTO state_county(id,state_id,county_name_id) VALUES (241,5,639);
INSERT INTO state_county(id,state_id,county_name_id) VALUES (242,5,682);
INSERT INTO state_county(id,state_id,county_name_id) VALUES (243,5,838);
INSERT INTO state_county(id,state_id,county_name_id) VALUES (244,5,851);
INSERT INTO state_county(id,state_id,county_name_id) VALUES (245,5,856);
INSERT INTO state_county(id,state_id,county_name_id) VALUES (246,5,931);
INSERT INTO state_county(id,state_id,county_name_id) VALUES (247,5,947);
INSERT INTO state_county(id,state_id,county_name_id) VALUES (248,5,980);
INSERT INTO state_county(id,state_id,county_name_id) VALUES (249,5,1002);
INSERT INTO state_county(id,state_id,county_name_id) VALUES (250,5,1050);
INSERT INTO state_county(id,state_id,county_name_id) VALUES (251,5,1075);
INSERT INTO state_county(id,state_id,county_name_id) VALUES (252,5,1096);
INSERT INTO state_county(id,state_id,county_name_id) VALUES (253,5,1099);
INSERT INTO state_county(id,state_id,county_name_id) VALUES (254,5,1149);
INSERT INTO state_county(id,state_id,county_name_id) VALUES (255,5,1152);
INSERT INTO state_county(id,state_id,county_name_id) VALUES (256,5,1182);
INSERT INTO state_county(id,state_id,county_name_id) VALUES (257,5,1187);
INSERT INTO state_county(id,state_id,county_name_id) VALUES (258,5,1193);
INSERT INTO state_county(id,state_id,county_name_id) VALUES (259,5,1227);
INSERT INTO state_county(id,state_id,county_name_id) VALUES (260,5,1240);
INSERT INTO state_county(id,state_id,county_name_id) VALUES (261,5,1306);
INSERT INTO state_county(id,state_id,county_name_id) VALUES (262,5,1395);
INSERT INTO state_county(id,state_id,county_name_id) VALUES (263,5,1399);
INSERT INTO state_county(id,state_id,county_name_id) VALUES (264,5,1493);
INSERT INTO state_county(id,state_id,county_name_id) VALUES (265,5,1531);
INSERT INTO state_county(id,state_id,county_name_id) VALUES (266,5,1544);
INSERT INTO state_county(id,state_id,county_name_id) VALUES (267,5,1545);
INSERT INTO state_county(id,state_id,county_name_id) VALUES (268,5,1546);
INSERT INTO state_county(id,state_id,county_name_id) VALUES (269,5,1547);
INSERT INTO state_county(id,state_id,county_name_id) VALUES (270,5,1550);
INSERT INTO state_county(id,state_id,county_name_id) VALUES (271,5,1554);
INSERT INTO state_county(id,state_id,county_name_id) VALUES (272,5,1555);
INSERT INTO state_county(id,state_id,county_name_id) VALUES (273,5,1567);
INSERT INTO state_county(id,state_id,county_name_id) VALUES (274,5,1568);
INSERT INTO state_county(id,state_id,county_name_id) VALUES (275,5,1569);
INSERT INTO state_county(id,state_id,county_name_id) VALUES (276,5,1606);
INSERT INTO state_county(id,state_id,county_name_id) VALUES (277,5,1618);
INSERT INTO state_county(id,state_id,county_name_id) VALUES (278,5,1622);
INSERT INTO state_county(id,state_id,county_name_id) VALUES (279,5,1633);
INSERT INTO state_county(id,state_id,county_name_id) VALUES (280,5,1636);
INSERT INTO state_county(id,state_id,county_name_id) VALUES (281,5,1670);
INSERT INTO state_county(id,state_id,county_name_id) VALUES (282,5,1709);
INSERT INTO state_county(id,state_id,county_name_id) VALUES (283,5,1733);
INSERT INTO state_county(id,state_id,county_name_id) VALUES (284,5,1778);
INSERT INTO state_county(id,state_id,county_name_id) VALUES (285,5,1785);
INSERT INTO state_county(id,state_id,county_name_id) VALUES (286,5,1788);
INSERT INTO state_county(id,state_id,county_name_id) VALUES (287,5,1822);
INSERT INTO state_county(id,state_id,county_name_id) VALUES (288,5,1961);
INSERT INTO state_county(id,state_id,county_name_id) VALUES (289,5,1964);
INSERT INTO state_county(id,state_id,county_name_id) VALUES (290,6,6);
INSERT INTO state_county(id,state_id,county_name_id) VALUES (291,6,18);
INSERT INTO state_county(id,state_id,county_name_id) VALUES (292,6,60);
INSERT INTO state_county(id,state_id,county_name_id) VALUES (293,6,62);
INSERT INTO state_county(id,state_id,county_name_id) VALUES (294,6,94);
INSERT INTO state_county(id,state_id,county_name_id) VALUES (295,6,150);
INSERT INTO state_county(id,state_id,county_name_id) VALUES (296,6,192);
INSERT INTO state_county(id,state_id,county_name_id) VALUES (297,6,224);
INSERT INTO state_county(id,state_id,county_name_id) VALUES (298,6,316);
INSERT INTO state_county(id,state_id,county_name_id) VALUES (299,6,345);
INSERT INTO state_county(id,state_id,county_name_id) VALUES (300,6,375);
INSERT INTO state_county(id,state_id,county_name_id) VALUES (301,6,418);
INSERT INTO state_county(id,state_id,county_name_id) VALUES (302,6,433);
INSERT INTO state_county(id,state_id,county_name_id) VALUES (303,6,456);
INSERT INTO state_county(id,state_id,county_name_id) VALUES (304,6,465);
INSERT INTO state_county(id,state_id,county_name_id) VALUES (305,6,499);
INSERT INTO state_county(id,state_id,county_name_id) VALUES (306,6,503);
INSERT INTO state_county(id,state_id,county_name_id) VALUES (307,6,526);
INSERT INTO state_county(id,state_id,county_name_id) VALUES (308,6,535);
INSERT INTO state_county(id,state_id,county_name_id) VALUES (309,6,550);
INSERT INTO state_county(id,state_id,county_name_id) VALUES (310,6,571);
INSERT INTO state_county(id,state_id,county_name_id) VALUES (311,6,570);
INSERT INTO state_county(id,state_id,county_name_id) VALUES (312,6,638);
INSERT INTO state_county(id,state_id,county_name_id) VALUES (313,6,652);
INSERT INTO state_county(id,state_id,county_name_id) VALUES (314,6,676);
INSERT INTO state_county(id,state_id,county_name_id) VALUES (315,6,700);
INSERT INTO state_county(id,state_id,county_name_id) VALUES (316,6,739);
INSERT INTO state_county(id,state_id,county_name_id) VALUES (317,6,809);
INSERT INTO state_county(id,state_id,county_name_id) VALUES (318,6,835);
INSERT INTO state_county(id,state_id,county_name_id) VALUES (319,6,875);
INSERT INTO state_county(id,state_id,county_name_id) VALUES (320,6,882);
INSERT INTO state_county(id,state_id,county_name_id) VALUES (321,6,950);
INSERT INTO state_county(id,state_id,county_name_id) VALUES (322,6,951);
INSERT INTO state_county(id,state_id,county_name_id) VALUES (323,6,980);
INSERT INTO state_county(id,state_id,county_name_id) VALUES (324,6,967);
INSERT INTO state_county(id,state_id,county_name_id) VALUES (325,6,996);
INSERT INTO state_county(id,state_id,county_name_id) VALUES (326,6,998);
INSERT INTO state_county(id,state_id,county_name_id) VALUES (327,6,1034);
INSERT INTO state_county(id,state_id,county_name_id) VALUES (328,6,1044);
INSERT INTO state_county(id,state_id,county_name_id) VALUES (329,6,1157);
INSERT INTO state_county(id,state_id,county_name_id) VALUES (330,6,1172);
INSERT INTO state_county(id,state_id,county_name_id) VALUES (331,6,1183);
INSERT INTO state_county(id,state_id,county_name_id) VALUES (332,6,1194);
INSERT INTO state_county(id,state_id,county_name_id) VALUES (333,6,1198);
INSERT INTO state_county(id,state_id,county_name_id) VALUES (334,6,1203);
INSERT INTO state_county(id,state_id,county_name_id) VALUES (335,6,1317);
INSERT INTO state_county(id,state_id,county_name_id) VALUES (336,6,1324);
INSERT INTO state_county(id,state_id,county_name_id) VALUES (337,6,1340);
INSERT INTO state_county(id,state_id,county_name_id) VALUES (338,6,1377);
INSERT INTO state_county(id,state_id,county_name_id) VALUES (339,6,1390);
INSERT INTO state_county(id,state_id,county_name_id) VALUES (340,6,1436);
INSERT INTO state_county(id,state_id,county_name_id) VALUES (341,6,1437);
INSERT INTO state_county(id,state_id,county_name_id) VALUES (342,6,1488);
INSERT INTO state_county(id,state_id,county_name_id) VALUES (343,6,1489);
INSERT INTO state_county(id,state_id,county_name_id) VALUES (344,6,1519);
INSERT INTO state_county(id,state_id,county_name_id) VALUES (345,6,1534);
INSERT INTO state_county(id,state_id,county_name_id) VALUES (346,6,1551);
INSERT INTO state_county(id,state_id,county_name_id) VALUES (347,6,1556);
INSERT INTO state_county(id,state_id,county_name_id) VALUES (348,6,1595);
INSERT INTO state_county(id,state_id,county_name_id) VALUES (349,6,1702);
INSERT INTO state_county(id,state_id,county_name_id) VALUES (350,6,1735);
INSERT INTO state_county(id,state_id,county_name_id) VALUES (351,6,1865);
INSERT INTO state_county(id,state_id,county_name_id) VALUES (352,6,1882);
INSERT INTO state_county(id,state_id,county_name_id) VALUES (353,6,1966);
INSERT INTO state_county(id,state_id,county_name_id) VALUES (354,7,597);
INSERT INTO state_county(id,state_id,county_name_id) VALUES (355,7,777);
INSERT INTO state_county(id,state_id,county_name_id) VALUES (356,7,1038);
INSERT INTO state_county(id,state_id,county_name_id) VALUES (357,7,1161);
INSERT INTO state_county(id,state_id,county_name_id) VALUES (358,7,1243);
INSERT INTO state_county(id,state_id,county_name_id) VALUES (359,7,1245);
INSERT INTO state_county(id,state_id,county_name_id) VALUES (360,7,1759);
INSERT INTO state_county(id,state_id,county_name_id) VALUES (361,7,1919);
INSERT INTO state_county(id,state_id,county_name_id) VALUES (362,9,928);
INSERT INTO state_county(id,state_id,county_name_id) VALUES (363,9,1241);
INSERT INTO state_county(id,state_id,county_name_id) VALUES (364,9,1708);
INSERT INTO state_county(id,state_id,county_name_id) VALUES (365,8,520);
INSERT INTO state_county(id,state_id,county_name_id) VALUES (366,10,15);
INSERT INTO state_county(id,state_id,county_name_id) VALUES (367,10,97);
INSERT INTO state_county(id,state_id,county_name_id) VALUES (368,10,126);
INSERT INTO state_county(id,state_id,county_name_id) VALUES (369,10,202);
INSERT INTO state_county(id,state_id,county_name_id) VALUES (370,10,212);
INSERT INTO state_county(id,state_id,county_name_id) VALUES (371,10,225);
INSERT INTO state_county(id,state_id,county_name_id) VALUES (372,10,263);
INSERT INTO state_county(id,state_id,county_name_id) VALUES (373,10,325);
INSERT INTO state_county(id,state_id,county_name_id) VALUES (374,10,362);
INSERT INTO state_county(id,state_id,county_name_id) VALUES (375,10,373);
INSERT INTO state_county(id,state_id,county_name_id) VALUES (376,10,402);
INSERT INTO state_county(id,state_id,county_name_id) VALUES (377,10,408);
INSERT INTO state_county(id,state_id,county_name_id) VALUES (378,10,507);
INSERT INTO state_county(id,state_id,county_name_id) VALUES (379,10,522);
INSERT INTO state_county(id,state_id,county_name_id) VALUES (380,10,548);
INSERT INTO state_county(id,state_id,county_name_id) VALUES (381,10,586);
INSERT INTO state_county(id,state_id,county_name_id) VALUES (382,10,615);
INSERT INTO state_county(id,state_id,county_name_id) VALUES (383,10,632);
INSERT INTO state_county(id,state_id,county_name_id) VALUES (384,10,644);
INSERT INTO state_county(id,state_id,county_name_id) VALUES (385,10,671);
INSERT INTO state_county(id,state_id,county_name_id) VALUES (386,10,678);
INSERT INTO state_county(id,state_id,county_name_id) VALUES (387,10,738);
INSERT INTO state_county(id,state_id,county_name_id) VALUES (388,10,750);
INSERT INTO state_county(id,state_id,county_name_id) VALUES (389,10,762);
INSERT INTO state_county(id,state_id,county_name_id) VALUES (390,10,792);
INSERT INTO state_county(id,state_id,county_name_id) VALUES (391,10,797);
INSERT INTO state_county(id,state_id,county_name_id) VALUES (392,10,804);
INSERT INTO state_county(id,state_id,county_name_id) VALUES (393,10,806);
INSERT INTO state_county(id,state_id,county_name_id) VALUES (394,10,815);
INSERT INTO state_county(id,state_id,county_name_id) VALUES (395,10,853);
INSERT INTO state_county(id,state_id,county_name_id) VALUES (396,10,875);
INSERT INTO state_county(id,state_id,county_name_id) VALUES (397,10,882);
INSERT INTO state_county(id,state_id,county_name_id) VALUES (398,10,974);
INSERT INTO state_county(id,state_id,county_name_id) VALUES (399,10,980);
INSERT INTO state_county(id,state_id,county_name_id) VALUES (400,10,1016);
INSERT INTO state_county(id,state_id,county_name_id) VALUES (401,10,1023);
INSERT INTO state_county(id,state_id,county_name_id) VALUES (402,10,1026);
INSERT INTO state_county(id,state_id,county_name_id) VALUES (403,10,1031);
INSERT INTO state_county(id,state_id,county_name_id) VALUES (404,10,1076);
INSERT INTO state_county(id,state_id,county_name_id) VALUES (405,10,1086);
INSERT INTO state_county(id,state_id,county_name_id) VALUES (406,10,1098);
INSERT INTO state_county(id,state_id,county_name_id) VALUES (407,10,1103);
INSERT INTO state_county(id,state_id,county_name_id) VALUES (408,10,1160);
INSERT INTO state_county(id,state_id,county_name_id) VALUES (409,10,1190);
INSERT INTO state_county(id,state_id,county_name_id) VALUES (410,10,1230);
INSERT INTO state_county(id,state_id,county_name_id) VALUES (411,10,1291);
INSERT INTO state_county(id,state_id,county_name_id) VALUES (412,10,1293);
INSERT INTO state_county(id,state_id,county_name_id) VALUES (413,10,1306);
INSERT INTO state_county(id,state_id,county_name_id) VALUES (414,10,1314);
INSERT INTO state_county(id,state_id,county_name_id) VALUES (415,10,1335);
INSERT INTO state_county(id,state_id,county_name_id) VALUES (416,10,1344);
INSERT INTO state_county(id,state_id,county_name_id) VALUES (417,10,1387);
INSERT INTO state_county(id,state_id,county_name_id) VALUES (418,10,1404);
INSERT INTO state_county(id,state_id,county_name_id) VALUES (419,10,1440);
INSERT INTO state_county(id,state_id,county_name_id) VALUES (420,10,1657);
INSERT INTO state_county(id,state_id,county_name_id) VALUES (421,10,1663);
INSERT INTO state_county(id,state_id,county_name_id) VALUES (422,10,1572);
INSERT INTO state_county(id,state_id,county_name_id) VALUES (423,10,1573);
INSERT INTO state_county(id,state_id,county_name_id) VALUES (424,10,1596);
INSERT INTO state_county(id,state_id,county_name_id) VALUES (425,10,1704);
INSERT INTO state_county(id,state_id,county_name_id) VALUES (426,10,1711);
INSERT INTO state_county(id,state_id,county_name_id) VALUES (427,10,1731);
INSERT INTO state_county(id,state_id,county_name_id) VALUES (428,10,1802);
INSERT INTO state_county(id,state_id,county_name_id) VALUES (429,10,1835);
INSERT INTO state_county(id,state_id,county_name_id) VALUES (430,10,1844);
INSERT INTO state_county(id,state_id,county_name_id) VALUES (431,10,1853);
INSERT INTO state_county(id,state_id,county_name_id) VALUES (432,10,1865);
INSERT INTO state_county(id,state_id,county_name_id) VALUES (433,11,57);
INSERT INTO state_county(id,state_id,county_name_id) VALUES (434,11,81);
INSERT INTO state_county(id,state_id,county_name_id) VALUES (435,11,95);
INSERT INTO state_county(id,state_id,county_name_id) VALUES (436,11,97);
INSERT INTO state_county(id,state_id,county_name_id) VALUES (437,11,98);
INSERT INTO state_county(id,state_id,county_name_id) VALUES (438,11,104);
INSERT INTO state_county(id,state_id,county_name_id) VALUES (439,11,117);
INSERT INTO state_county(id,state_id,county_name_id) VALUES (440,11,121);
INSERT INTO state_county(id,state_id,county_name_id) VALUES (441,11,145);
INSERT INTO state_county(id,state_id,county_name_id) VALUES (442,11,158);
INSERT INTO state_county(id,state_id,county_name_id) VALUES (443,11,162);
INSERT INTO state_county(id,state_id,county_name_id) VALUES (444,11,175);
INSERT INTO state_county(id,state_id,county_name_id) VALUES (445,11,205);
INSERT INTO state_county(id,state_id,county_name_id) VALUES (446,11,222);
INSERT INTO state_county(id,state_id,county_name_id) VALUES (447,11,229);
INSERT INTO state_county(id,state_id,county_name_id) VALUES (448,11,237);
INSERT INTO state_county(id,state_id,county_name_id) VALUES (449,11,241);
INSERT INTO state_county(id,state_id,county_name_id) VALUES (450,11,250);
INSERT INTO state_county(id,state_id,county_name_id) VALUES (451,11,263);
INSERT INTO state_county(id,state_id,county_name_id) VALUES (452,11,271);
INSERT INTO state_county(id,state_id,county_name_id) VALUES (453,11,278);
INSERT INTO state_county(id,state_id,county_name_id) VALUES (454,11,290);
INSERT INTO state_county(id,state_id,county_name_id) VALUES (455,11,305);
INSERT INTO state_county(id,state_id,county_name_id) VALUES (456,11,327);
INSERT INTO state_county(id,state_id,county_name_id) VALUES (457,11,329);
INSERT INTO state_county(id,state_id,county_name_id) VALUES (458,11,330);
INSERT INTO state_county(id,state_id,county_name_id) VALUES (459,11,331);
INSERT INTO state_county(id,state_id,county_name_id) VALUES (460,11,339);
INSERT INTO state_county(id,state_id,county_name_id) VALUES (461,11,371);
INSERT INTO state_county(id,state_id,county_name_id) VALUES (462,11,373);
INSERT INTO state_county(id,state_id,county_name_id) VALUES (463,11,374);
INSERT INTO state_county(id,state_id,county_name_id) VALUES (464,11,381);
INSERT INTO state_county(id,state_id,county_name_id) VALUES (465,11,387);
INSERT INTO state_county(id,state_id,county_name_id) VALUES (466,11,393);
INSERT INTO state_county(id,state_id,county_name_id) VALUES (467,11,407);
INSERT INTO state_county(id,state_id,county_name_id) VALUES (468,11,408);
INSERT INTO state_county(id,state_id,county_name_id) VALUES (469,11,422);
INSERT INTO state_county(id,state_id,county_name_id) VALUES (470,11,439);
INSERT INTO state_county(id,state_id,county_name_id) VALUES (471,11,446);
INSERT INTO state_county(id,state_id,county_name_id) VALUES (472,11,449);
INSERT INTO state_county(id,state_id,county_name_id) VALUES (473,11,467);
INSERT INTO state_county(id,state_id,county_name_id) VALUES (474,11,486);
INSERT INTO state_county(id,state_id,county_name_id) VALUES (475,11,493);
INSERT INTO state_county(id,state_id,county_name_id) VALUES (476,11,496);
INSERT INTO state_county(id,state_id,county_name_id) VALUES (477,11,525);
INSERT INTO state_county(id,state_id,county_name_id) VALUES (478,11,530);
INSERT INTO state_county(id,state_id,county_name_id) VALUES (479,11,534);
INSERT INTO state_county(id,state_id,county_name_id) VALUES (480,11,535);
INSERT INTO state_county(id,state_id,county_name_id) VALUES (481,11,551);
INSERT INTO state_county(id,state_id,county_name_id) VALUES (482,11,559);
INSERT INTO state_county(id,state_id,county_name_id) VALUES (483,11,568);
INSERT INTO state_county(id,state_id,county_name_id) VALUES (484,11,571);
INSERT INTO state_county(id,state_id,county_name_id) VALUES (485,11,579);
INSERT INTO state_county(id,state_id,county_name_id) VALUES (486,11,593);
INSERT INTO state_county(id,state_id,county_name_id) VALUES (487,11,603);
INSERT INTO state_county(id,state_id,county_name_id) VALUES (488,11,608);
INSERT INTO state_county(id,state_id,county_name_id) VALUES (489,11,620);
INSERT INTO state_county(id,state_id,county_name_id) VALUES (490,11,627);
INSERT INTO state_county(id,state_id,county_name_id) VALUES (491,11,632);
INSERT INTO state_county(id,state_id,county_name_id) VALUES (492,11,642);
INSERT INTO state_county(id,state_id,county_name_id) VALUES (493,11,675);
INSERT INTO state_county(id,state_id,county_name_id) VALUES (494,11,680);
INSERT INTO state_county(id,state_id,county_name_id) VALUES (495,11,684);
INSERT INTO state_county(id,state_id,county_name_id) VALUES (496,11,692);
INSERT INTO state_county(id,state_id,county_name_id) VALUES (497,11,696);
INSERT INTO state_county(id,state_id,county_name_id) VALUES (498,11,717);
INSERT INTO state_county(id,state_id,county_name_id) VALUES (499,11,742);
INSERT INTO state_county(id,state_id,county_name_id) VALUES (500,11,744);
INSERT INTO state_county(id,state_id,county_name_id) VALUES (501,11,748);
INSERT INTO state_county(id,state_id,county_name_id) VALUES (502,11,756);
INSERT INTO state_county(id,state_id,county_name_id) VALUES (503,11,761);
INSERT INTO state_county(id,state_id,county_name_id) VALUES (504,11,773);
INSERT INTO state_county(id,state_id,county_name_id) VALUES (505,11,776);
INSERT INTO state_county(id,state_id,county_name_id) VALUES (506,11,787);
INSERT INTO state_county(id,state_id,county_name_id) VALUES (507,11,795);
INSERT INTO state_county(id,state_id,county_name_id) VALUES (508,11,829);
INSERT INTO state_county(id,state_id,county_name_id) VALUES (509,11,864);
INSERT INTO state_county(id,state_id,county_name_id) VALUES (510,11,875);
INSERT INTO state_county(id,state_id,county_name_id) VALUES (511,11,878);
INSERT INTO state_county(id,state_id,county_name_id) VALUES (512,11,881);
INSERT INTO state_county(id,state_id,county_name_id) VALUES (513,11,882);
INSERT INTO state_county(id,state_id,county_name_id) VALUES (514,11,886);
INSERT INTO state_county(id,state_id,county_name_id) VALUES (515,11,896);
INSERT INTO state_county(id,state_id,county_name_id) VALUES (516,11,898);
INSERT INTO state_county(id,state_id,county_name_id) VALUES (517,11,982);
INSERT INTO state_county(id,state_id,county_name_id) VALUES (518,11,991);
INSERT INTO state_county(id,state_id,county_name_id) VALUES (519,11,1007);
INSERT INTO state_county(id,state_id,county_name_id) VALUES (520,11,1016);
INSERT INTO state_county(id,state_id,county_name_id) VALUES (521,11,1031);
INSERT INTO state_county(id,state_id,county_name_id) VALUES (522,11,1034);
INSERT INTO state_county(id,state_id,county_name_id) VALUES (523,11,1046);
INSERT INTO state_county(id,state_id,county_name_id) VALUES (524,11,1057);
INSERT INTO state_county(id,state_id,county_name_id) VALUES (525,11,1061);
INSERT INTO state_county(id,state_id,county_name_id) VALUES (526,11,1127);
INSERT INTO state_county(id,state_id,county_name_id) VALUES (527,11,1129);
INSERT INTO state_county(id,state_id,county_name_id) VALUES (528,11,1073);
INSERT INTO state_county(id,state_id,county_name_id) VALUES (529,11,1076);
INSERT INTO state_county(id,state_id,county_name_id) VALUES (530,11,1098);
INSERT INTO state_county(id,state_id,county_name_id) VALUES (531,11,1154);
INSERT INTO state_county(id,state_id,county_name_id) VALUES (532,11,1168);
INSERT INTO state_county(id,state_id,county_name_id) VALUES (533,11,1179);
INSERT INTO state_county(id,state_id,county_name_id) VALUES (534,11,1190);
INSERT INTO state_county(id,state_id,county_name_id) VALUES (535,11,1195);
INSERT INTO state_county(id,state_id,county_name_id) VALUES (536,11,1203);
INSERT INTO state_county(id,state_id,county_name_id) VALUES (537,11,1216);
INSERT INTO state_county(id,state_id,county_name_id) VALUES (538,11,1218);
INSERT INTO state_county(id,state_id,county_name_id) VALUES (539,11,1252);
INSERT INTO state_county(id,state_id,county_name_id) VALUES (540,11,1285);
INSERT INTO state_county(id,state_id,county_name_id) VALUES (541,11,1289);
INSERT INTO state_county(id,state_id,county_name_id) VALUES (542,11,1349);
INSERT INTO state_county(id,state_id,county_name_id) VALUES (543,11,1353);
INSERT INTO state_county(id,state_id,county_name_id) VALUES (544,11,1380);
INSERT INTO state_county(id,state_id,county_name_id) VALUES (545,11,1382);
INSERT INTO state_county(id,state_id,county_name_id) VALUES (546,11,1383);
INSERT INTO state_county(id,state_id,county_name_id) VALUES (547,11,1404);
INSERT INTO state_county(id,state_id,county_name_id) VALUES (548,11,1438);
INSERT INTO state_county(id,state_id,county_name_id) VALUES (549,11,1440);
INSERT INTO state_county(id,state_id,county_name_id) VALUES (550,11,1445);
INSERT INTO state_county(id,state_id,county_name_id) VALUES (551,11,1446);
INSERT INTO state_county(id,state_id,county_name_id) VALUES (552,11,1454);
INSERT INTO state_county(id,state_id,county_name_id) VALUES (553,11,1483);
INSERT INTO state_county(id,state_id,county_name_id) VALUES (554,11,1504);
INSERT INTO state_county(id,state_id,county_name_id) VALUES (555,11,1582);
INSERT INTO state_county(id,state_id,county_name_id) VALUES (556,11,1591);
INSERT INTO state_county(id,state_id,county_name_id) VALUES (557,11,1596);
INSERT INTO state_county(id,state_id,county_name_id) VALUES (558,11,1639);
INSERT INTO state_county(id,state_id,county_name_id) VALUES (559,11,1681);
INSERT INTO state_county(id,state_id,county_name_id) VALUES (560,11,1686);
INSERT INTO state_county(id,state_id,county_name_id) VALUES (561,11,1704);
INSERT INTO state_county(id,state_id,county_name_id) VALUES (562,11,1719);
INSERT INTO state_county(id,state_id,county_name_id) VALUES (563,11,1720);
INSERT INTO state_county(id,state_id,county_name_id) VALUES (564,11,1730);
INSERT INTO state_county(id,state_id,county_name_id) VALUES (565,11,1731);
INSERT INTO state_county(id,state_id,county_name_id) VALUES (566,11,1734);
INSERT INTO state_county(id,state_id,county_name_id) VALUES (567,11,1738);
INSERT INTO state_county(id,state_id,county_name_id) VALUES (568,11,1743);
INSERT INTO state_county(id,state_id,county_name_id) VALUES (569,11,1746);
INSERT INTO state_county(id,state_id,county_name_id) VALUES (570,11,1764);
INSERT INTO state_county(id,state_id,county_name_id) VALUES (571,11,1767);
INSERT INTO state_county(id,state_id,county_name_id) VALUES (572,11,1775);
INSERT INTO state_county(id,state_id,county_name_id) VALUES (573,11,1780);
INSERT INTO state_county(id,state_id,county_name_id) VALUES (574,11,1789);
INSERT INTO state_county(id,state_id,county_name_id) VALUES (575,11,1793);
INSERT INTO state_county(id,state_id,county_name_id) VALUES (576,11,1802);
INSERT INTO state_county(id,state_id,county_name_id) VALUES (577,11,1805);
INSERT INTO state_county(id,state_id,county_name_id) VALUES (578,11,1846);
INSERT INTO state_county(id,state_id,county_name_id) VALUES (579,11,1853);
INSERT INTO state_county(id,state_id,county_name_id) VALUES (580,11,1857);
INSERT INTO state_county(id,state_id,county_name_id) VALUES (581,11,1858);
INSERT INTO state_county(id,state_id,county_name_id) VALUES (582,11,1865);
INSERT INTO state_county(id,state_id,county_name_id) VALUES (583,11,1875);
INSERT INTO state_county(id,state_id,county_name_id) VALUES (584,11,1880);
INSERT INTO state_county(id,state_id,county_name_id) VALUES (585,11,1896);
INSERT INTO state_county(id,state_id,county_name_id) VALUES (586,11,1897);
INSERT INTO state_county(id,state_id,county_name_id) VALUES (587,11,1900);
INSERT INTO state_county(id,state_id,county_name_id) VALUES (588,11,1907);
INSERT INTO state_county(id,state_id,county_name_id) VALUES (589,11,1908);
INSERT INTO state_county(id,state_id,county_name_id) VALUES (590,11,1910);
INSERT INTO state_county(id,state_id,county_name_id) VALUES (591,11,1938);
INSERT INTO state_county(id,state_id,county_name_id) VALUES (592,12,782);
INSERT INTO state_county(id,state_id,county_name_id) VALUES (593,12,817);
INSERT INTO state_county(id,state_id,county_name_id) VALUES (594,12,908);
INSERT INTO state_county(id,state_id,county_name_id) VALUES (595,12,916);
INSERT INTO state_county(id,state_id,county_name_id) VALUES (596,12,1110);
INSERT INTO state_county(id,state_id,county_name_id) VALUES (597,13,4);
INSERT INTO state_county(id,state_id,county_name_id) VALUES (598,13,6);
INSERT INTO state_county(id,state_id,county_name_id) VALUES (599,13,106);
INSERT INTO state_county(id,state_id,county_name_id) VALUES (600,13,131);
INSERT INTO state_county(id,state_id,county_name_id) VALUES (601,13,146);
INSERT INTO state_county(id,state_id,county_name_id) VALUES (602,13,167);
INSERT INTO state_county(id,state_id,county_name_id) VALUES (603,13,171);
INSERT INTO state_county(id,state_id,county_name_id) VALUES (604,13,179);
INSERT INTO state_county(id,state_id,county_name_id) VALUES (605,13,184);
INSERT INTO state_county(id,state_id,county_name_id) VALUES (606,13,185);
INSERT INTO state_county(id,state_id,county_name_id) VALUES (607,13,193);
INSERT INTO state_county(id,state_id,county_name_id) VALUES (608,13,249);
INSERT INTO state_county(id,state_id,county_name_id) VALUES (609,13,269);
INSERT INTO state_county(id,state_id,county_name_id) VALUES (610,13,281);
INSERT INTO state_county(id,state_id,county_name_id) VALUES (611,13,285);
INSERT INTO state_county(id,state_id,county_name_id) VALUES (612,13,299);
INSERT INTO state_county(id,state_id,county_name_id) VALUES (613,13,370);
INSERT INTO state_county(id,state_id,county_name_id) VALUES (614,13,377);
INSERT INTO state_county(id,state_id,county_name_id) VALUES (615,13,465);
INSERT INTO state_county(id,state_id,county_name_id) VALUES (616,13,578);
INSERT INTO state_county(id,state_id,county_name_id) VALUES (617,13,632);
INSERT INTO state_county(id,state_id,county_name_id) VALUES (618,13,638);
INSERT INTO state_county(id,state_id,county_name_id) VALUES (619,13,663);
INSERT INTO state_county(id,state_id,county_name_id) VALUES (620,13,691);
INSERT INTO state_county(id,state_id,county_name_id) VALUES (621,13,850);
INSERT INTO state_county(id,state_id,county_name_id) VALUES (622,13,882);
INSERT INTO state_county(id,state_id,county_name_id) VALUES (623,13,889);
INSERT INTO state_county(id,state_id,county_name_id) VALUES (624,13,962);
INSERT INTO state_county(id,state_id,county_name_id) VALUES (625,13,1003);
INSERT INTO state_county(id,state_id,county_name_id) VALUES (626,13,1020);
INSERT INTO state_county(id,state_id,county_name_id) VALUES (627,13,1028);
INSERT INTO state_county(id,state_id,county_name_id) VALUES (628,13,1034);
INSERT INTO state_county(id,state_id,county_name_id) VALUES (629,13,1076);
INSERT INTO state_county(id,state_id,county_name_id) VALUES (630,13,1174);
INSERT INTO state_county(id,state_id,county_name_id) VALUES (631,13,1253);
INSERT INTO state_county(id,state_id,county_name_id) VALUES (632,13,1301);
INSERT INTO state_county(id,state_id,county_name_id) VALUES (633,13,1329);
INSERT INTO state_county(id,state_id,county_name_id) VALUES (634,13,1351);
INSERT INTO state_county(id,state_id,county_name_id) VALUES (635,13,1419);
INSERT INTO state_county(id,state_id,county_name_id) VALUES (636,13,1616);
INSERT INTO state_county(id,state_id,county_name_id) VALUES (637,13,1740);
INSERT INTO state_county(id,state_id,county_name_id) VALUES (638,13,1794);
INSERT INTO state_county(id,state_id,county_name_id) VALUES (639,13,1813);
INSERT INTO state_county(id,state_id,county_name_id) VALUES (640,13,1865);
INSERT INTO state_county(id,state_id,county_name_id) VALUES (641,14,6);
INSERT INTO state_county(id,state_id,county_name_id) VALUES (642,14,25);
INSERT INTO state_county(id,state_id,county_name_id) VALUES (643,14,183);
INSERT INTO state_county(id,state_id,county_name_id) VALUES (644,14,186);
INSERT INTO state_county(id,state_id,county_name_id) VALUES (645,14,226);
INSERT INTO state_county(id,state_id,county_name_id) VALUES (646,14,240);
INSERT INTO state_county(id,state_id,county_name_id) VALUES (647,14,263);
INSERT INTO state_county(id,state_id,county_name_id) VALUES (648,14,290);
INSERT INTO state_county(id,state_id,county_name_id) VALUES (649,14,298);
INSERT INTO state_county(id,state_id,county_name_id) VALUES (650,14,318);
INSERT INTO state_county(id,state_id,county_name_id) VALUES (651,14,356);
INSERT INTO state_county(id,state_id,county_name_id) VALUES (652,14,370);
INSERT INTO state_county(id,state_id,county_name_id) VALUES (653,14,373);
INSERT INTO state_county(id,state_id,county_name_id) VALUES (654,14,382);
INSERT INTO state_county(id,state_id,county_name_id) VALUES (655,14,399);
INSERT INTO state_county(id,state_id,county_name_id) VALUES (656,14,422);
INSERT INTO state_county(id,state_id,county_name_id) VALUES (657,14,446);
INSERT INTO state_county(id,state_id,county_name_id) VALUES (658,14,461);
INSERT INTO state_county(id,state_id,county_name_id) VALUES (659,14,496);
INSERT INTO state_county(id,state_id,county_name_id) VALUES (660,14,490);
INSERT INTO state_county(id,state_id,county_name_id) VALUES (661,14,535);
INSERT INTO state_county(id,state_id,county_name_id) VALUES (662,14,544);
INSERT INTO state_county(id,state_id,county_name_id) VALUES (663,14,562);
INSERT INTO state_county(id,state_id,county_name_id) VALUES (664,14,567);
INSERT INTO state_county(id,state_id,county_name_id) VALUES (665,14,568);
INSERT INTO state_county(id,state_id,county_name_id) VALUES (666,14,608);
INSERT INTO state_county(id,state_id,county_name_id) VALUES (667,14,624);
INSERT INTO state_county(id,state_id,county_name_id) VALUES (668,14,632);
INSERT INTO state_county(id,state_id,county_name_id) VALUES (669,14,642);
INSERT INTO state_county(id,state_id,county_name_id) VALUES (670,14,648);
INSERT INTO state_county(id,state_id,county_name_id) VALUES (671,14,717);
INSERT INTO state_county(id,state_id,county_name_id) VALUES (672,14,729);
INSERT INTO state_county(id,state_id,county_name_id) VALUES (673,14,750);
INSERT INTO state_county(id,state_id,county_name_id) VALUES (674,14,756);
INSERT INTO state_county(id,state_id,county_name_id) VALUES (675,14,764);
INSERT INTO state_county(id,state_id,county_name_id) VALUES (676,14,790);
INSERT INTO state_county(id,state_id,county_name_id) VALUES (677,14,795);
INSERT INTO state_county(id,state_id,county_name_id) VALUES (678,14,863);
INSERT INTO state_county(id,state_id,county_name_id) VALUES (679,14,875);
INSERT INTO state_county(id,state_id,county_name_id) VALUES (680,14,878);
INSERT INTO state_county(id,state_id,county_name_id) VALUES (681,14,882);
INSERT INTO state_county(id,state_id,county_name_id) VALUES (682,14,890);
INSERT INTO state_county(id,state_id,county_name_id) VALUES (683,14,895);
INSERT INTO state_county(id,state_id,county_name_id) VALUES (684,14,896);
INSERT INTO state_county(id,state_id,county_name_id) VALUES (685,14,913);
INSERT INTO state_county(id,state_id,county_name_id) VALUES (686,14,914);
INSERT INTO state_county(id,state_id,county_name_id) VALUES (687,14,924);
INSERT INTO state_county(id,state_id,county_name_id) VALUES (688,14,959);
INSERT INTO state_county(id,state_id,county_name_id) VALUES (689,14,980);
INSERT INTO state_county(id,state_id,county_name_id) VALUES (690,14,1001);
INSERT INTO state_county(id,state_id,county_name_id) VALUES (691,14,1009);
INSERT INTO state_county(id,state_id,county_name_id) VALUES (692,14,1016);
INSERT INTO state_county(id,state_id,county_name_id) VALUES (693,14,1041);
INSERT INTO state_county(id,state_id,county_name_id) VALUES (694,14,1044);
INSERT INTO state_county(id,state_id,county_name_id) VALUES (695,14,1125);
INSERT INTO state_county(id,state_id,county_name_id) VALUES (696,14,1128);
INSERT INTO state_county(id,state_id,county_name_id) VALUES (697,14,1133);
INSERT INTO state_county(id,state_id,county_name_id) VALUES (698,14,1073);
INSERT INTO state_county(id,state_id,county_name_id) VALUES (699,14,1074);
INSERT INTO state_county(id,state_id,county_name_id) VALUES (700,14,1076);
INSERT INTO state_county(id,state_id,county_name_id) VALUES (701,14,1098);
INSERT INTO state_county(id,state_id,county_name_id) VALUES (702,14,1102);
INSERT INTO state_county(id,state_id,county_name_id) VALUES (703,14,1105);
INSERT INTO state_county(id,state_id,county_name_id) VALUES (704,14,1106);
INSERT INTO state_county(id,state_id,county_name_id) VALUES (705,14,1148);
INSERT INTO state_county(id,state_id,county_name_id) VALUES (706,14,1153);
INSERT INTO state_county(id,state_id,county_name_id) VALUES (707,14,1190);
INSERT INTO state_county(id,state_id,county_name_id) VALUES (708,14,1195);
INSERT INTO state_county(id,state_id,county_name_id) VALUES (709,14,1203);
INSERT INTO state_county(id,state_id,county_name_id) VALUES (710,14,1211);
INSERT INTO state_county(id,state_id,county_name_id) VALUES (711,14,1288);
INSERT INTO state_county(id,state_id,county_name_id) VALUES (712,14,1364);
INSERT INTO state_county(id,state_id,county_name_id) VALUES (713,14,1368);
INSERT INTO state_county(id,state_id,county_name_id) VALUES (714,14,1378);
INSERT INTO state_county(id,state_id,county_name_id) VALUES (715,14,1383);
INSERT INTO state_county(id,state_id,county_name_id) VALUES (716,14,1408);
INSERT INTO state_county(id,state_id,county_name_id) VALUES (717,14,1438);
INSERT INTO state_county(id,state_id,county_name_id) VALUES (718,14,1440);
INSERT INTO state_county(id,state_id,county_name_id) VALUES (719,14,1454);
INSERT INTO state_county(id,state_id,county_name_id) VALUES (720,14,1480);
INSERT INTO state_county(id,state_id,county_name_id) VALUES (721,14,1501);
INSERT INTO state_county(id,state_id,county_name_id) VALUES (722,14,1648);
INSERT INTO state_county(id,state_id,county_name_id) VALUES (723,14,1539);
INSERT INTO state_county(id,state_id,county_name_id) VALUES (724,14,1564);
INSERT INTO state_county(id,state_id,county_name_id) VALUES (725,14,1585);
INSERT INTO state_county(id,state_id,county_name_id) VALUES (726,14,1589);
INSERT INTO state_county(id,state_id,county_name_id) VALUES (727,14,1610);
INSERT INTO state_county(id,state_id,county_name_id) VALUES (728,14,1674);
INSERT INTO state_county(id,state_id,county_name_id) VALUES (729,14,1682);
INSERT INTO state_county(id,state_id,county_name_id) VALUES (730,14,1732);
INSERT INTO state_county(id,state_id,county_name_id) VALUES (731,14,1802);
INSERT INTO state_county(id,state_id,county_name_id) VALUES (732,14,1823);
INSERT INTO state_county(id,state_id,county_name_id) VALUES (733,14,1836);
INSERT INTO state_county(id,state_id,county_name_id) VALUES (734,14,1858);
INSERT INTO state_county(id,state_id,county_name_id) VALUES (735,14,1865);
INSERT INTO state_county(id,state_id,county_name_id) VALUES (736,14,1875);
INSERT INTO state_county(id,state_id,county_name_id) VALUES (737,14,1897);
INSERT INTO state_county(id,state_id,county_name_id) VALUES (738,14,1899);
INSERT INTO state_county(id,state_id,county_name_id) VALUES (739,14,1911);
INSERT INTO state_county(id,state_id,county_name_id) VALUES (740,14,1916);
INSERT INTO state_county(id,state_id,county_name_id) VALUES (741,14,1923);
INSERT INTO state_county(id,state_id,county_name_id) VALUES (742,14,1932);
INSERT INTO state_county(id,state_id,county_name_id) VALUES (743,15,6);
INSERT INTO state_county(id,state_id,county_name_id) VALUES (744,15,34);
INSERT INTO state_county(id,state_id,county_name_id) VALUES (745,15,119);
INSERT INTO state_county(id,state_id,county_name_id) VALUES (746,15,151);
INSERT INTO state_county(id,state_id,county_name_id) VALUES (747,15,169);
INSERT INTO state_county(id,state_id,county_name_id) VALUES (748,15,186);
INSERT INTO state_county(id,state_id,county_name_id) VALUES (749,15,226);
INSERT INTO state_county(id,state_id,county_name_id) VALUES (750,15,290);
INSERT INTO state_county(id,state_id,county_name_id) VALUES (751,15,298);
INSERT INTO state_county(id,state_id,county_name_id) VALUES (752,15,370);
INSERT INTO state_county(id,state_id,county_name_id) VALUES (753,15,373);
INSERT INTO state_county(id,state_id,county_name_id) VALUES (754,15,382);
INSERT INTO state_county(id,state_id,county_name_id) VALUES (755,15,446);
INSERT INTO state_county(id,state_id,county_name_id) VALUES (756,15,482);
INSERT INTO state_county(id,state_id,county_name_id) VALUES (757,15,492);
INSERT INTO state_county(id,state_id,county_name_id) VALUES (758,15,493);
INSERT INTO state_county(id,state_id,county_name_id) VALUES (759,15,496);
INSERT INTO state_county(id,state_id,county_name_id) VALUES (760,15,498);
INSERT INTO state_county(id,state_id,county_name_id) VALUES (761,15,537);
INSERT INTO state_county(id,state_id,county_name_id) VALUES (762,15,573);
INSERT INTO state_county(id,state_id,county_name_id) VALUES (763,15,608);
INSERT INTO state_county(id,state_id,county_name_id) VALUES (764,15,620);
INSERT INTO state_county(id,state_id,county_name_id) VALUES (765,15,630);
INSERT INTO state_county(id,state_id,county_name_id) VALUES (766,15,632);
INSERT INTO state_county(id,state_id,county_name_id) VALUES (767,15,642);
INSERT INTO state_county(id,state_id,county_name_id) VALUES (768,15,669);
INSERT INTO state_county(id,state_id,county_name_id) VALUES (769,15,705);
INSERT INTO state_county(id,state_id,county_name_id) VALUES (770,15,717);
INSERT INTO state_county(id,state_id,county_name_id) VALUES (771,15,750);
INSERT INTO state_county(id,state_id,county_name_id) VALUES (772,15,756);
INSERT INTO state_county(id,state_id,county_name_id) VALUES (773,15,774);
INSERT INTO state_county(id,state_id,county_name_id) VALUES (774,15,791);
INSERT INTO state_county(id,state_id,county_name_id) VALUES (775,15,795);
INSERT INTO state_county(id,state_id,county_name_id) VALUES (776,15,830);
INSERT INTO state_county(id,state_id,county_name_id) VALUES (777,15,843);
INSERT INTO state_county(id,state_id,county_name_id) VALUES (778,15,875);
INSERT INTO state_county(id,state_id,county_name_id) VALUES (779,15,878);
INSERT INTO state_county(id,state_id,county_name_id) VALUES (780,15,879);
INSERT INTO state_county(id,state_id,county_name_id) VALUES (781,15,882);
INSERT INTO state_county(id,state_id,county_name_id) VALUES (782,15,887);
INSERT INTO state_county(id,state_id,county_name_id) VALUES (783,15,896);
INSERT INTO state_county(id,state_id,county_name_id) VALUES (784,15,959);
INSERT INTO state_county(id,state_id,county_name_id) VALUES (785,15,963);
INSERT INTO state_county(id,state_id,county_name_id) VALUES (786,15,977);
INSERT INTO state_county(id,state_id,county_name_id) VALUES (787,15,980);
INSERT INTO state_county(id,state_id,county_name_id) VALUES (788,15,993);
INSERT INTO state_county(id,state_id,county_name_id) VALUES (789,15,1009);
INSERT INTO state_county(id,state_id,county_name_id) VALUES (790,15,1076);
INSERT INTO state_county(id,state_id,county_name_id) VALUES (791,15,1098);
INSERT INTO state_county(id,state_id,county_name_id) VALUES (792,15,1102);
INSERT INTO state_county(id,state_id,county_name_id) VALUES (793,15,1103);
INSERT INTO state_county(id,state_id,county_name_id) VALUES (794,15,1159);
INSERT INTO state_county(id,state_id,county_name_id) VALUES (795,15,1190);
INSERT INTO state_county(id,state_id,county_name_id) VALUES (796,15,1195);
INSERT INTO state_county(id,state_id,county_name_id) VALUES (797,15,1203);
INSERT INTO state_county(id,state_id,county_name_id) VALUES (798,15,1252);
INSERT INTO state_county(id,state_id,county_name_id) VALUES (799,15,1258);
INSERT INTO state_county(id,state_id,county_name_id) VALUES (800,15,1290);
INSERT INTO state_county(id,state_id,county_name_id) VALUES (801,15,1306);
INSERT INTO state_county(id,state_id,county_name_id) VALUES (802,15,1327);
INSERT INTO state_county(id,state_id,county_name_id) VALUES (803,15,1341);
INSERT INTO state_county(id,state_id,county_name_id) VALUES (804,15,1368);
INSERT INTO state_county(id,state_id,county_name_id) VALUES (805,15,1383);
INSERT INTO state_county(id,state_id,county_name_id) VALUES (806,15,1411);
INSERT INTO state_county(id,state_id,county_name_id) VALUES (807,15,1413);
INSERT INTO state_county(id,state_id,county_name_id) VALUES (808,15,1438);
INSERT INTO state_county(id,state_id,county_name_id) VALUES (809,15,1440);
INSERT INTO state_county(id,state_id,county_name_id) VALUES (810,15,1454);
INSERT INTO state_county(id,state_id,county_name_id) VALUES (811,15,1491);
INSERT INTO state_county(id,state_id,county_name_id) VALUES (812,15,1522);
INSERT INTO state_county(id,state_id,county_name_id) VALUES (813,15,1658);
INSERT INTO state_county(id,state_id,county_name_id) VALUES (814,15,1589);
INSERT INTO state_county(id,state_id,county_name_id) VALUES (815,15,1610);
INSERT INTO state_county(id,state_id,county_name_id) VALUES (816,15,1641);
INSERT INTO state_county(id,state_id,county_name_id) VALUES (817,15,1675);
INSERT INTO state_county(id,state_id,county_name_id) VALUES (818,15,1684);
INSERT INTO state_county(id,state_id,county_name_id) VALUES (819,15,1699);
INSERT INTO state_county(id,state_id,county_name_id) VALUES (820,15,1718);
INSERT INTO state_county(id,state_id,county_name_id) VALUES (821,15,1752);
INSERT INTO state_county(id,state_id,county_name_id) VALUES (822,15,1753);
INSERT INTO state_county(id,state_id,county_name_id) VALUES (823,15,1802);
INSERT INTO state_county(id,state_id,county_name_id) VALUES (824,15,1818);
INSERT INTO state_county(id,state_id,county_name_id) VALUES (825,15,1825);
INSERT INTO state_county(id,state_id,county_name_id) VALUES (826,15,1830);
INSERT INTO state_county(id,state_id,county_name_id) VALUES (827,15,1836);
INSERT INTO state_county(id,state_id,county_name_id) VALUES (828,15,1858);
INSERT INTO state_county(id,state_id,county_name_id) VALUES (829,15,1859);
INSERT INTO state_county(id,state_id,county_name_id) VALUES (830,15,1865);
INSERT INTO state_county(id,state_id,county_name_id) VALUES (831,15,1875);
INSERT INTO state_county(id,state_id,county_name_id) VALUES (832,15,1883);
INSERT INTO state_county(id,state_id,county_name_id) VALUES (833,15,1897);
INSERT INTO state_county(id,state_id,county_name_id) VALUES (834,15,1901);
INSERT INTO state_county(id,state_id,county_name_id) VALUES (835,16,5);
INSERT INTO state_county(id,state_id,county_name_id) VALUES (836,16,6);
INSERT INTO state_county(id,state_id,county_name_id) VALUES (837,16,29);
INSERT INTO state_county(id,state_id,county_name_id) VALUES (838,16,56);
INSERT INTO state_county(id,state_id,county_name_id) VALUES (839,16,86);
INSERT INTO state_county(id,state_id,county_name_id) VALUES (840,16,151);
INSERT INTO state_county(id,state_id,county_name_id) VALUES (841,16,168);
INSERT INTO state_county(id,state_id,county_name_id) VALUES (842,16,186);
INSERT INTO state_county(id,state_id,county_name_id) VALUES (843,16,211);
INSERT INTO state_county(id,state_id,county_name_id) VALUES (844,16,230);
INSERT INTO state_county(id,state_id,county_name_id) VALUES (845,16,234);
INSERT INTO state_county(id,state_id,county_name_id) VALUES (846,16,248);
INSERT INTO state_county(id,state_id,county_name_id) VALUES (847,16,263);
INSERT INTO state_county(id,state_id,county_name_id) VALUES (848,16,290);
INSERT INTO state_county(id,state_id,county_name_id) VALUES (849,16,298);
INSERT INTO state_county(id,state_id,county_name_id) VALUES (850,16,312);
INSERT INTO state_county(id,state_id,county_name_id) VALUES (851,16,315);
INSERT INTO state_county(id,state_id,county_name_id) VALUES (852,16,339);
INSERT INTO state_county(id,state_id,county_name_id) VALUES (853,16,346);
INSERT INTO state_county(id,state_id,county_name_id) VALUES (854,16,371);
INSERT INTO state_county(id,state_id,county_name_id) VALUES (855,16,373);
INSERT INTO state_county(id,state_id,county_name_id) VALUES (856,16,374);
INSERT INTO state_county(id,state_id,county_name_id) VALUES (857,16,382);
INSERT INTO state_county(id,state_id,county_name_id) VALUES (858,16,446);
INSERT INTO state_county(id,state_id,county_name_id) VALUES (859,16,472);
INSERT INTO state_county(id,state_id,county_name_id) VALUES (860,16,483);
INSERT INTO state_county(id,state_id,county_name_id) VALUES (861,16,493);
INSERT INTO state_county(id,state_id,county_name_id) VALUES (862,16,498);
INSERT INTO state_county(id,state_id,county_name_id) VALUES (863,16,504);
INSERT INTO state_county(id,state_id,county_name_id) VALUES (864,16,514);
INSERT INTO state_county(id,state_id,county_name_id) VALUES (865,16,538);
INSERT INTO state_county(id,state_id,county_name_id) VALUES (866,16,581);
INSERT INTO state_county(id,state_id,county_name_id) VALUES (867,16,608);
INSERT INTO state_county(id,state_id,county_name_id) VALUES (868,16,620);
INSERT INTO state_county(id,state_id,county_name_id) VALUES (869,16,632);
INSERT INTO state_county(id,state_id,county_name_id) VALUES (870,16,638);
INSERT INTO state_county(id,state_id,county_name_id) VALUES (871,16,717);
INSERT INTO state_county(id,state_id,county_name_id) VALUES (872,16,729);
INSERT INTO state_county(id,state_id,county_name_id) VALUES (873,16,741);
INSERT INTO state_county(id,state_id,county_name_id) VALUES (874,16,750);
INSERT INTO state_county(id,state_id,county_name_id) VALUES (875,16,756);
INSERT INTO state_county(id,state_id,county_name_id) VALUES (876,16,764);
INSERT INTO state_county(id,state_id,county_name_id) VALUES (877,16,774);
INSERT INTO state_county(id,state_id,county_name_id) VALUES (878,16,795);
INSERT INTO state_county(id,state_id,county_name_id) VALUES (879,16,830);
INSERT INTO state_county(id,state_id,county_name_id) VALUES (880,16,838);
INSERT INTO state_county(id,state_id,county_name_id) VALUES (881,16,849);
INSERT INTO state_county(id,state_id,county_name_id) VALUES (882,16,859);
INSERT INTO state_county(id,state_id,county_name_id) VALUES (883,16,875);
INSERT INTO state_county(id,state_id,county_name_id) VALUES (884,16,878);
INSERT INTO state_county(id,state_id,county_name_id) VALUES (885,16,882);
INSERT INTO state_county(id,state_id,county_name_id) VALUES (886,16,896);
INSERT INTO state_county(id,state_id,county_name_id) VALUES (887,16,898);
INSERT INTO state_county(id,state_id,county_name_id) VALUES (888,16,930);
INSERT INTO state_county(id,state_id,county_name_id) VALUES (889,16,964);
INSERT INTO state_county(id,state_id,county_name_id) VALUES (890,16,1016);
INSERT INTO state_county(id,state_id,county_name_id) VALUES (891,16,1036);
INSERT INTO state_county(id,state_id,county_name_id) VALUES (892,16,1053);
INSERT INTO state_county(id,state_id,county_name_id) VALUES (893,16,1059);
INSERT INTO state_county(id,state_id,county_name_id) VALUES (894,16,1070);
INSERT INTO state_county(id,state_id,county_name_id) VALUES (895,16,1076);
INSERT INTO state_county(id,state_id,county_name_id) VALUES (896,16,1079);
INSERT INTO state_county(id,state_id,county_name_id) VALUES (897,16,1098);
INSERT INTO state_county(id,state_id,county_name_id) VALUES (898,16,1102);
INSERT INTO state_county(id,state_id,county_name_id) VALUES (899,16,1169);
INSERT INTO state_county(id,state_id,county_name_id) VALUES (900,16,1179);
INSERT INTO state_county(id,state_id,county_name_id) VALUES (901,16,1188);
INSERT INTO state_county(id,state_id,county_name_id) VALUES (902,16,1190);
INSERT INTO state_county(id,state_id,county_name_id) VALUES (903,16,1195);
INSERT INTO state_county(id,state_id,county_name_id) VALUES (904,16,1217);
INSERT INTO state_county(id,state_id,county_name_id) VALUES (905,16,1281);
INSERT INTO state_county(id,state_id,county_name_id) VALUES (906,16,1314);
INSERT INTO state_county(id,state_id,county_name_id) VALUES (907,16,1334);
INSERT INTO state_county(id,state_id,county_name_id) VALUES (908,16,1336);
INSERT INTO state_county(id,state_id,county_name_id) VALUES (909,16,1400);
INSERT INTO state_county(id,state_id,county_name_id) VALUES (910,16,1401);
INSERT INTO state_county(id,state_id,county_name_id) VALUES (911,16,1404);
INSERT INTO state_county(id,state_id,county_name_id) VALUES (912,16,1415);
INSERT INTO state_county(id,state_id,county_name_id) VALUES (913,16,1420);
INSERT INTO state_county(id,state_id,county_name_id) VALUES (914,16,1486);
INSERT INTO state_county(id,state_id,county_name_id) VALUES (915,16,1530);
INSERT INTO state_county(id,state_id,county_name_id) VALUES (916,16,1589);
INSERT INTO state_county(id,state_id,county_name_id) VALUES (917,16,1610);
INSERT INTO state_county(id,state_id,county_name_id) VALUES (918,16,1621);
INSERT INTO state_county(id,state_id,county_name_id) VALUES (919,16,1693);
INSERT INTO state_county(id,state_id,county_name_id) VALUES (920,16,1724);
INSERT INTO state_county(id,state_id,county_name_id) VALUES (921,16,1731);
INSERT INTO state_county(id,state_id,county_name_id) VALUES (922,16,1802);
INSERT INTO state_county(id,state_id,county_name_id) VALUES (923,16,1814);
INSERT INTO state_county(id,state_id,county_name_id) VALUES (924,16,1855);
INSERT INTO state_county(id,state_id,county_name_id) VALUES (925,16,1858);
INSERT INTO state_county(id,state_id,county_name_id) VALUES (926,16,1865);
INSERT INTO state_county(id,state_id,county_name_id) VALUES (927,16,1875);
INSERT INTO state_county(id,state_id,county_name_id) VALUES (928,16,1880);
INSERT INTO state_county(id,state_id,county_name_id) VALUES (929,16,1923);
INSERT INTO state_county(id,state_id,county_name_id) VALUES (930,16,1924);
INSERT INTO state_county(id,state_id,county_name_id) VALUES (931,16,1931);
INSERT INTO state_county(id,state_id,county_name_id) VALUES (932,16,1938);
INSERT INTO state_county(id,state_id,county_name_id) VALUES (933,16,1940);
INSERT INTO state_county(id,state_id,county_name_id) VALUES (934,17,34);
INSERT INTO state_county(id,state_id,county_name_id) VALUES (935,17,45);
INSERT INTO state_county(id,state_id,county_name_id) VALUES (936,17,79);
INSERT INTO state_county(id,state_id,county_name_id) VALUES (937,17,108);
INSERT INTO state_county(id,state_id,county_name_id) VALUES (938,17,120);
INSERT INTO state_county(id,state_id,county_name_id) VALUES (939,17,194);
INSERT INTO state_county(id,state_id,county_name_id) VALUES (940,17,226);
INSERT INTO state_county(id,state_id,county_name_id) VALUES (941,17,248);
INSERT INTO state_county(id,state_id,county_name_id) VALUES (942,17,328);
INSERT INTO state_county(id,state_id,county_name_id) VALUES (943,17,332);
INSERT INTO state_county(id,state_id,county_name_id) VALUES (944,17,339);
INSERT INTO state_county(id,state_id,county_name_id) VALUES (945,17,345);
INSERT INTO state_county(id,state_id,county_name_id) VALUES (946,17,370);
INSERT INTO state_county(id,state_id,county_name_id) VALUES (947,17,373);
INSERT INTO state_county(id,state_id,county_name_id) VALUES (948,17,383);
INSERT INTO state_county(id,state_id,county_name_id) VALUES (949,17,394);
INSERT INTO state_county(id,state_id,county_name_id) VALUES (950,17,413);
INSERT INTO state_county(id,state_id,county_name_id) VALUES (951,17,440);
INSERT INTO state_county(id,state_id,county_name_id) VALUES (952,17,446);
INSERT INTO state_county(id,state_id,county_name_id) VALUES (953,17,493);
INSERT INTO state_county(id,state_id,county_name_id) VALUES (954,17,514);
INSERT INTO state_county(id,state_id,county_name_id) VALUES (955,17,528);
INSERT INTO state_county(id,state_id,county_name_id) VALUES (956,17,535);
INSERT INTO state_county(id,state_id,county_name_id) VALUES (957,17,567);
INSERT INTO state_county(id,state_id,county_name_id) VALUES (958,17,572);
INSERT INTO state_county(id,state_id,county_name_id) VALUES (959,17,576);
INSERT INTO state_county(id,state_id,county_name_id) VALUES (960,17,577);
INSERT INTO state_county(id,state_id,county_name_id) VALUES (961,17,613);
INSERT INTO state_county(id,state_id,county_name_id) VALUES (962,17,624);
INSERT INTO state_county(id,state_id,county_name_id) VALUES (963,17,632);
INSERT INTO state_county(id,state_id,county_name_id) VALUES (964,17,661);
INSERT INTO state_county(id,state_id,county_name_id) VALUES (965,17,695);
INSERT INTO state_county(id,state_id,county_name_id) VALUES (966,17,698);
INSERT INTO state_county(id,state_id,county_name_id) VALUES (967,17,705);
INSERT INTO state_county(id,state_id,county_name_id) VALUES (968,17,710);
INSERT INTO state_county(id,state_id,county_name_id) VALUES (969,17,713);
INSERT INTO state_county(id,state_id,county_name_id) VALUES (970,17,722);
INSERT INTO state_county(id,state_id,county_name_id) VALUES (971,17,750);
INSERT INTO state_county(id,state_id,county_name_id) VALUES (972,17,772);
INSERT INTO state_county(id,state_id,county_name_id) VALUES (973,17,779);
INSERT INTO state_county(id,state_id,county_name_id) VALUES (974,17,780);
INSERT INTO state_county(id,state_id,county_name_id) VALUES (975,17,813);
INSERT INTO state_county(id,state_id,county_name_id) VALUES (976,17,875);
INSERT INTO state_county(id,state_id,county_name_id) VALUES (977,17,882);
INSERT INTO state_county(id,state_id,county_name_id) VALUES (978,17,892);
INSERT INTO state_county(id,state_id,county_name_id) VALUES (979,17,896);
INSERT INTO state_county(id,state_id,county_name_id) VALUES (980,17,920);
INSERT INTO state_county(id,state_id,county_name_id) VALUES (981,17,946);
INSERT INTO state_county(id,state_id,county_name_id) VALUES (982,17,950);
INSERT INTO state_county(id,state_id,county_name_id) VALUES (983,17,970);
INSERT INTO state_county(id,state_id,county_name_id) VALUES (984,17,989);
INSERT INTO state_county(id,state_id,county_name_id) VALUES (985,17,1014);
INSERT INTO state_county(id,state_id,county_name_id) VALUES (986,17,1034);
INSERT INTO state_county(id,state_id,county_name_id) VALUES (987,17,1036);
INSERT INTO state_county(id,state_id,county_name_id) VALUES (988,17,1044);
INSERT INTO state_county(id,state_id,county_name_id) VALUES (989,17,1070);
INSERT INTO state_county(id,state_id,county_name_id) VALUES (990,17,1139);
INSERT INTO state_county(id,state_id,county_name_id) VALUES (991,17,1098);
INSERT INTO state_county(id,state_id,county_name_id) VALUES (992,17,1102);
INSERT INTO state_county(id,state_id,county_name_id) VALUES (993,17,1140);
INSERT INTO state_county(id,state_id,county_name_id) VALUES (994,17,1159);
INSERT INTO state_county(id,state_id,county_name_id) VALUES (995,17,1179);
INSERT INTO state_county(id,state_id,county_name_id) VALUES (996,17,1195);
INSERT INTO state_county(id,state_id,county_name_id) VALUES (997,17,1206);
INSERT INTO state_county(id,state_id,county_name_id) VALUES (998,17,1209);
INSERT INTO state_county(id,state_id,county_name_id) VALUES (999,17,1236);
INSERT INTO state_county(id,state_id,county_name_id) VALUES (1000,17,1237);
INSERT INTO state_county(id,state_id,county_name_id) VALUES (1001,17,1239);
INSERT INTO state_county(id,state_id,county_name_id) VALUES (1002,17,1272);
INSERT INTO state_county(id,state_id,county_name_id) VALUES (1003,17,1312);
INSERT INTO state_county(id,state_id,county_name_id) VALUES (1004,17,1313);
INSERT INTO state_county(id,state_id,county_name_id) VALUES (1005,17,1320);
INSERT INTO state_county(id,state_id,county_name_id) VALUES (1006,17,1350);
INSERT INTO state_county(id,state_id,county_name_id) VALUES (1007,17,1377);
INSERT INTO state_county(id,state_id,county_name_id) VALUES (1008,17,1414);
INSERT INTO state_county(id,state_id,county_name_id) VALUES (1009,17,1423);
INSERT INTO state_county(id,state_id,county_name_id) VALUES (1010,17,1460);
INSERT INTO state_county(id,state_id,county_name_id) VALUES (1011,17,1471);
INSERT INTO state_county(id,state_id,county_name_id) VALUES (1012,17,1474);
INSERT INTO state_county(id,state_id,county_name_id) VALUES (1013,17,1477);
INSERT INTO state_county(id,state_id,county_name_id) VALUES (1014,17,1484);
INSERT INTO state_county(id,state_id,county_name_id) VALUES (1015,17,1511);
INSERT INTO state_county(id,state_id,county_name_id) VALUES (1016,17,1522);
INSERT INTO state_county(id,state_id,county_name_id) VALUES (1017,17,1524);
INSERT INTO state_county(id,state_id,county_name_id) VALUES (1018,17,1539);
INSERT INTO state_county(id,state_id,county_name_id) VALUES (1019,17,1589);
INSERT INTO state_county(id,state_id,county_name_id) VALUES (1020,17,1595);
INSERT INTO state_county(id,state_id,county_name_id) VALUES (1021,17,1601);
INSERT INTO state_county(id,state_id,county_name_id) VALUES (1022,17,1608);
INSERT INTO state_county(id,state_id,county_name_id) VALUES (1023,17,1613);
INSERT INTO state_county(id,state_id,county_name_id) VALUES (1024,17,1614);
INSERT INTO state_county(id,state_id,county_name_id) VALUES (1025,17,1628);
INSERT INTO state_county(id,state_id,county_name_id) VALUES (1026,17,1669);
INSERT INTO state_county(id,state_id,county_name_id) VALUES (1027,17,1673);
INSERT INTO state_county(id,state_id,county_name_id) VALUES (1028,17,1685);
INSERT INTO state_county(id,state_id,county_name_id) VALUES (1029,17,1703);
INSERT INTO state_county(id,state_id,county_name_id) VALUES (1030,17,1743);
INSERT INTO state_county(id,state_id,county_name_id) VALUES (1031,17,1773);
INSERT INTO state_county(id,state_id,county_name_id) VALUES (1032,17,1838);
INSERT INTO state_county(id,state_id,county_name_id) VALUES (1033,17,1848);
INSERT INTO state_county(id,state_id,county_name_id) VALUES (1034,17,1865);
INSERT INTO state_county(id,state_id,county_name_id) VALUES (1035,17,1904);
INSERT INTO state_county(id,state_id,county_name_id) VALUES (1036,17,1917);
INSERT INTO state_county(id,state_id,county_name_id) VALUES (1037,17,1935);
INSERT INTO state_county(id,state_id,county_name_id) VALUES (1038,17,1942);
INSERT INTO state_county(id,state_id,county_name_id) VALUES (1039,18,5);
INSERT INTO state_county(id,state_id,county_name_id) VALUES (1040,18,34);
INSERT INTO state_county(id,state_id,county_name_id) VALUES (1041,18,45);
INSERT INTO state_county(id,state_id,county_name_id) VALUES (1042,18,99);
INSERT INTO state_county(id,state_id,county_name_id) VALUES (1043,18,115);
INSERT INTO state_county(id,state_id,county_name_id) VALUES (1044,18,124);
INSERT INTO state_county(id,state_id,county_name_id) VALUES (1045,18,142);
INSERT INTO state_county(id,state_id,county_name_id) VALUES (1046,18,186);
INSERT INTO state_county(id,state_id,county_name_id) VALUES (1047,18,194);
INSERT INTO state_county(id,state_id,county_name_id) VALUES (1048,18,199);
INSERT INTO state_county(id,state_id,county_name_id) VALUES (1049,18,200);
INSERT INTO state_county(id,state_id,county_name_id) VALUES (1050,18,201);
INSERT INTO state_county(id,state_id,county_name_id) VALUES (1051,18,209);
INSERT INTO state_county(id,state_id,county_name_id) VALUES (1052,18,210);
INSERT INTO state_county(id,state_id,county_name_id) VALUES (1053,18,236);
INSERT INTO state_county(id,state_id,county_name_id) VALUES (1054,18,248);
INSERT INTO state_county(id,state_id,county_name_id) VALUES (1055,18,260);
INSERT INTO state_county(id,state_id,county_name_id) VALUES (1056,18,266);
INSERT INTO state_county(id,state_id,county_name_id) VALUES (1057,18,275);
INSERT INTO state_county(id,state_id,county_name_id) VALUES (1058,18,286);
INSERT INTO state_county(id,state_id,county_name_id) VALUES (1059,18,290);
INSERT INTO state_county(id,state_id,county_name_id) VALUES (1060,18,293);
INSERT INTO state_county(id,state_id,county_name_id) VALUES (1061,18,297);
INSERT INTO state_county(id,state_id,county_name_id) VALUES (1062,18,356);
INSERT INTO state_county(id,state_id,county_name_id) VALUES (1063,18,370);
INSERT INTO state_county(id,state_id,county_name_id) VALUES (1064,18,373);
INSERT INTO state_county(id,state_id,county_name_id) VALUES (1065,18,382);
INSERT INTO state_county(id,state_id,county_name_id) VALUES (1066,18,450);
INSERT INTO state_county(id,state_id,county_name_id) VALUES (1067,18,461);
INSERT INTO state_county(id,state_id,county_name_id) VALUES (1068,18,482);
INSERT INTO state_county(id,state_id,county_name_id) VALUES (1069,18,565);
INSERT INTO state_county(id,state_id,county_name_id) VALUES (1070,18,575);
INSERT INTO state_county(id,state_id,county_name_id) VALUES (1071,18,589);
INSERT INTO state_county(id,state_id,county_name_id) VALUES (1072,18,608);
INSERT INTO state_county(id,state_id,county_name_id) VALUES (1073,18,617);
INSERT INTO state_county(id,state_id,county_name_id) VALUES (1074,18,620);
INSERT INTO state_county(id,state_id,county_name_id) VALUES (1075,18,632);
INSERT INTO state_county(id,state_id,county_name_id) VALUES (1076,18,642);
INSERT INTO state_county(id,state_id,county_name_id) VALUES (1077,18,648);
INSERT INTO state_county(id,state_id,county_name_id) VALUES (1078,18,654);
INSERT INTO state_county(id,state_id,county_name_id) VALUES (1079,18,705);
INSERT INTO state_county(id,state_id,county_name_id) VALUES (1080,18,709);
INSERT INTO state_county(id,state_id,county_name_id) VALUES (1081,18,712);
INSERT INTO state_county(id,state_id,county_name_id) VALUES (1082,18,714);
INSERT INTO state_county(id,state_id,county_name_id) VALUES (1083,18,720);
INSERT INTO state_county(id,state_id,county_name_id) VALUES (1084,18,756);
INSERT INTO state_county(id,state_id,county_name_id) VALUES (1085,18,764);
INSERT INTO state_county(id,state_id,county_name_id) VALUES (1086,18,768);
INSERT INTO state_county(id,state_id,county_name_id) VALUES (1087,18,774);
INSERT INTO state_county(id,state_id,county_name_id) VALUES (1088,18,776);
INSERT INTO state_county(id,state_id,county_name_id) VALUES (1089,18,790);
INSERT INTO state_county(id,state_id,county_name_id) VALUES (1090,18,795);
INSERT INTO state_county(id,state_id,county_name_id) VALUES (1091,18,800);
INSERT INTO state_county(id,state_id,county_name_id) VALUES (1092,18,823);
INSERT INTO state_county(id,state_id,county_name_id) VALUES (1093,18,875);
INSERT INTO state_county(id,state_id,county_name_id) VALUES (1094,18,882);
INSERT INTO state_county(id,state_id,county_name_id) VALUES (1095,18,891);
INSERT INTO state_county(id,state_id,county_name_id) VALUES (1096,18,896);
INSERT INTO state_county(id,state_id,county_name_id) VALUES (1097,18,929);
INSERT INTO state_county(id,state_id,county_name_id) VALUES (1098,18,958);
INSERT INTO state_county(id,state_id,county_name_id) VALUES (1099,18,959);
INSERT INTO state_county(id,state_id,county_name_id) VALUES (1100,18,997);
INSERT INTO state_county(id,state_id,county_name_id) VALUES (1101,18,1006);
INSERT INTO state_county(id,state_id,county_name_id) VALUES (1102,18,1009);
INSERT INTO state_county(id,state_id,county_name_id) VALUES (1103,18,1016);
INSERT INTO state_county(id,state_id,county_name_id) VALUES (1104,18,1024);
INSERT INTO state_county(id,state_id,county_name_id) VALUES (1105,18,1025);
INSERT INTO state_county(id,state_id,county_name_id) VALUES (1106,18,1028);
INSERT INTO state_county(id,state_id,county_name_id) VALUES (1107,18,1034);
INSERT INTO state_county(id,state_id,county_name_id) VALUES (1108,18,1041);
INSERT INTO state_county(id,state_id,county_name_id) VALUES (1109,18,1044);
INSERT INTO state_county(id,state_id,county_name_id) VALUES (1110,18,1070);
INSERT INTO state_county(id,state_id,county_name_id) VALUES (1111,18,1120);
INSERT INTO state_county(id,state_id,county_name_id) VALUES (1112,18,1121);
INSERT INTO state_county(id,state_id,county_name_id) VALUES (1113,18,1133);
INSERT INTO state_county(id,state_id,county_name_id) VALUES (1114,18,1076);
INSERT INTO state_county(id,state_id,county_name_id) VALUES (1115,18,1078);
INSERT INTO state_county(id,state_id,county_name_id) VALUES (1116,18,1098);
INSERT INTO state_county(id,state_id,county_name_id) VALUES (1117,18,1102);
INSERT INTO state_county(id,state_id,county_name_id) VALUES (1118,18,1103);
INSERT INTO state_county(id,state_id,county_name_id) VALUES (1119,18,1105);
INSERT INTO state_county(id,state_id,county_name_id) VALUES (1120,18,1140);
INSERT INTO state_county(id,state_id,county_name_id) VALUES (1121,18,1150);
INSERT INTO state_county(id,state_id,county_name_id) VALUES (1122,18,1153);
INSERT INTO state_county(id,state_id,county_name_id) VALUES (1123,18,1158);
INSERT INTO state_county(id,state_id,county_name_id) VALUES (1124,18,1190);
INSERT INTO state_county(id,state_id,county_name_id) VALUES (1125,18,1195);
INSERT INTO state_county(id,state_id,county_name_id) VALUES (1126,18,1203);
INSERT INTO state_county(id,state_id,county_name_id) VALUES (1127,18,1214);
INSERT INTO state_county(id,state_id,county_name_id) VALUES (1128,18,1235);
INSERT INTO state_county(id,state_id,county_name_id) VALUES (1129,18,1255);
INSERT INTO state_county(id,state_id,county_name_id) VALUES (1130,18,1290);
INSERT INTO state_county(id,state_id,county_name_id) VALUES (1131,18,1298);
INSERT INTO state_county(id,state_id,county_name_id) VALUES (1132,18,1327);
INSERT INTO state_county(id,state_id,county_name_id) VALUES (1133,18,1328);
INSERT INTO state_county(id,state_id,county_name_id) VALUES (1134,18,1360);
INSERT INTO state_county(id,state_id,county_name_id) VALUES (1135,18,1368);
INSERT INTO state_county(id,state_id,county_name_id) VALUES (1136,18,1383);
INSERT INTO state_county(id,state_id,county_name_id) VALUES (1137,18,1418);
INSERT INTO state_county(id,state_id,county_name_id) VALUES (1138,18,1438);
INSERT INTO state_county(id,state_id,county_name_id) VALUES (1139,18,1498);
INSERT INTO state_county(id,state_id,county_name_id) VALUES (1140,18,1503);
INSERT INTO state_county(id,state_id,county_name_id) VALUES (1141,18,1520);
INSERT INTO state_county(id,state_id,county_name_id) VALUES (1142,18,1524);
INSERT INTO state_county(id,state_id,county_name_id) VALUES (1143,18,1589);
INSERT INTO state_county(id,state_id,county_name_id) VALUES (1144,18,1610);
INSERT INTO state_county(id,state_id,county_name_id) VALUES (1145,18,1620);
INSERT INTO state_county(id,state_id,county_name_id) VALUES (1146,18,1641);
INSERT INTO state_county(id,state_id,county_name_id) VALUES (1147,18,1731);
INSERT INTO state_county(id,state_id,county_name_id) VALUES (1148,18,1758);
INSERT INTO state_county(id,state_id,county_name_id) VALUES (1149,18,1776);
INSERT INTO state_county(id,state_id,county_name_id) VALUES (1150,18,1777);
INSERT INTO state_county(id,state_id,county_name_id) VALUES (1151,18,1802);
INSERT INTO state_county(id,state_id,county_name_id) VALUES (1152,18,1858);
INSERT INTO state_county(id,state_id,county_name_id) VALUES (1153,18,1865);
INSERT INTO state_county(id,state_id,county_name_id) VALUES (1154,18,1875);
INSERT INTO state_county(id,state_id,county_name_id) VALUES (1155,18,1880);
INSERT INTO state_county(id,state_id,county_name_id) VALUES (1156,18,1901);
INSERT INTO state_county(id,state_id,county_name_id) VALUES (1157,18,1929);
INSERT INTO state_county(id,state_id,county_name_id) VALUES (1158,18,1932);
INSERT INTO state_county(id,state_id,county_name_id) VALUES (1159,19,2);
INSERT INTO state_county(id,state_id,county_name_id) VALUES (1160,19,35);
INSERT INTO state_county(id,state_id,county_name_id) VALUES (1161,19,71);
INSERT INTO state_county(id,state_id,county_name_id) VALUES (1162,19,77);
INSERT INTO state_county(id,state_id,county_name_id) VALUES (1163,19,93);
INSERT INTO state_county(id,state_id,county_name_id) VALUES (1164,19,133);
INSERT INTO state_county(id,state_id,county_name_id) VALUES (1165,19,163);
INSERT INTO state_county(id,state_id,county_name_id) VALUES (1166,19,189);
INSERT INTO state_county(id,state_id,county_name_id) VALUES (1167,19,256);
INSERT INTO state_county(id,state_id,county_name_id) VALUES (1168,19,259);
INSERT INTO state_county(id,state_id,county_name_id) VALUES (1169,19,261);
INSERT INTO state_county(id,state_id,county_name_id) VALUES (1170,19,273);
INSERT INTO state_county(id,state_id,county_name_id) VALUES (1171,19,302);
INSERT INTO state_county(id,state_id,county_name_id) VALUES (1172,19,365);
INSERT INTO state_county(id,state_id,county_name_id) VALUES (1173,19,416);
INSERT INTO state_county(id,state_id,county_name_id) VALUES (1174,19,489);
INSERT INTO state_county(id,state_id,county_name_id) VALUES (1175,19,552);
INSERT INTO state_county(id,state_id,county_name_id) VALUES (1176,19,553);
INSERT INTO state_county(id,state_id,county_name_id) VALUES (1177,19,554);
INSERT INTO state_county(id,state_id,county_name_id) VALUES (1178,19,592);
INSERT INTO state_county(id,state_id,county_name_id) VALUES (1179,19,633);
INSERT INTO state_county(id,state_id,county_name_id) VALUES (1180,19,706);
INSERT INTO state_county(id,state_id,county_name_id) VALUES (1181,19,847);
INSERT INTO state_county(id,state_id,county_name_id) VALUES (1182,19,848);
INSERT INTO state_county(id,state_id,county_name_id) VALUES (1183,19,876);
INSERT INTO state_county(id,state_id,county_name_id) VALUES (1184,19,885);
INSERT INTO state_county(id,state_id,county_name_id) VALUES (1185,19,884);
INSERT INTO state_county(id,state_id,county_name_id) VALUES (1186,19,975);
INSERT INTO state_county(id,state_id,county_name_id) VALUES (1187,19,976);
INSERT INTO state_county(id,state_id,county_name_id) VALUES (1188,19,969);
INSERT INTO state_county(id,state_id,county_name_id) VALUES (1189,19,1035);
INSERT INTO state_county(id,state_id,county_name_id) VALUES (1190,19,1042);
INSERT INTO state_county(id,state_id,county_name_id) VALUES (1191,19,1077);
INSERT INTO state_county(id,state_id,county_name_id) VALUES (1192,19,1202);
INSERT INTO state_county(id,state_id,county_name_id) VALUES (1193,19,1231);
INSERT INTO state_county(id,state_id,county_name_id) VALUES (1194,19,1310);
INSERT INTO state_county(id,state_id,county_name_id) VALUES (1195,19,1323);
INSERT INTO state_county(id,state_id,county_name_id) VALUES (1196,19,1396);
INSERT INTO state_county(id,state_id,county_name_id) VALUES (1197,19,1403);
INSERT INTO state_county(id,state_id,county_name_id) VALUES (1198,19,1457);
INSERT INTO state_county(id,state_id,county_name_id) VALUES (1199,19,1466);
INSERT INTO state_county(id,state_id,county_name_id) VALUES (1200,19,1481);
INSERT INTO state_county(id,state_id,county_name_id) VALUES (1201,19,1529);
INSERT INTO state_county(id,state_id,county_name_id) VALUES (1202,19,1645);
INSERT INTO state_county(id,state_id,county_name_id) VALUES (1203,19,1647);
INSERT INTO state_county(id,state_id,county_name_id) VALUES (1204,19,1653);
INSERT INTO state_county(id,state_id,county_name_id) VALUES (1205,19,1654);
INSERT INTO state_county(id,state_id,county_name_id) VALUES (1206,19,1656);
INSERT INTO state_county(id,state_id,county_name_id) VALUES (1207,19,1659);
INSERT INTO state_county(id,state_id,county_name_id) VALUES (1208,19,1664);
INSERT INTO state_county(id,state_id,county_name_id) VALUES (1209,19,1665);
INSERT INTO state_county(id,state_id,county_name_id) VALUES (1210,19,1667);
INSERT INTO state_county(id,state_id,county_name_id) VALUES (1211,19,1726);
INSERT INTO state_county(id,state_id,county_name_id) VALUES (1212,19,1736);
INSERT INTO state_county(id,state_id,county_name_id) VALUES (1213,19,1737);
INSERT INTO state_county(id,state_id,county_name_id) VALUES (1214,19,1803);
INSERT INTO state_county(id,state_id,county_name_id) VALUES (1215,19,1824);
INSERT INTO state_county(id,state_id,county_name_id) VALUES (1216,19,1827);
INSERT INTO state_county(id,state_id,county_name_id) VALUES (1217,19,1866);
INSERT INTO state_county(id,state_id,county_name_id) VALUES (1218,19,1881);
INSERT INTO state_county(id,state_id,county_name_id) VALUES (1219,19,1884);
INSERT INTO state_county(id,state_id,county_name_id) VALUES (1220,19,1885);
INSERT INTO state_county(id,state_id,county_name_id) VALUES (1221,19,1886);
INSERT INTO state_county(id,state_id,county_name_id) VALUES (1222,19,1922);
INSERT INTO state_county(id,state_id,county_name_id) VALUES (1223,20,48);
INSERT INTO state_county(id,state_id,county_name_id) VALUES (1224,20,68);
INSERT INTO state_county(id,state_id,county_name_id) VALUES (1225,20,461);
INSERT INTO state_county(id,state_id,county_name_id) VALUES (1226,20,632);
INSERT INTO state_county(id,state_id,county_name_id) VALUES (1227,20,756);
INSERT INTO state_county(id,state_id,county_name_id) VALUES (1228,20,926);
INSERT INTO state_county(id,state_id,county_name_id) VALUES (1229,20,959);
INSERT INTO state_county(id,state_id,county_name_id) VALUES (1230,20,1034);
INSERT INTO state_county(id,state_id,county_name_id) VALUES (1231,20,1330);
INSERT INTO state_county(id,state_id,county_name_id) VALUES (1232,20,1362);
INSERT INTO state_county(id,state_id,county_name_id) VALUES (1233,20,1389);
INSERT INTO state_county(id,state_id,county_name_id) VALUES (1234,20,1532);
INSERT INTO state_county(id,state_id,county_name_id) VALUES (1235,20,1634);
INSERT INTO state_county(id,state_id,county_name_id) VALUES (1236,20,1845);
INSERT INTO state_county(id,state_id,county_name_id) VALUES (1237,20,1865);
INSERT INTO state_county(id,state_id,county_name_id) VALUES (1238,20,1962);
INSERT INTO state_county(id,state_id,county_name_id) VALUES (1239,21,31);
INSERT INTO state_county(id,state_id,county_name_id) VALUES (1240,21,50);
INSERT INTO state_county(id,state_id,county_name_id) VALUES (1241,21,101);
INSERT INTO state_county(id,state_id,county_name_id) VALUES (1242,21,268);
INSERT INTO state_county(id,state_id,county_name_id) VALUES (1243,21,289);
INSERT INTO state_county(id,state_id,county_name_id) VALUES (1244,21,290);
INSERT INTO state_county(id,state_id,county_name_id) VALUES (1245,21,311);
INSERT INTO state_county(id,state_id,county_name_id) VALUES (1246,21,321);
INSERT INTO state_county(id,state_id,county_name_id) VALUES (1247,21,533);
INSERT INTO state_county(id,state_id,county_name_id) VALUES (1248,21,634);
INSERT INTO state_county(id,state_id,county_name_id) VALUES (1249,21,655);
INSERT INTO state_county(id,state_id,county_name_id) VALUES (1250,21,767);
INSERT INTO state_county(id,state_id,county_name_id) VALUES (1251,21,830);
INSERT INTO state_county(id,state_id,county_name_id) VALUES (1252,21,928);
INSERT INTO state_county(id,state_id,county_name_id) VALUES (1253,21,1195);
INSERT INTO state_county(id,state_id,county_name_id) VALUES (1254,21,1432);
INSERT INTO state_county(id,state_id,county_name_id) VALUES (1255,21,1443);
INSERT INTO state_county(id,state_id,county_name_id) VALUES (1256,21,1666);
INSERT INTO state_county(id,state_id,county_name_id) VALUES (1257,21,1634);
INSERT INTO state_county(id,state_id,county_name_id) VALUES (1258,21,1719);
INSERT INTO state_county(id,state_id,county_name_id) VALUES (1259,21,1865);
INSERT INTO state_county(id,state_id,county_name_id) VALUES (1260,21,1905);
INSERT INTO state_county(id,state_id,county_name_id) VALUES (1261,21,1937);
INSERT INTO state_county(id,state_id,county_name_id) VALUES (1262,21,100);
INSERT INTO state_county(id,state_id,county_name_id) VALUES (1263,22,112);
INSERT INTO state_county(id,state_id,county_name_id) VALUES (1264,22,156);
INSERT INTO state_county(id,state_id,county_name_id) VALUES (1265,22,217);
INSERT INTO state_county(id,state_id,county_name_id) VALUES (1266,22,540);
INSERT INTO state_county(id,state_id,county_name_id) VALUES (1267,22,588);
INSERT INTO state_county(id,state_id,county_name_id) VALUES (1268,22,632);
INSERT INTO state_county(id,state_id,county_name_id) VALUES (1269,22,752);
INSERT INTO state_county(id,state_id,county_name_id) VALUES (1270,22,753);
INSERT INTO state_county(id,state_id,county_name_id) VALUES (1271,22,1161);
INSERT INTO state_county(id,state_id,county_name_id) VALUES (1272,22,1226);
INSERT INTO state_county(id,state_id,county_name_id) VALUES (1273,22,1264);
INSERT INTO state_county(id,state_id,county_name_id) VALUES (1274,22,1400);
INSERT INTO state_county(id,state_id,county_name_id) VALUES (1275,22,1698);
INSERT INTO state_county(id,state_id,county_name_id) VALUES (1276,22,1937);
INSERT INTO state_county(id,state_id,county_name_id) VALUES (1277,23,21);
INSERT INTO state_county(id,state_id,county_name_id) VALUES (1278,23,28);
INSERT INTO state_county(id,state_id,county_name_id) VALUES (1279,23,30);
INSERT INTO state_county(id,state_id,county_name_id) VALUES (1280,23,37);
INSERT INTO state_county(id,state_id,county_name_id) VALUES (1281,23,54);
INSERT INTO state_county(id,state_id,county_name_id) VALUES (1282,23,64);
INSERT INTO state_county(id,state_id,county_name_id) VALUES (1283,23,107);
INSERT INTO state_county(id,state_id,county_name_id) VALUES (1284,23,118);
INSERT INTO state_county(id,state_id,county_name_id) VALUES (1285,23,126);
INSERT INTO state_county(id,state_id,county_name_id) VALUES (1286,23,152);
INSERT INTO state_county(id,state_id,county_name_id) VALUES (1287,23,158);
INSERT INTO state_county(id,state_id,county_name_id) VALUES (1288,23,204);
INSERT INTO state_county(id,state_id,county_name_id) VALUES (1289,23,263);
INSERT INTO state_county(id,state_id,county_name_id) VALUES (1290,23,298);
INSERT INTO state_county(id,state_id,county_name_id) VALUES (1291,23,324);
INSERT INTO state_county(id,state_id,county_name_id) VALUES (1292,23,335);
INSERT INTO state_county(id,state_id,county_name_id) VALUES (1293,23,350);
INSERT INTO state_county(id,state_id,county_name_id) VALUES (1294,23,367);
INSERT INTO state_county(id,state_id,county_name_id) VALUES (1295,23,382);
INSERT INTO state_county(id,state_id,county_name_id) VALUES (1296,23,446);
INSERT INTO state_county(id,state_id,county_name_id) VALUES (1297,23,499);
INSERT INTO state_county(id,state_id,county_name_id) VALUES (1298,23,514);
INSERT INTO state_county(id,state_id,county_name_id) VALUES (1299,23,557);
INSERT INTO state_county(id,state_id,county_name_id) VALUES (1300,23,581);
INSERT INTO state_county(id,state_id,county_name_id) VALUES (1301,23,664);
INSERT INTO state_county(id,state_id,county_name_id) VALUES (1302,23,679);
INSERT INTO state_county(id,state_id,county_name_id) VALUES (1303,23,685);
INSERT INTO state_county(id,state_id,county_name_id) VALUES (1304,23,703);
INSERT INTO state_county(id,state_id,county_name_id) VALUES (1305,23,708);
INSERT INTO state_county(id,state_id,county_name_id) VALUES (1306,23,807);
INSERT INTO state_county(id,state_id,county_name_id) VALUES (1307,23,828);
INSERT INTO state_county(id,state_id,county_name_id) VALUES (1308,23,844);
INSERT INTO state_county(id,state_id,county_name_id) VALUES (1309,23,855);
INSERT INTO state_county(id,state_id,county_name_id) VALUES (1310,23,857);
INSERT INTO state_county(id,state_id,county_name_id) VALUES (1311,23,858);
INSERT INTO state_county(id,state_id,county_name_id) VALUES (1312,23,862);
INSERT INTO state_county(id,state_id,county_name_id) VALUES (1313,23,866);
INSERT INTO state_county(id,state_id,county_name_id) VALUES (1314,23,875);
INSERT INTO state_county(id,state_id,county_name_id) VALUES (1315,23,907);
INSERT INTO state_county(id,state_id,county_name_id) VALUES (1316,23,909);
INSERT INTO state_county(id,state_id,county_name_id) VALUES (1317,23,928);
INSERT INTO state_county(id,state_id,county_name_id) VALUES (1318,23,936);
INSERT INTO state_county(id,state_id,county_name_id) VALUES (1319,23,980);
INSERT INTO state_county(id,state_id,county_name_id) VALUES (1320,23,992);
INSERT INTO state_county(id,state_id,county_name_id) VALUES (1321,23,1017);
INSERT INTO state_county(id,state_id,county_name_id) VALUES (1322,23,1021);
INSERT INTO state_county(id,state_id,county_name_id) VALUES (1323,23,1041);
INSERT INTO state_county(id,state_id,county_name_id) VALUES (1324,23,1060);
INSERT INTO state_county(id,state_id,county_name_id) VALUES (1325,23,1071);
INSERT INTO state_county(id,state_id,county_name_id) VALUES (1326,23,1072);
INSERT INTO state_county(id,state_id,county_name_id) VALUES (1327,23,1088);
INSERT INTO state_county(id,state_id,county_name_id) VALUES (1328,23,1101);
INSERT INTO state_county(id,state_id,county_name_id) VALUES (1329,23,1105);
INSERT INTO state_county(id,state_id,county_name_id) VALUES (1330,23,1143);
INSERT INTO state_county(id,state_id,county_name_id) VALUES (1331,23,1151);
INSERT INTO state_county(id,state_id,county_name_id) VALUES (1332,23,1162);
INSERT INTO state_county(id,state_id,county_name_id) VALUES (1333,23,1176);
INSERT INTO state_county(id,state_id,county_name_id) VALUES (1334,23,1190);
INSERT INTO state_county(id,state_id,county_name_id) VALUES (1335,23,1192);
INSERT INTO state_county(id,state_id,county_name_id) VALUES (1336,23,1196);
INSERT INTO state_county(id,state_id,county_name_id) VALUES (1337,23,1219);
INSERT INTO state_county(id,state_id,county_name_id) VALUES (1338,23,1248);
INSERT INTO state_county(id,state_id,county_name_id) VALUES (1339,23,1279);
INSERT INTO state_county(id,state_id,county_name_id) VALUES (1340,23,1283);
INSERT INTO state_county(id,state_id,county_name_id) VALUES (1341,23,1287);
INSERT INTO state_county(id,state_id,county_name_id) VALUES (1342,23,1305);
INSERT INTO state_county(id,state_id,county_name_id) VALUES (1343,23,1314);
INSERT INTO state_county(id,state_id,county_name_id) VALUES (1344,23,1315);
INSERT INTO state_county(id,state_id,county_name_id) VALUES (1345,23,1319);
INSERT INTO state_county(id,state_id,county_name_id) VALUES (1346,23,1320);
INSERT INTO state_county(id,state_id,county_name_id) VALUES (1347,23,1427);
INSERT INTO state_county(id,state_id,county_name_id) VALUES (1348,23,1513);
INSERT INTO state_county(id,state_id,county_name_id) VALUES (1349,23,1533);
INSERT INTO state_county(id,state_id,county_name_id) VALUES (1350,23,1648);
INSERT INTO state_county(id,state_id,county_name_id) VALUES (1351,23,1658);
INSERT INTO state_county(id,state_id,county_name_id) VALUES (1352,23,1565);
INSERT INTO state_county(id,state_id,county_name_id) VALUES (1353,23,1584);
INSERT INTO state_county(id,state_id,county_name_id) VALUES (1354,23,1615);
INSERT INTO state_county(id,state_id,county_name_id) VALUES (1355,23,1792);
INSERT INTO state_county(id,state_id,county_name_id) VALUES (1356,23,1814);
INSERT INTO state_county(id,state_id,county_name_id) VALUES (1357,23,1869);
INSERT INTO state_county(id,state_id,county_name_id) VALUES (1358,23,1875);
INSERT INTO state_county(id,state_id,county_name_id) VALUES (1359,23,1892);
INSERT INTO state_county(id,state_id,county_name_id) VALUES (1360,24,14);
INSERT INTO state_county(id,state_id,county_name_id) VALUES (1361,24,51);
INSERT INTO state_county(id,state_id,county_name_id) VALUES (1362,24,136);
INSERT INTO state_county(id,state_id,county_name_id) VALUES (1363,24,144);
INSERT INTO state_county(id,state_id,county_name_id) VALUES (1364,24,151);
INSERT INTO state_county(id,state_id,county_name_id) VALUES (1365,24,165);
INSERT INTO state_county(id,state_id,county_name_id) VALUES (1366,24,178);
INSERT INTO state_county(id,state_id,county_name_id) VALUES (1367,24,226);
INSERT INTO state_county(id,state_id,county_name_id) VALUES (1368,24,287);
INSERT INTO state_county(id,state_id,county_name_id) VALUES (1369,24,295);
INSERT INTO state_county(id,state_id,county_name_id) VALUES (1370,24,298);
INSERT INTO state_county(id,state_id,county_name_id) VALUES (1371,24,350);
INSERT INTO state_county(id,state_id,county_name_id) VALUES (1372,24,351);
INSERT INTO state_county(id,state_id,county_name_id) VALUES (1373,24,373);
INSERT INTO state_county(id,state_id,county_name_id) VALUES (1374,24,377);
INSERT INTO state_county(id,state_id,county_name_id) VALUES (1375,24,422);
INSERT INTO state_county(id,state_id,county_name_id) VALUES (1376,24,436);
INSERT INTO state_county(id,state_id,county_name_id) VALUES (1377,24,455);
INSERT INTO state_county(id,state_id,county_name_id) VALUES (1378,24,469);
INSERT INTO state_county(id,state_id,county_name_id) VALUES (1379,24,525);
INSERT INTO state_county(id,state_id,county_name_id) VALUES (1380,24,535);
INSERT INTO state_county(id,state_id,county_name_id) VALUES (1381,24,604);
INSERT INTO state_county(id,state_id,county_name_id) VALUES (1382,24,612);
INSERT INTO state_county(id,state_id,county_name_id) VALUES (1383,24,636);
INSERT INTO state_county(id,state_id,county_name_id) VALUES (1384,24,690);
INSERT INTO state_county(id,state_id,county_name_id) VALUES (1385,24,705);
INSERT INTO state_county(id,state_id,county_name_id) VALUES (1386,24,793);
INSERT INTO state_county(id,state_id,county_name_id) VALUES (1387,24,829);
INSERT INTO state_county(id,state_id,county_name_id) VALUES (1388,24,832);
INSERT INTO state_county(id,state_id,county_name_id) VALUES (1389,24,867);
INSERT INTO state_county(id,state_id,county_name_id) VALUES (1390,24,871);
INSERT INTO state_county(id,state_id,county_name_id) VALUES (1391,24,875);
INSERT INTO state_county(id,state_id,county_name_id) VALUES (1392,24,910);
INSERT INTO state_county(id,state_id,county_name_id) VALUES (1393,24,912);
INSERT INTO state_county(id,state_id,county_name_id) VALUES (1394,24,954);
INSERT INTO state_county(id,state_id,county_name_id) VALUES (1395,24,961);
INSERT INTO state_county(id,state_id,county_name_id) VALUES (1396,24,971);
INSERT INTO state_county(id,state_id,county_name_id) VALUES (1397,24,980);
INSERT INTO state_county(id,state_id,county_name_id) VALUES (1398,24,981);
INSERT INTO state_county(id,state_id,county_name_id) VALUES (1399,24,1011);
INSERT INTO state_county(id,state_id,county_name_id) VALUES (1400,24,1034);
INSERT INTO state_county(id,state_id,county_name_id) VALUES (1401,24,1070);
INSERT INTO state_county(id,state_id,county_name_id) VALUES (1402,24,1135);
INSERT INTO state_county(id,state_id,county_name_id) VALUES (1403,24,1080);
INSERT INTO state_county(id,state_id,county_name_id) VALUES (1404,24,1102);
INSERT INTO state_county(id,state_id,county_name_id) VALUES (1405,24,1103);
INSERT INTO state_county(id,state_id,county_name_id) VALUES (1406,24,1145);
INSERT INTO state_county(id,state_id,county_name_id) VALUES (1407,24,1167);
INSERT INTO state_county(id,state_id,county_name_id) VALUES (1408,24,1207);
INSERT INTO state_county(id,state_id,county_name_id) VALUES (1409,24,1213);
INSERT INTO state_county(id,state_id,county_name_id) VALUES (1410,24,1216);
INSERT INTO state_county(id,state_id,county_name_id) VALUES (1411,24,1256);
INSERT INTO state_county(id,state_id,county_name_id) VALUES (1412,24,1259);
INSERT INTO state_county(id,state_id,county_name_id) VALUES (1413,24,1265);
INSERT INTO state_county(id,state_id,county_name_id) VALUES (1414,24,1300);
INSERT INTO state_county(id,state_id,county_name_id) VALUES (1415,24,1321);
INSERT INTO state_county(id,state_id,county_name_id) VALUES (1416,24,1361);
INSERT INTO state_county(id,state_id,county_name_id) VALUES (1417,24,1386);
INSERT INTO state_county(id,state_id,county_name_id) VALUES (1418,24,1388);
INSERT INTO state_county(id,state_id,county_name_id) VALUES (1419,24,1404);
INSERT INTO state_county(id,state_id,county_name_id) VALUES (1420,24,1408);
INSERT INTO state_county(id,state_id,county_name_id) VALUES (1421,24,1452);
INSERT INTO state_county(id,state_id,county_name_id) VALUES (1422,24,1464);
INSERT INTO state_county(id,state_id,county_name_id) VALUES (1423,24,1468);
INSERT INTO state_county(id,state_id,county_name_id) VALUES (1424,24,1473);
INSERT INTO state_county(id,state_id,county_name_id) VALUES (1425,24,1477);
INSERT INTO state_county(id,state_id,county_name_id) VALUES (1426,24,1500);
INSERT INTO state_county(id,state_id,county_name_id) VALUES (1427,24,1515);
INSERT INTO state_county(id,state_id,county_name_id) VALUES (1428,24,1662);
INSERT INTO state_county(id,state_id,county_name_id) VALUES (1429,24,1589);
INSERT INTO state_county(id,state_id,county_name_id) VALUES (1430,24,1612);
INSERT INTO state_county(id,state_id,county_name_id) VALUES (1431,24,1617);
INSERT INTO state_county(id,state_id,county_name_id) VALUES (1432,24,1679);
INSERT INTO state_county(id,state_id,county_name_id) VALUES (1433,24,1680);
INSERT INTO state_county(id,state_id,county_name_id) VALUES (1434,24,1685);
INSERT INTO state_county(id,state_id,county_name_id) VALUES (1435,24,1716);
INSERT INTO state_county(id,state_id,county_name_id) VALUES (1436,24,1758);
INSERT INTO state_county(id,state_id,county_name_id) VALUES (1437,24,1770);
INSERT INTO state_county(id,state_id,county_name_id) VALUES (1438,24,1837);
INSERT INTO state_county(id,state_id,county_name_id) VALUES (1439,24,1840);
INSERT INTO state_county(id,state_id,county_name_id) VALUES (1440,24,1862);
INSERT INTO state_county(id,state_id,county_name_id) VALUES (1441,24,1865);
INSERT INTO state_county(id,state_id,county_name_id) VALUES (1442,24,1871);
INSERT INTO state_county(id,state_id,county_name_id) VALUES (1443,24,1909);
INSERT INTO state_county(id,state_id,county_name_id) VALUES (1444,24,1925);
INSERT INTO state_county(id,state_id,county_name_id) VALUES (1445,24,1940);
INSERT INTO state_county(id,state_id,county_name_id) VALUES (1446,24,1958);
INSERT INTO state_county(id,state_id,county_name_id) VALUES (1447,25,6);
INSERT INTO state_county(id,state_id,county_name_id) VALUES (1448,25,22);
INSERT INTO state_county(id,state_id,county_name_id) VALUES (1449,25,42);
INSERT INTO state_county(id,state_id,county_name_id) VALUES (1450,25,84);
INSERT INTO state_county(id,state_id,county_name_id) VALUES (1451,25,151);
INSERT INTO state_county(id,state_id,county_name_id) VALUES (1452,25,180);
INSERT INTO state_county(id,state_id,county_name_id) VALUES (1453,25,263);
INSERT INTO state_county(id,state_id,county_name_id) VALUES (1454,25,290);
INSERT INTO state_county(id,state_id,county_name_id) VALUES (1455,25,346);
INSERT INTO state_county(id,state_id,county_name_id) VALUES (1456,25,353);
INSERT INTO state_county(id,state_id,county_name_id) VALUES (1457,25,364);
INSERT INTO state_county(id,state_id,county_name_id) VALUES (1458,25,371);
INSERT INTO state_county(id,state_id,county_name_id) VALUES (1459,25,373);
INSERT INTO state_county(id,state_id,county_name_id) VALUES (1460,25,384);
INSERT INTO state_county(id,state_id,county_name_id) VALUES (1461,25,427);
INSERT INTO state_county(id,state_id,county_name_id) VALUES (1462,25,438);
INSERT INTO state_county(id,state_id,county_name_id) VALUES (1463,25,507);
INSERT INTO state_county(id,state_id,county_name_id) VALUES (1464,25,626);
INSERT INTO state_county(id,state_id,county_name_id) VALUES (1465,25,632);
INSERT INTO state_county(id,state_id,county_name_id) VALUES (1466,25,667);
INSERT INTO state_county(id,state_id,county_name_id) VALUES (1467,25,717);
INSERT INTO state_county(id,state_id,county_name_id) VALUES (1468,25,726);
INSERT INTO state_county(id,state_id,county_name_id) VALUES (1469,25,756);
INSERT INTO state_county(id,state_id,county_name_id) VALUES (1470,25,774);
INSERT INTO state_county(id,state_id,county_name_id) VALUES (1471,25,808);
INSERT INTO state_county(id,state_id,county_name_id) VALUES (1472,25,815);
INSERT INTO state_county(id,state_id,county_name_id) VALUES (1473,25,839);
INSERT INTO state_county(id,state_id,county_name_id) VALUES (1474,25,870);
INSERT INTO state_county(id,state_id,county_name_id) VALUES (1475,25,872);
INSERT INTO state_county(id,state_id,county_name_id) VALUES (1476,25,875);
INSERT INTO state_county(id,state_id,county_name_id) VALUES (1477,25,878);
INSERT INTO state_county(id,state_id,county_name_id) VALUES (1478,25,882);
INSERT INTO state_county(id,state_id,county_name_id) VALUES (1479,25,883);
INSERT INTO state_county(id,state_id,county_name_id) VALUES (1480,25,898);
INSERT INTO state_county(id,state_id,county_name_id) VALUES (1481,25,922);
INSERT INTO state_county(id,state_id,county_name_id) VALUES (1482,25,974);
INSERT INTO state_county(id,state_id,county_name_id) VALUES (1483,25,982);
INSERT INTO state_county(id,state_id,county_name_id) VALUES (1484,25,1005);
INSERT INTO state_county(id,state_id,county_name_id) VALUES (1485,25,1009);
INSERT INTO state_county(id,state_id,county_name_id) VALUES (1486,25,1013);
INSERT INTO state_county(id,state_id,county_name_id) VALUES (1487,25,1016);
INSERT INTO state_county(id,state_id,county_name_id) VALUES (1488,25,1018);
INSERT INTO state_county(id,state_id,county_name_id) VALUES (1489,25,1034);
INSERT INTO state_county(id,state_id,county_name_id) VALUES (1490,25,1057);
INSERT INTO state_county(id,state_id,county_name_id) VALUES (1491,25,1076);
INSERT INTO state_county(id,state_id,county_name_id) VALUES (1492,25,1098);
INSERT INTO state_county(id,state_id,county_name_id) VALUES (1493,25,1102);
INSERT INTO state_county(id,state_id,county_name_id) VALUES (1494,25,1190);
INSERT INTO state_county(id,state_id,county_name_id) VALUES (1495,25,1195);
INSERT INTO state_county(id,state_id,county_name_id) VALUES (1496,25,1238);
INSERT INTO state_county(id,state_id,county_name_id) VALUES (1497,25,1252);
INSERT INTO state_county(id,state_id,county_name_id) VALUES (1498,25,1275);
INSERT INTO state_county(id,state_id,county_name_id) VALUES (1499,25,1297);
INSERT INTO state_county(id,state_id,county_name_id) VALUES (1500,25,1339);
INSERT INTO state_county(id,state_id,county_name_id) VALUES (1501,25,1354);
INSERT INTO state_county(id,state_id,county_name_id) VALUES (1502,25,1368);
INSERT INTO state_county(id,state_id,county_name_id) VALUES (1503,25,1383);
INSERT INTO state_county(id,state_id,county_name_id) VALUES (1504,25,1407);
INSERT INTO state_county(id,state_id,county_name_id) VALUES (1505,25,1425);
INSERT INTO state_county(id,state_id,county_name_id) VALUES (1506,25,1445);
INSERT INTO state_county(id,state_id,county_name_id) VALUES (1507,25,1455);
INSERT INTO state_county(id,state_id,county_name_id) VALUES (1508,25,1589);
INSERT INTO state_county(id,state_id,county_name_id) VALUES (1509,25,1604);
INSERT INTO state_county(id,state_id,county_name_id) VALUES (1510,25,1620);
INSERT INTO state_county(id,state_id,county_name_id) VALUES (1511,25,1628);
INSERT INTO state_county(id,state_id,county_name_id) VALUES (1512,25,1690);
INSERT INTO state_county(id,state_id,county_name_id) VALUES (1513,25,1705);
INSERT INTO state_county(id,state_id,county_name_id) VALUES (1514,25,1722);
INSERT INTO state_county(id,state_id,county_name_id) VALUES (1515,25,1729);
INSERT INTO state_county(id,state_id,county_name_id) VALUES (1516,25,1751);
INSERT INTO state_county(id,state_id,county_name_id) VALUES (1517,25,1754);
INSERT INTO state_county(id,state_id,county_name_id) VALUES (1518,25,1787);
INSERT INTO state_county(id,state_id,county_name_id) VALUES (1519,25,1802);
INSERT INTO state_county(id,state_id,county_name_id) VALUES (1520,25,1852);
INSERT INTO state_county(id,state_id,county_name_id) VALUES (1521,25,1858);
INSERT INTO state_county(id,state_id,county_name_id) VALUES (1522,25,1865);
INSERT INTO state_county(id,state_id,county_name_id) VALUES (1523,25,1875);
INSERT INTO state_county(id,state_id,county_name_id) VALUES (1524,25,1880);
INSERT INTO state_county(id,state_id,county_name_id) VALUES (1525,25,1910);
INSERT INTO state_county(id,state_id,county_name_id) VALUES (1526,25,1926);
INSERT INTO state_county(id,state_id,county_name_id) VALUES (1527,25,1949);
INSERT INTO state_county(id,state_id,county_name_id) VALUES (1528,25,1956);
INSERT INTO state_county(id,state_id,county_name_id) VALUES (1529,26,5);
INSERT INTO state_county(id,state_id,county_name_id) VALUES (1530,26,46);
INSERT INTO state_county(id,state_id,county_name_id) VALUES (1531,26,79);
INSERT INTO state_county(id,state_id,county_name_id) VALUES (1532,26,85);
INSERT INTO state_county(id,state_id,county_name_id) VALUES (1533,26,118);
INSERT INTO state_county(id,state_id,county_name_id) VALUES (1534,26,120);
INSERT INTO state_county(id,state_id,county_name_id) VALUES (1535,26,123);
INSERT INTO state_county(id,state_id,county_name_id) VALUES (1536,26,151);
INSERT INTO state_county(id,state_id,county_name_id) VALUES (1537,26,181);
INSERT INTO state_county(id,state_id,county_name_id) VALUES (1538,26,186);
INSERT INTO state_county(id,state_id,county_name_id) VALUES (1539,26,230);
INSERT INTO state_county(id,state_id,county_name_id) VALUES (1540,26,248);
INSERT INTO state_county(id,state_id,county_name_id) VALUES (1541,26,260);
INSERT INTO state_county(id,state_id,county_name_id) VALUES (1542,26,265);
INSERT INTO state_county(id,state_id,county_name_id) VALUES (1543,26,271);
INSERT INTO state_county(id,state_id,county_name_id) VALUES (1544,26,282);
INSERT INTO state_county(id,state_id,county_name_id) VALUES (1545,26,290);
INSERT INTO state_county(id,state_id,county_name_id) VALUES (1546,26,293);
INSERT INTO state_county(id,state_id,county_name_id) VALUES (1547,26,298);
INSERT INTO state_county(id,state_id,county_name_id) VALUES (1548,26,312);
INSERT INTO state_county(id,state_id,county_name_id) VALUES (1549,26,319);
INSERT INTO state_county(id,state_id,county_name_id) VALUES (1550,26,356);
INSERT INTO state_county(id,state_id,county_name_id) VALUES (1551,26,370);
INSERT INTO state_county(id,state_id,county_name_id) VALUES (1552,26,373);
INSERT INTO state_county(id,state_id,county_name_id) VALUES (1553,26,382);
INSERT INTO state_county(id,state_id,county_name_id) VALUES (1554,26,397);
INSERT INTO state_county(id,state_id,county_name_id) VALUES (1555,26,424);
INSERT INTO state_county(id,state_id,county_name_id) VALUES (1556,26,446);
INSERT INTO state_county(id,state_id,county_name_id) VALUES (1557,26,467);
INSERT INTO state_county(id,state_id,county_name_id) VALUES (1558,26,472);
INSERT INTO state_county(id,state_id,county_name_id) VALUES (1559,26,482);
INSERT INTO state_county(id,state_id,county_name_id) VALUES (1560,26,496);
INSERT INTO state_county(id,state_id,county_name_id) VALUES (1561,26,501);
INSERT INTO state_county(id,state_id,county_name_id) VALUES (1562,26,535);
INSERT INTO state_county(id,state_id,county_name_id) VALUES (1563,26,542);
INSERT INTO state_county(id,state_id,county_name_id) VALUES (1564,26,632);
INSERT INTO state_county(id,state_id,county_name_id) VALUES (1565,26,658);
INSERT INTO state_county(id,state_id,county_name_id) VALUES (1566,26,666);
INSERT INTO state_county(id,state_id,county_name_id) VALUES (1567,26,717);
INSERT INTO state_county(id,state_id,county_name_id) VALUES (1568,26,729);
INSERT INTO state_county(id,state_id,county_name_id) VALUES (1569,26,774);
INSERT INTO state_county(id,state_id,county_name_id) VALUES (1570,26,795);
INSERT INTO state_county(id,state_id,county_name_id) VALUES (1571,26,801);
INSERT INTO state_county(id,state_id,county_name_id) VALUES (1572,26,816);
INSERT INTO state_county(id,state_id,county_name_id) VALUES (1573,26,830);
INSERT INTO state_county(id,state_id,county_name_id) VALUES (1574,26,831);
INSERT INTO state_county(id,state_id,county_name_id) VALUES (1575,26,862);
INSERT INTO state_county(id,state_id,county_name_id) VALUES (1576,26,875);
INSERT INTO state_county(id,state_id,county_name_id) VALUES (1577,26,878);
INSERT INTO state_county(id,state_id,county_name_id) VALUES (1578,26,882);
INSERT INTO state_county(id,state_id,county_name_id) VALUES (1579,26,896);
INSERT INTO state_county(id,state_id,county_name_id) VALUES (1580,26,959);
INSERT INTO state_county(id,state_id,county_name_id) VALUES (1581,26,973);
INSERT INTO state_county(id,state_id,county_name_id) VALUES (1582,26,974);
INSERT INTO state_county(id,state_id,county_name_id) VALUES (1583,26,1009);
INSERT INTO state_county(id,state_id,county_name_id) VALUES (1584,26,1028);
INSERT INTO state_county(id,state_id,county_name_id) VALUES (1585,26,1034);
INSERT INTO state_county(id,state_id,county_name_id) VALUES (1586,26,1036);
INSERT INTO state_county(id,state_id,county_name_id) VALUES (1587,26,1041);
INSERT INTO state_county(id,state_id,county_name_id) VALUES (1588,26,1124);
INSERT INTO state_county(id,state_id,county_name_id) VALUES (1589,26,1073);
INSERT INTO state_county(id,state_id,county_name_id) VALUES (1590,26,1076);
INSERT INTO state_county(id,state_id,county_name_id) VALUES (1591,26,1095);
INSERT INTO state_county(id,state_id,county_name_id) VALUES (1592,26,1098);
INSERT INTO state_county(id,state_id,county_name_id) VALUES (1593,26,1153);
INSERT INTO state_county(id,state_id,county_name_id) VALUES (1594,26,1168);
INSERT INTO state_county(id,state_id,county_name_id) VALUES (1595,26,1177);
INSERT INTO state_county(id,state_id,county_name_id) VALUES (1596,26,1185);
INSERT INTO state_county(id,state_id,county_name_id) VALUES (1597,26,1190);
INSERT INTO state_county(id,state_id,county_name_id) VALUES (1598,26,1195);
INSERT INTO state_county(id,state_id,county_name_id) VALUES (1599,26,1203);
INSERT INTO state_county(id,state_id,county_name_id) VALUES (1600,26,1246);
INSERT INTO state_county(id,state_id,county_name_id) VALUES (1601,26,1252);
INSERT INTO state_county(id,state_id,county_name_id) VALUES (1602,26,1260);
INSERT INTO state_county(id,state_id,county_name_id) VALUES (1603,26,1308);
INSERT INTO state_county(id,state_id,county_name_id) VALUES (1604,26,1312);
INSERT INTO state_county(id,state_id,county_name_id) VALUES (1605,26,1331);
INSERT INTO state_county(id,state_id,county_name_id) VALUES (1606,26,1357);
INSERT INTO state_county(id,state_id,county_name_id) VALUES (1607,26,1368);
INSERT INTO state_county(id,state_id,county_name_id) VALUES (1608,26,1374);
INSERT INTO state_county(id,state_id,county_name_id) VALUES (1609,26,1375);
INSERT INTO state_county(id,state_id,county_name_id) VALUES (1610,26,1383);
INSERT INTO state_county(id,state_id,county_name_id) VALUES (1611,26,1397);
INSERT INTO state_county(id,state_id,county_name_id) VALUES (1612,26,1404);
INSERT INTO state_county(id,state_id,county_name_id) VALUES (1613,26,1438);
INSERT INTO state_county(id,state_id,county_name_id) VALUES (1614,26,1440);
INSERT INTO state_county(id,state_id,county_name_id) VALUES (1615,26,1451);
INSERT INTO state_county(id,state_id,county_name_id) VALUES (1616,26,1454);
INSERT INTO state_county(id,state_id,county_name_id) VALUES (1617,26,1461);
INSERT INTO state_county(id,state_id,county_name_id) VALUES (1618,26,1475);
INSERT INTO state_county(id,state_id,county_name_id) VALUES (1619,26,1491);
INSERT INTO state_county(id,state_id,county_name_id) VALUES (1620,26,1646);
INSERT INTO state_county(id,state_id,county_name_id) VALUES (1621,26,1648);
INSERT INTO state_county(id,state_id,county_name_id) VALUES (1622,26,1678);
INSERT INTO state_county(id,state_id,county_name_id) VALUES (1623,26,1652);
INSERT INTO state_county(id,state_id,county_name_id) VALUES (1624,26,1662);
INSERT INTO state_county(id,state_id,county_name_id) VALUES (1625,26,1539);
INSERT INTO state_county(id,state_id,county_name_id) VALUES (1626,26,1585);
INSERT INTO state_county(id,state_id,county_name_id) VALUES (1627,26,1588);
INSERT INTO state_county(id,state_id,county_name_id) VALUES (1628,26,1589);
INSERT INTO state_county(id,state_id,county_name_id) VALUES (1629,26,1603);
INSERT INTO state_county(id,state_id,county_name_id) VALUES (1630,26,1610);
INSERT INTO state_county(id,state_id,county_name_id) VALUES (1631,26,1688);
INSERT INTO state_county(id,state_id,county_name_id) VALUES (1632,26,1690);
INSERT INTO state_county(id,state_id,county_name_id) VALUES (1633,26,1699);
INSERT INTO state_county(id,state_id,county_name_id) VALUES (1634,26,1725);
INSERT INTO state_county(id,state_id,county_name_id) VALUES (1635,26,1741);
INSERT INTO state_county(id,state_id,county_name_id) VALUES (1636,26,1826);
INSERT INTO state_county(id,state_id,county_name_id) VALUES (1637,26,1858);
INSERT INTO state_county(id,state_id,county_name_id) VALUES (1638,26,1865);
INSERT INTO state_county(id,state_id,county_name_id) VALUES (1639,26,1875);
INSERT INTO state_county(id,state_id,county_name_id) VALUES (1640,26,1880);
INSERT INTO state_county(id,state_id,county_name_id) VALUES (1641,26,1938);
INSERT INTO state_county(id,state_id,county_name_id) VALUES (1642,26,1940);
INSERT INTO state_county(id,state_id,county_name_id) VALUES (1643,26,1661);
INSERT INTO state_county(id,state_id,county_name_id) VALUES (1644,27,135);
INSERT INTO state_county(id,state_id,county_name_id) VALUES (1645,27,164);
INSERT INTO state_county(id,state_id,county_name_id) VALUES (1646,27,171);
INSERT INTO state_county(id,state_id,county_name_id) VALUES (1647,27,218);
INSERT INTO state_county(id,state_id,county_name_id) VALUES (1648,27,284);
INSERT INTO state_county(id,state_id,county_name_id) VALUES (1649,27,293);
INSERT INTO state_county(id,state_id,county_name_id) VALUES (1650,27,296);
INSERT INTO state_county(id,state_id,county_name_id) VALUES (1651,27,354);
INSERT INTO state_county(id,state_id,county_name_id) VALUES (1652,27,465);
INSERT INTO state_county(id,state_id,county_name_id) VALUES (1653,27,474);
INSERT INTO state_county(id,state_id,county_name_id) VALUES (1654,27,486);
INSERT INTO state_county(id,state_id,county_name_id) VALUES (1655,27,494);
INSERT INTO state_county(id,state_id,county_name_id) VALUES (1656,27,600);
INSERT INTO state_county(id,state_id,county_name_id) VALUES (1657,27,610);
INSERT INTO state_county(id,state_id,county_name_id) VALUES (1658,27,616);
INSERT INTO state_county(id,state_id,county_name_id) VALUES (1659,27,648);
INSERT INTO state_county(id,state_id,county_name_id) VALUES (1660,27,652);
INSERT INTO state_county(id,state_id,county_name_id) VALUES (1661,27,677);
INSERT INTO state_county(id,state_id,county_name_id) VALUES (1662,27,686);
INSERT INTO state_county(id,state_id,county_name_id) VALUES (1663,27,704);
INSERT INTO state_county(id,state_id,county_name_id) VALUES (1664,27,805);
INSERT INTO state_county(id,state_id,county_name_id) VALUES (1665,27,882);
INSERT INTO state_county(id,state_id,county_name_id) VALUES (1666,27,902);
INSERT INTO state_county(id,state_id,county_name_id) VALUES (1667,27,980);
INSERT INTO state_county(id,state_id,county_name_id) VALUES (1668,27,1027);
INSERT INTO state_county(id,state_id,county_name_id) VALUES (1669,27,1031);
INSERT INTO state_county(id,state_id,county_name_id) VALUES (1670,27,1034);
INSERT INTO state_county(id,state_id,county_name_id) VALUES (1671,27,1117);
INSERT INTO state_county(id,state_id,county_name_id) VALUES (1672,27,1076);
INSERT INTO state_county(id,state_id,county_name_id) VALUES (1673,27,1141);
INSERT INTO state_county(id,state_id,county_name_id) VALUES (1674,27,1172);
INSERT INTO state_county(id,state_id,county_name_id) VALUES (1675,27,1178);
INSERT INTO state_county(id,state_id,county_name_id) VALUES (1676,27,1222);
INSERT INTO state_county(id,state_id,county_name_id) VALUES (1677,27,1340);
INSERT INTO state_county(id,state_id,county_name_id) VALUES (1678,27,1373);
INSERT INTO state_county(id,state_id,county_name_id) VALUES (1679,27,1377);
INSERT INTO state_county(id,state_id,county_name_id) VALUES (1680,27,1406);
INSERT INTO state_county(id,state_id,county_name_id) VALUES (1681,27,1417);
INSERT INTO state_county(id,state_id,county_name_id) VALUES (1682,27,1418);
INSERT INTO state_county(id,state_id,county_name_id) VALUES (1683,27,1422);
INSERT INTO state_county(id,state_id,county_name_id) VALUES (1684,27,1459);
INSERT INTO state_county(id,state_id,county_name_id) VALUES (1685,27,1480);
INSERT INTO state_county(id,state_id,county_name_id) VALUES (1686,27,1512);
INSERT INTO state_county(id,state_id,county_name_id) VALUES (1687,27,1516);
INSERT INTO state_county(id,state_id,county_name_id) VALUES (1688,27,1561);
INSERT INTO state_county(id,state_id,county_name_id) VALUES (1689,27,1613);
INSERT INTO state_county(id,state_id,county_name_id) VALUES (1690,27,1619);
INSERT INTO state_county(id,state_id,county_name_id) VALUES (1691,27,1687);
INSERT INTO state_county(id,state_id,county_name_id) VALUES (1692,27,1714);
INSERT INTO state_county(id,state_id,county_name_id) VALUES (1693,27,1740);
INSERT INTO state_county(id,state_id,county_name_id) VALUES (1694,27,1763);
INSERT INTO state_county(id,state_id,county_name_id) VALUES (1695,27,1772);
INSERT INTO state_county(id,state_id,county_name_id) VALUES (1696,27,1813);
INSERT INTO state_county(id,state_id,county_name_id) VALUES (1697,27,1895);
INSERT INTO state_county(id,state_id,county_name_id) VALUES (1698,27,1903);
INSERT INTO state_county(id,state_id,county_name_id) VALUES (1699,27,1959);
INSERT INTO state_county(id,state_id,county_name_id) VALUES (1700,28,6);
INSERT INTO state_county(id,state_id,county_name_id) VALUES (1701,28,53);
INSERT INTO state_county(id,state_id,county_name_id) VALUES (1702,28,70);
INSERT INTO state_county(id,state_id,county_name_id) VALUES (1703,28,105);
INSERT INTO state_county(id,state_id,county_name_id) VALUES (1704,28,171);
INSERT INTO state_county(id,state_id,county_name_id) VALUES (1705,28,186);
INSERT INTO state_county(id,state_id,county_name_id) VALUES (1706,28,197);
INSERT INTO state_county(id,state_id,county_name_id) VALUES (1707,28,199);
INSERT INTO state_county(id,state_id,county_name_id) VALUES (1708,28,226);
INSERT INTO state_county(id,state_id,county_name_id) VALUES (1709,28,235);
INSERT INTO state_county(id,state_id,county_name_id) VALUES (1710,28,247);
INSERT INTO state_county(id,state_id,county_name_id) VALUES (1711,28,248);
INSERT INTO state_county(id,state_id,county_name_id) VALUES (1712,28,298);
INSERT INTO state_county(id,state_id,county_name_id) VALUES (1713,28,312);
INSERT INTO state_county(id,state_id,county_name_id) VALUES (1714,28,328);
INSERT INTO state_county(id,state_id,county_name_id) VALUES (1715,28,340);
INSERT INTO state_county(id,state_id,county_name_id) VALUES (1716,28,345);
INSERT INTO state_county(id,state_id,county_name_id) VALUES (1717,28,373);
INSERT INTO state_county(id,state_id,county_name_id) VALUES (1718,28,400);
INSERT INTO state_county(id,state_id,county_name_id) VALUES (1719,28,462);
INSERT INTO state_county(id,state_id,county_name_id) VALUES (1720,28,465);
INSERT INTO state_county(id,state_id,county_name_id) VALUES (1721,28,469);
INSERT INTO state_county(id,state_id,county_name_id) VALUES (1722,28,485);
INSERT INTO state_county(id,state_id,county_name_id) VALUES (1723,28,486);
INSERT INTO state_county(id,state_id,county_name_id) VALUES (1724,28,508);
INSERT INTO state_county(id,state_id,county_name_id) VALUES (1725,28,523);
INSERT INTO state_county(id,state_id,county_name_id) VALUES (1726,28,525);
INSERT INTO state_county(id,state_id,county_name_id) VALUES (1727,28,535);
INSERT INTO state_county(id,state_id,county_name_id) VALUES (1728,28,541);
INSERT INTO state_county(id,state_id,county_name_id) VALUES (1729,28,612);
INSERT INTO state_county(id,state_id,county_name_id) VALUES (1730,28,632);
INSERT INTO state_county(id,state_id,county_name_id) VALUES (1731,28,641);
INSERT INTO state_county(id,state_id,county_name_id) VALUES (1732,28,643);
INSERT INTO state_county(id,state_id,county_name_id) VALUES (1733,28,645);
INSERT INTO state_county(id,state_id,county_name_id) VALUES (1734,28,651);
INSERT INTO state_county(id,state_id,county_name_id) VALUES (1735,28,652);
INSERT INTO state_county(id,state_id,county_name_id) VALUES (1736,28,694);
INSERT INTO state_county(id,state_id,county_name_id) VALUES (1737,28,705);
INSERT INTO state_county(id,state_id,county_name_id) VALUES (1738,28,713);
INSERT INTO state_county(id,state_id,county_name_id) VALUES (1739,28,748);
INSERT INTO state_county(id,state_id,county_name_id) VALUES (1740,28,750);
INSERT INTO state_county(id,state_id,county_name_id) VALUES (1741,28,768);
INSERT INTO state_county(id,state_id,county_name_id) VALUES (1742,28,784);
INSERT INTO state_county(id,state_id,county_name_id) VALUES (1743,28,810);
INSERT INTO state_county(id,state_id,county_name_id) VALUES (1744,28,816);
INSERT INTO state_county(id,state_id,county_name_id) VALUES (1745,28,820);
INSERT INTO state_county(id,state_id,county_name_id) VALUES (1746,28,830);
INSERT INTO state_county(id,state_id,county_name_id) VALUES (1747,28,882);
INSERT INTO state_county(id,state_id,county_name_id) VALUES (1748,28,896);
INSERT INTO state_county(id,state_id,county_name_id) VALUES (1749,28,919);
INSERT INTO state_county(id,state_id,county_name_id) VALUES (1750,28,921);
INSERT INTO state_county(id,state_id,county_name_id) VALUES (1751,28,937);
INSERT INTO state_county(id,state_id,county_name_id) VALUES (1752,28,939);
INSERT INTO state_county(id,state_id,county_name_id) VALUES (1753,28,959);
INSERT INTO state_county(id,state_id,county_name_id) VALUES (1754,28,987);
INSERT INTO state_county(id,state_id,county_name_id) VALUES (1755,28,1034);
INSERT INTO state_county(id,state_id,county_name_id) VALUES (1756,28,1044);
INSERT INTO state_county(id,state_id,county_name_id) VALUES (1757,28,1054);
INSERT INTO state_county(id,state_id,county_name_id) VALUES (1758,28,1139);
INSERT INTO state_county(id,state_id,county_name_id) VALUES (1759,28,1076);
INSERT INTO state_county(id,state_id,county_name_id) VALUES (1760,28,1155);
INSERT INTO state_county(id,state_id,county_name_id) VALUES (1761,28,1205);
INSERT INTO state_county(id,state_id,county_name_id) VALUES (1762,28,1225);
INSERT INTO state_county(id,state_id,county_name_id) VALUES (1763,28,1236);
INSERT INTO state_county(id,state_id,county_name_id) VALUES (1764,28,1276);
INSERT INTO state_county(id,state_id,county_name_id) VALUES (1765,28,1318);
INSERT INTO state_county(id,state_id,county_name_id) VALUES (1766,28,1350);
INSERT INTO state_county(id,state_id,county_name_id) VALUES (1767,28,1366);
INSERT INTO state_county(id,state_id,county_name_id) VALUES (1768,28,1375);
INSERT INTO state_county(id,state_id,county_name_id) VALUES (1769,28,1382);
INSERT INTO state_county(id,state_id,county_name_id) VALUES (1770,28,1397);
INSERT INTO state_county(id,state_id,county_name_id) VALUES (1771,28,1404);
INSERT INTO state_county(id,state_id,county_name_id) VALUES (1772,28,1467);
INSERT INTO state_county(id,state_id,county_name_id) VALUES (1773,28,1479);
INSERT INTO state_county(id,state_id,county_name_id) VALUES (1774,28,1500);
INSERT INTO state_county(id,state_id,county_name_id) VALUES (1775,28,1539);
INSERT INTO state_county(id,state_id,county_name_id) VALUES (1776,28,1576);
INSERT INTO state_county(id,state_id,county_name_id) VALUES (1777,28,1578);
INSERT INTO state_county(id,state_id,county_name_id) VALUES (1778,28,1590);
INSERT INTO state_county(id,state_id,county_name_id) VALUES (1779,28,1601);
INSERT INTO state_county(id,state_id,county_name_id) VALUES (1780,28,1613);
INSERT INTO state_county(id,state_id,county_name_id) VALUES (1781,28,1614);
INSERT INTO state_county(id,state_id,county_name_id) VALUES (1782,28,1621);
INSERT INTO state_county(id,state_id,county_name_id) VALUES (1783,28,1673);
INSERT INTO state_county(id,state_id,county_name_id) VALUES (1784,28,1742);
INSERT INTO state_county(id,state_id,county_name_id) VALUES (1785,28,1743);
INSERT INTO state_county(id,state_id,county_name_id) VALUES (1786,28,1745);
INSERT INTO state_county(id,state_id,county_name_id) VALUES (1787,28,1813);
INSERT INTO state_county(id,state_id,county_name_id) VALUES (1788,28,1865);
INSERT INTO state_county(id,state_id,county_name_id) VALUES (1789,28,1875);
INSERT INTO state_county(id,state_id,county_name_id) VALUES (1790,28,1880);
INSERT INTO state_county(id,state_id,county_name_id) VALUES (1791,28,1896);
INSERT INTO state_county(id,state_id,county_name_id) VALUES (1792,28,1962);
INSERT INTO state_county(id,state_id,county_name_id) VALUES (1793,29,357);
INSERT INTO state_county(id,state_id,county_name_id) VALUES (1794,29,370);
INSERT INTO state_county(id,state_id,county_name_id) VALUES (1795,29,535);
INSERT INTO state_county(id,state_id,county_name_id) VALUES (1796,29,574);
INSERT INTO state_county(id,state_id,county_name_id) VALUES (1797,29,587);
INSERT INTO state_county(id,state_id,county_name_id) VALUES (1798,29,591);
INSERT INTO state_county(id,state_id,county_name_id) VALUES (1799,29,838);
INSERT INTO state_county(id,state_id,county_name_id) VALUES (1800,29,988);
INSERT INTO state_county(id,state_id,county_name_id) VALUES (1801,29,1034);
INSERT INTO state_county(id,state_id,county_name_id) VALUES (1802,29,1070);
INSERT INTO state_county(id,state_id,county_name_id) VALUES (1803,29,1172);
INSERT INTO state_county(id,state_id,county_name_id) VALUES (1804,29,1278);
INSERT INTO state_county(id,state_id,county_name_id) VALUES (1805,29,1369);
INSERT INTO state_county(id,state_id,county_name_id) VALUES (1806,29,1692);
INSERT INTO state_county(id,state_id,county_name_id) VALUES (1807,29,1868);
INSERT INTO state_county(id,state_id,county_name_id) VALUES (1808,29,1898);
INSERT INTO state_county(id,state_id,county_name_id) VALUES (1809,29,291);
INSERT INTO state_county(id,state_id,county_name_id) VALUES (1810,30,141);
INSERT INTO state_county(id,state_id,county_name_id) VALUES (1811,30,290);
INSERT INTO state_county(id,state_id,county_name_id) VALUES (1812,30,342);
INSERT INTO state_county(id,state_id,county_name_id) VALUES (1813,30,425);
INSERT INTO state_county(id,state_id,county_name_id) VALUES (1814,30,697);
INSERT INTO state_county(id,state_id,county_name_id) VALUES (1815,30,806);
INSERT INTO state_county(id,state_id,county_name_id) VALUES (1816,30,1156);
INSERT INTO state_county(id,state_id,county_name_id) VALUES (1817,30,1505);
INSERT INTO state_county(id,state_id,county_name_id) VALUES (1818,30,1694);
INSERT INTO state_county(id,state_id,county_name_id) VALUES (1819,30,1699);
INSERT INTO state_county(id,state_id,county_name_id) VALUES (1820,31,82);
INSERT INTO state_county(id,state_id,county_name_id) VALUES (1821,31,153);
INSERT INTO state_county(id,state_id,county_name_id) VALUES (1822,31,244);
INSERT INTO state_county(id,state_id,county_name_id) VALUES (1823,31,271);
INSERT INTO state_county(id,state_id,county_name_id) VALUES (1824,31,283);
INSERT INTO state_county(id,state_id,county_name_id) VALUES (1825,31,461);
INSERT INTO state_county(id,state_id,county_name_id) VALUES (1826,31,588);
INSERT INTO state_county(id,state_id,county_name_id) VALUES (1827,31,683);
INSERT INTO state_county(id,state_id,county_name_id) VALUES (1828,31,833);
INSERT INTO state_county(id,state_id,county_name_id) VALUES (1829,31,841);
INSERT INTO state_county(id,state_id,county_name_id) VALUES (1830,31,1153);
INSERT INTO state_county(id,state_id,county_name_id) VALUES (1831,31,1161);
INSERT INTO state_county(id,state_id,county_name_id) VALUES (1832,31,1186);
INSERT INTO state_county(id,state_id,county_name_id) VALUES (1833,31,1206);
INSERT INTO state_county(id,state_id,county_name_id) VALUES (1834,31,1282);
INSERT INTO state_county(id,state_id,county_name_id) VALUES (1835,31,1346);
INSERT INTO state_county(id,state_id,county_name_id) VALUES (1836,31,1537);
INSERT INTO state_county(id,state_id,county_name_id) VALUES (1837,31,1634);
INSERT INTO state_county(id,state_id,county_name_id) VALUES (1838,31,1708);
INSERT INTO state_county(id,state_id,county_name_id) VALUES (1839,31,1802);
INSERT INTO state_county(id,state_id,county_name_id) VALUES (1840,31,1858);
INSERT INTO state_county(id,state_id,county_name_id) VALUES (1841,32,157);
INSERT INTO state_county(id,state_id,county_name_id) VALUES (1842,32,306);
INSERT INTO state_county(id,state_id,county_name_id) VALUES (1843,32,333);
INSERT INTO state_county(id,state_id,county_name_id) VALUES (1844,32,359);
INSERT INTO state_county(id,state_id,county_name_id) VALUES (1845,32,400);
INSERT INTO state_county(id,state_id,county_name_id) VALUES (1846,32,464);
INSERT INTO state_county(id,state_id,county_name_id) VALUES (1847,32,488);
INSERT INTO state_county(id,state_id,county_name_id) VALUES (1848,32,527);
INSERT INTO state_county(id,state_id,county_name_id) VALUES (1849,32,561);
INSERT INTO state_county(id,state_id,county_name_id) VALUES (1850,32,705);
INSERT INTO state_county(id,state_id,county_name_id) VALUES (1851,32,730);
INSERT INTO state_county(id,state_id,county_name_id) VALUES (1852,32,765);
INSERT INTO state_county(id,state_id,county_name_id) VALUES (1853,32,802);
INSERT INTO state_county(id,state_id,county_name_id) VALUES (1854,32,1012);
INSERT INTO state_county(id,state_id,county_name_id) VALUES (1855,32,1034);
INSERT INTO state_county(id,state_id,county_name_id) VALUES (1856,32,1049);
INSERT INTO state_county(id,state_id,county_name_id) VALUES (1857,32,1062);
INSERT INTO state_county(id,state_id,county_name_id) VALUES (1858,32,1132);
INSERT INTO state_county(id,state_id,county_name_id) VALUES (1859,32,1201);
INSERT INTO state_county(id,state_id,county_name_id) VALUES (1860,32,1317);
INSERT INTO state_county(id,state_id,county_name_id) VALUES (1861,32,1441);
INSERT INTO state_county(id,state_id,county_name_id) VALUES (1862,32,1487);
INSERT INTO state_county(id,state_id,county_name_id) VALUES (1863,32,1512);
INSERT INTO state_county(id,state_id,county_name_id) VALUES (1864,32,1562);
INSERT INTO state_county(id,state_id,county_name_id) VALUES (1865,32,1551);
INSERT INTO state_county(id,state_id,county_name_id) VALUES (1866,32,1556);
INSERT INTO state_county(id,state_id,county_name_id) VALUES (1867,32,1570);
INSERT INTO state_county(id,state_id,county_name_id) VALUES (1868,32,1618);
INSERT INTO state_county(id,state_id,county_name_id) VALUES (1869,32,1632);
INSERT INTO state_county(id,state_id,county_name_id) VALUES (1870,32,1727);
INSERT INTO state_county(id,state_id,county_name_id) VALUES (1871,32,1765);
INSERT INTO state_county(id,state_id,county_name_id) VALUES (1872,32,1802);
INSERT INTO state_county(id,state_id,county_name_id) VALUES (1873,32,1812);
INSERT INTO state_county(id,state_id,county_name_id) VALUES (1874,33,19);
INSERT INTO state_county(id,state_id,county_name_id) VALUES (1875,33,31);
INSERT INTO state_county(id,state_id,county_name_id) VALUES (1876,33,219);
INSERT INTO state_county(id,state_id,county_name_id) VALUES (1877,33,223);
INSERT INTO state_county(id,state_id,county_name_id) VALUES (1878,33,307);
INSERT INTO state_county(id,state_id,county_name_id) VALUES (1879,33,310);
INSERT INTO state_county(id,state_id,county_name_id) VALUES (1880,33,332);
INSERT INTO state_county(id,state_id,county_name_id) VALUES (1881,33,337);
INSERT INTO state_county(id,state_id,county_name_id) VALUES (1882,33,338);
INSERT INTO state_county(id,state_id,county_name_id) VALUES (1883,33,382);
INSERT INTO state_county(id,state_id,county_name_id) VALUES (1884,33,408);
INSERT INTO state_county(id,state_id,county_name_id) VALUES (1885,33,430);
INSERT INTO state_county(id,state_id,county_name_id) VALUES (1886,33,498);
INSERT INTO state_county(id,state_id,county_name_id) VALUES (1887,33,547);
INSERT INTO state_county(id,state_id,county_name_id) VALUES (1888,33,585);
INSERT INTO state_county(id,state_id,county_name_id) VALUES (1889,33,588);
INSERT INTO state_county(id,state_id,county_name_id) VALUES (1890,33,632);
INSERT INTO state_county(id,state_id,county_name_id) VALUES (1891,33,642);
INSERT INTO state_county(id,state_id,county_name_id) VALUES (1892,33,664);
INSERT INTO state_county(id,state_id,county_name_id) VALUES (1893,33,717);
INSERT INTO state_county(id,state_id,county_name_id) VALUES (1894,33,750);
INSERT INTO state_county(id,state_id,county_name_id) VALUES (1895,33,796);
INSERT INTO state_county(id,state_id,county_name_id) VALUES (1896,33,882);
INSERT INTO state_county(id,state_id,county_name_id) VALUES (1897,33,947);
INSERT INTO state_county(id,state_id,county_name_id) VALUES (1898,33,1028);
INSERT INTO state_county(id,state_id,county_name_id) VALUES (1899,33,1041);
INSERT INTO state_county(id,state_id,county_name_id) VALUES (1900,33,1076);
INSERT INTO state_county(id,state_id,county_name_id) VALUES (1901,33,1190);
INSERT INTO state_county(id,state_id,county_name_id) VALUES (1902,33,1195);
INSERT INTO state_county(id,state_id,county_name_id) VALUES (1903,33,1230);
INSERT INTO state_county(id,state_id,county_name_id) VALUES (1904,33,1247);
INSERT INTO state_county(id,state_id,county_name_id) VALUES (1905,33,1254);
INSERT INTO state_county(id,state_id,county_name_id) VALUES (1906,33,1301);
INSERT INTO state_county(id,state_id,county_name_id) VALUES (1907,33,1302);
INSERT INTO state_county(id,state_id,county_name_id) VALUES (1908,33,1304);
INSERT INTO state_county(id,state_id,county_name_id) VALUES (1909,33,1306);
INSERT INTO state_county(id,state_id,county_name_id) VALUES (1910,33,1309);
INSERT INTO state_county(id,state_id,county_name_id) VALUES (1911,33,1316);
INSERT INTO state_county(id,state_id,county_name_id) VALUES (1912,33,1319);
INSERT INTO state_county(id,state_id,county_name_id) VALUES (1913,33,1440);
INSERT INTO state_county(id,state_id,county_name_id) VALUES (1914,33,1444);
INSERT INTO state_county(id,state_id,county_name_id) VALUES (1915,33,1472);
INSERT INTO state_county(id,state_id,county_name_id) VALUES (1916,33,1483);
INSERT INTO state_county(id,state_id,county_name_id) VALUES (1917,33,1506);
INSERT INTO state_county(id,state_id,county_name_id) VALUES (1918,33,1660);
INSERT INTO state_county(id,state_id,county_name_id) VALUES (1919,33,1574);
INSERT INTO state_county(id,state_id,county_name_id) VALUES (1920,33,1580);
INSERT INTO state_county(id,state_id,county_name_id) VALUES (1921,33,1583);
INSERT INTO state_county(id,state_id,county_name_id) VALUES (1922,33,1585);
INSERT INTO state_county(id,state_id,county_name_id) VALUES (1923,33,1597);
INSERT INTO state_county(id,state_id,county_name_id) VALUES (1924,33,1684);
INSERT INTO state_county(id,state_id,county_name_id) VALUES (1925,33,1698);
INSERT INTO state_county(id,state_id,county_name_id) VALUES (1926,33,1699);
INSERT INTO state_county(id,state_id,county_name_id) VALUES (1927,33,1750);
INSERT INTO state_county(id,state_id,county_name_id) VALUES (1928,33,1761);
INSERT INTO state_county(id,state_id,county_name_id) VALUES (1929,33,1799);
INSERT INTO state_county(id,state_id,county_name_id) VALUES (1930,33,1858);
INSERT INTO state_county(id,state_id,county_name_id) VALUES (1931,33,1865);
INSERT INTO state_county(id,state_id,county_name_id) VALUES (1932,33,1875);
INSERT INTO state_county(id,state_id,county_name_id) VALUES (1933,33,1887);
INSERT INTO state_county(id,state_id,county_name_id) VALUES (1934,33,1943);
INSERT INTO state_county(id,state_id,county_name_id) VALUES (1935,33,1953);
INSERT INTO state_county(id,state_id,county_name_id) VALUES (1936,34,16);
INSERT INTO state_county(id,state_id,county_name_id) VALUES (1937,34,25);
INSERT INTO state_county(id,state_id,county_name_id) VALUES (1938,34,32);
INSERT INTO state_county(id,state_id,county_name_id) VALUES (1939,34,52);
INSERT INTO state_county(id,state_id,county_name_id) VALUES (1940,34,72);
INSERT INTO state_county(id,state_id,county_name_id) VALUES (1941,34,92);
INSERT INTO state_county(id,state_id,county_name_id) VALUES (1942,34,132);
INSERT INTO state_county(id,state_id,county_name_id) VALUES (1943,34,159);
INSERT INTO state_county(id,state_id,county_name_id) VALUES (1944,34,170);
INSERT INTO state_county(id,state_id,county_name_id) VALUES (1945,34,228);
INSERT INTO state_county(id,state_id,county_name_id) VALUES (1946,34,239);
INSERT INTO state_county(id,state_id,county_name_id) VALUES (1947,34,241);
INSERT INTO state_county(id,state_id,county_name_id) VALUES (1948,34,251);
INSERT INTO state_county(id,state_id,county_name_id) VALUES (1949,34,260);
INSERT INTO state_county(id,state_id,county_name_id) VALUES (1950,34,271);
INSERT INTO state_county(id,state_id,county_name_id) VALUES (1951,34,294);
INSERT INTO state_county(id,state_id,county_name_id) VALUES (1952,34,301);
INSERT INTO state_county(id,state_id,county_name_id) VALUES (1953,34,304);
INSERT INTO state_county(id,state_id,county_name_id) VALUES (1954,34,329);
INSERT INTO state_county(id,state_id,county_name_id) VALUES (1955,34,339);
INSERT INTO state_county(id,state_id,county_name_id) VALUES (1956,34,355);
INSERT INTO state_county(id,state_id,county_name_id) VALUES (1957,34,373);
INSERT INTO state_county(id,state_id,county_name_id) VALUES (1958,34,380);
INSERT INTO state_county(id,state_id,county_name_id) VALUES (1959,34,410);
INSERT INTO state_county(id,state_id,county_name_id) VALUES (1960,34,445);
INSERT INTO state_county(id,state_id,county_name_id) VALUES (1961,34,461);
INSERT INTO state_county(id,state_id,county_name_id) VALUES (1962,34,463);
INSERT INTO state_county(id,state_id,county_name_id) VALUES (1963,34,476);
INSERT INTO state_county(id,state_id,county_name_id) VALUES (1964,34,480);
INSERT INTO state_county(id,state_id,county_name_id) VALUES (1965,34,481);
INSERT INTO state_county(id,state_id,county_name_id) VALUES (1966,34,545);
INSERT INTO state_county(id,state_id,county_name_id) VALUES (1967,34,546);
INSERT INTO state_county(id,state_id,county_name_id) VALUES (1968,34,563);
INSERT INTO state_county(id,state_id,county_name_id) VALUES (1969,34,627);
INSERT INTO state_county(id,state_id,county_name_id) VALUES (1970,34,632);
INSERT INTO state_county(id,state_id,county_name_id) VALUES (1971,34,659);
INSERT INTO state_county(id,state_id,county_name_id) VALUES (1972,34,660);
INSERT INTO state_county(id,state_id,county_name_id) VALUES (1973,34,698);
INSERT INTO state_county(id,state_id,county_name_id) VALUES (1974,34,707);
INSERT INTO state_county(id,state_id,county_name_id) VALUES (1975,34,717);
INSERT INTO state_county(id,state_id,county_name_id) VALUES (1976,34,737);
INSERT INTO state_county(id,state_id,county_name_id) VALUES (1977,34,747);
INSERT INTO state_county(id,state_id,county_name_id) VALUES (1978,34,770);
INSERT INTO state_county(id,state_id,county_name_id) VALUES (1979,34,786);
INSERT INTO state_county(id,state_id,county_name_id) VALUES (1980,34,790);
INSERT INTO state_county(id,state_id,county_name_id) VALUES (1981,34,798);
INSERT INTO state_county(id,state_id,county_name_id) VALUES (1982,34,814);
INSERT INTO state_county(id,state_id,county_name_id) VALUES (1983,34,846);
INSERT INTO state_county(id,state_id,county_name_id) VALUES (1984,34,860);
INSERT INTO state_county(id,state_id,county_name_id) VALUES (1985,34,875);
INSERT INTO state_county(id,state_id,county_name_id) VALUES (1986,34,897);
INSERT INTO state_county(id,state_id,county_name_id) VALUES (1987,34,898);
INSERT INTO state_county(id,state_id,county_name_id) VALUES (1988,34,1016);
INSERT INTO state_county(id,state_id,county_name_id) VALUES (1989,34,1022);
INSERT INTO state_county(id,state_id,county_name_id) VALUES (1990,34,1034);
INSERT INTO state_county(id,state_id,county_name_id) VALUES (1991,34,1126);
INSERT INTO state_county(id,state_id,county_name_id) VALUES (1992,34,1073);
INSERT INTO state_county(id,state_id,county_name_id) VALUES (1993,34,1076);
INSERT INTO state_county(id,state_id,county_name_id) VALUES (1994,34,1103);
INSERT INTO state_county(id,state_id,county_name_id) VALUES (1995,34,1142);
INSERT INTO state_county(id,state_id,county_name_id) VALUES (1996,34,1179);
INSERT INTO state_county(id,state_id,county_name_id) VALUES (1997,34,1195);
INSERT INTO state_county(id,state_id,county_name_id) VALUES (1998,34,1200);
INSERT INTO state_county(id,state_id,county_name_id) VALUES (1999,34,1229);
INSERT INTO state_county(id,state_id,county_name_id) VALUES (2000,34,1242);
INSERT INTO state_county(id,state_id,county_name_id) VALUES (2001,34,1267);
INSERT INTO state_county(id,state_id,county_name_id) VALUES (2002,34,1303);
INSERT INTO state_county(id,state_id,county_name_id) VALUES (2003,34,1306);
INSERT INTO state_county(id,state_id,county_name_id) VALUES (2004,34,1338);
INSERT INTO state_county(id,state_id,county_name_id) VALUES (2005,34,1345);
INSERT INTO state_county(id,state_id,county_name_id) VALUES (2006,34,1359);
INSERT INTO state_county(id,state_id,county_name_id) VALUES (2007,34,1367);
INSERT INTO state_county(id,state_id,county_name_id) VALUES (2008,34,1370);
INSERT INTO state_county(id,state_id,county_name_id) VALUES (2009,34,1391);
INSERT INTO state_county(id,state_id,county_name_id) VALUES (2010,34,1404);
INSERT INTO state_county(id,state_id,county_name_id) VALUES (2011,34,1454);
INSERT INTO state_county(id,state_id,county_name_id) VALUES (2012,34,1483);
INSERT INTO state_county(id,state_id,county_name_id) VALUES (2013,34,1499);
INSERT INTO state_county(id,state_id,county_name_id) VALUES (2014,34,1505);
INSERT INTO state_county(id,state_id,county_name_id) VALUES (2015,34,1520);
INSERT INTO state_county(id,state_id,county_name_id) VALUES (2016,34,1525);
INSERT INTO state_county(id,state_id,county_name_id) VALUES (2017,34,1542);
INSERT INTO state_county(id,state_id,county_name_id) VALUES (2018,34,1588);
INSERT INTO state_county(id,state_id,county_name_id) VALUES (2019,34,1672);
INSERT INTO state_county(id,state_id,county_name_id) VALUES (2020,34,1689);
INSERT INTO state_county(id,state_id,county_name_id) VALUES (2021,34,1706);
INSERT INTO state_county(id,state_id,county_name_id) VALUES (2022,34,1712);
INSERT INTO state_county(id,state_id,county_name_id) VALUES (2023,34,1769);
INSERT INTO state_county(id,state_id,county_name_id) VALUES (2024,34,1796);
INSERT INTO state_county(id,state_id,county_name_id) VALUES (2025,34,1802);
INSERT INTO state_county(id,state_id,county_name_id) VALUES (2026,34,1817);
INSERT INTO state_county(id,state_id,county_name_id) VALUES (2027,34,1843);
INSERT INTO state_county(id,state_id,county_name_id) VALUES (2028,34,1858);
INSERT INTO state_county(id,state_id,county_name_id) VALUES (2029,34,1865);
INSERT INTO state_county(id,state_id,county_name_id) VALUES (2030,34,1870);
INSERT INTO state_county(id,state_id,county_name_id) VALUES (2031,34,1875);
INSERT INTO state_county(id,state_id,county_name_id) VALUES (2032,34,1908);
INSERT INTO state_county(id,state_id,county_name_id) VALUES (2033,34,1917);
INSERT INTO state_county(id,state_id,county_name_id) VALUES (2034,34,1946);
INSERT INTO state_county(id,state_id,county_name_id) VALUES (2035,34,1951);
INSERT INTO state_county(id,state_id,county_name_id) VALUES (2036,35,6);
INSERT INTO state_county(id,state_id,county_name_id) VALUES (2037,35,111);
INSERT INTO state_county(id,state_id,county_name_id) VALUES (2038,35,149);
INSERT INTO state_county(id,state_id,county_name_id) VALUES (2039,35,166);
INSERT INTO state_county(id,state_id,county_name_id) VALUES (2040,35,191);
INSERT INTO state_county(id,state_id,county_name_id) VALUES (2041,35,196);
INSERT INTO state_county(id,state_id,county_name_id) VALUES (2042,35,241);
INSERT INTO state_county(id,state_id,county_name_id) VALUES (2043,35,242);
INSERT INTO state_county(id,state_id,county_name_id) VALUES (2044,35,298);
INSERT INTO state_county(id,state_id,county_name_id) VALUES (2045,35,308);
INSERT INTO state_county(id,state_id,county_name_id) VALUES (2046,35,513);
INSERT INTO state_county(id,state_id,county_name_id) VALUES (2047,35,521);
INSERT INTO state_county(id,state_id,county_name_id) VALUES (2048,35,543);
INSERT INTO state_county(id,state_id,county_name_id) VALUES (2049,35,561);
INSERT INTO state_county(id,state_id,county_name_id) VALUES (2050,35,582);
INSERT INTO state_county(id,state_id,county_name_id) VALUES (2051,35,629);
INSERT INTO state_county(id,state_id,county_name_id) VALUES (2052,35,686);
INSERT INTO state_county(id,state_id,county_name_id) VALUES (2053,35,701);
INSERT INTO state_county(id,state_id,county_name_id) VALUES (2054,35,705);
INSERT INTO state_county(id,state_id,county_name_id) VALUES (2055,35,727);
INSERT INTO state_county(id,state_id,county_name_id) VALUES (2056,35,799);
INSERT INTO state_county(id,state_id,county_name_id) VALUES (2057,35,938);
INSERT INTO state_county(id,state_id,county_name_id) VALUES (2058,35,985);
INSERT INTO state_county(id,state_id,county_name_id) VALUES (2059,35,1044);
INSERT INTO state_county(id,state_id,county_name_id) VALUES (2060,35,1128);
INSERT INTO state_county(id,state_id,county_name_id) VALUES (2061,35,1129);
INSERT INTO state_county(id,state_id,county_name_id) VALUES (2062,35,1131);
INSERT INTO state_county(id,state_id,county_name_id) VALUES (2063,35,1133);
INSERT INTO state_county(id,state_id,county_name_id) VALUES (2064,35,1153);
INSERT INTO state_county(id,state_id,county_name_id) VALUES (2065,35,1209);
INSERT INTO state_county(id,state_id,county_name_id) VALUES (2066,35,1212);
INSERT INTO state_county(id,state_id,county_name_id) VALUES (2067,35,1235);
INSERT INTO state_county(id,state_id,county_name_id) VALUES (2068,35,1299);
INSERT INTO state_county(id,state_id,county_name_id) VALUES (2069,35,1356);
INSERT INTO state_county(id,state_id,county_name_id) VALUES (2070,35,1382);
INSERT INTO state_county(id,state_id,county_name_id) VALUES (2071,35,1452);
INSERT INTO state_county(id,state_id,county_name_id) VALUES (2072,35,1456);
INSERT INTO state_county(id,state_id,county_name_id) VALUES (2073,35,1473);
INSERT INTO state_county(id,state_id,county_name_id) VALUES (2074,35,1480);
INSERT INTO state_county(id,state_id,county_name_id) VALUES (2075,35,1510);
INSERT INTO state_county(id,state_id,county_name_id) VALUES (2076,35,1575);
INSERT INTO state_county(id,state_id,county_name_id) VALUES (2077,35,1613);
INSERT INTO state_county(id,state_id,county_name_id) VALUES (2078,35,1621);
INSERT INTO state_county(id,state_id,county_name_id) VALUES (2079,35,1627);
INSERT INTO state_county(id,state_id,county_name_id) VALUES (2080,35,1674);
INSERT INTO state_county(id,state_id,county_name_id) VALUES (2081,35,1680);
INSERT INTO state_county(id,state_id,county_name_id) VALUES (2082,35,1695);
INSERT INTO state_county(id,state_id,county_name_id) VALUES (2083,35,1766);
INSERT INTO state_county(id,state_id,county_name_id) VALUES (2084,35,1768);
INSERT INTO state_county(id,state_id,county_name_id) VALUES (2085,35,1851);
INSERT INTO state_county(id,state_id,county_name_id) VALUES (2086,35,1856);
INSERT INTO state_county(id,state_id,county_name_id) VALUES (2087,35,1883);
INSERT INTO state_county(id,state_id,county_name_id) VALUES (2088,35,1913);
INSERT INTO state_county(id,state_id,county_name_id) VALUES (2089,36,6);
INSERT INTO state_county(id,state_id,county_name_id) VALUES (2090,36,34);
INSERT INTO state_county(id,state_id,county_name_id) VALUES (2091,36,73);
INSERT INTO state_county(id,state_id,county_name_id) VALUES (2092,36,75);
INSERT INTO state_county(id,state_id,county_name_id) VALUES (2093,36,80);
INSERT INTO state_county(id,state_id,county_name_id) VALUES (2094,36,87);
INSERT INTO state_county(id,state_id,county_name_id) VALUES (2095,36,143);
INSERT INTO state_county(id,state_id,county_name_id) VALUES (2096,36,226);
INSERT INTO state_county(id,state_id,county_name_id) VALUES (2097,36,248);
INSERT INTO state_county(id,state_id,county_name_id) VALUES (2098,36,290);
INSERT INTO state_county(id,state_id,county_name_id) VALUES (2099,36,318);
INSERT INTO state_county(id,state_id,county_name_id) VALUES (2100,36,370);
INSERT INTO state_county(id,state_id,county_name_id) VALUES (2101,36,379);
INSERT INTO state_county(id,state_id,county_name_id) VALUES (2102,36,382);
INSERT INTO state_county(id,state_id,county_name_id) VALUES (2103,36,409);
INSERT INTO state_county(id,state_id,county_name_id) VALUES (2104,36,432);
INSERT INTO state_county(id,state_id,county_name_id) VALUES (2105,36,446);
INSERT INTO state_county(id,state_id,county_name_id) VALUES (2106,36,466);
INSERT INTO state_county(id,state_id,county_name_id) VALUES (2107,36,477);
INSERT INTO state_county(id,state_id,county_name_id) VALUES (2108,36,495);
INSERT INTO state_county(id,state_id,county_name_id) VALUES (2109,36,498);
INSERT INTO state_county(id,state_id,county_name_id) VALUES (2110,36,585);
INSERT INTO state_county(id,state_id,county_name_id) VALUES (2111,36,597);
INSERT INTO state_county(id,state_id,county_name_id) VALUES (2112,36,608);
INSERT INTO state_county(id,state_id,county_name_id) VALUES (2113,36,632);
INSERT INTO state_county(id,state_id,county_name_id) VALUES (2114,36,642);
INSERT INTO state_county(id,state_id,county_name_id) VALUES (2115,36,649);
INSERT INTO state_county(id,state_id,county_name_id) VALUES (2116,36,662);
INSERT INTO state_county(id,state_id,county_name_id) VALUES (2117,36,717);
INSERT INTO state_county(id,state_id,county_name_id) VALUES (2118,36,736);
INSERT INTO state_county(id,state_id,county_name_id) VALUES (2119,36,750);
INSERT INTO state_county(id,state_id,county_name_id) VALUES (2120,36,756);
INSERT INTO state_county(id,state_id,county_name_id) VALUES (2121,36,764);
INSERT INTO state_county(id,state_id,county_name_id) VALUES (2122,36,774);
INSERT INTO state_county(id,state_id,county_name_id) VALUES (2123,36,795);
INSERT INTO state_county(id,state_id,county_name_id) VALUES (2124,36,803);
INSERT INTO state_county(id,state_id,county_name_id) VALUES (2125,36,811);
INSERT INTO state_county(id,state_id,county_name_id) VALUES (2126,36,815);
INSERT INTO state_county(id,state_id,county_name_id) VALUES (2127,36,844);
INSERT INTO state_county(id,state_id,county_name_id) VALUES (2128,36,875);
INSERT INTO state_county(id,state_id,county_name_id) VALUES (2129,36,882);
INSERT INTO state_county(id,state_id,county_name_id) VALUES (2130,36,959);
INSERT INTO state_county(id,state_id,county_name_id) VALUES (2131,36,980);
INSERT INTO state_county(id,state_id,county_name_id) VALUES (2132,36,1009);
INSERT INTO state_county(id,state_id,county_name_id) VALUES (2133,36,1032);
INSERT INTO state_county(id,state_id,county_name_id) VALUES (2134,36,1044);
INSERT INTO state_county(id,state_id,county_name_id) VALUES (2135,36,1048);
INSERT INTO state_county(id,state_id,county_name_id) VALUES (2136,36,1059);
INSERT INTO state_county(id,state_id,county_name_id) VALUES (2137,36,1076);
INSERT INTO state_county(id,state_id,county_name_id) VALUES (2138,36,1081);
INSERT INTO state_county(id,state_id,county_name_id) VALUES (2139,36,1098);
INSERT INTO state_county(id,state_id,county_name_id) VALUES (2140,36,1144);
INSERT INTO state_county(id,state_id,county_name_id) VALUES (2141,36,1146);
INSERT INTO state_county(id,state_id,county_name_id) VALUES (2142,36,1153);
INSERT INTO state_county(id,state_id,county_name_id) VALUES (2143,36,1159);
INSERT INTO state_county(id,state_id,county_name_id) VALUES (2144,36,1190);
INSERT INTO state_county(id,state_id,county_name_id) VALUES (2145,36,1195);
INSERT INTO state_county(id,state_id,county_name_id) VALUES (2146,36,1203);
INSERT INTO state_county(id,state_id,county_name_id) VALUES (2147,36,1208);
INSERT INTO state_county(id,state_id,county_name_id) VALUES (2148,36,1220);
INSERT INTO state_county(id,state_id,county_name_id) VALUES (2149,36,1258);
INSERT INTO state_county(id,state_id,county_name_id) VALUES (2150,36,1320);
INSERT INTO state_county(id,state_id,county_name_id) VALUES (2151,36,1349);
INSERT INTO state_county(id,state_id,county_name_id) VALUES (2152,36,1368);
INSERT INTO state_county(id,state_id,county_name_id) VALUES (2153,36,1379);
INSERT INTO state_county(id,state_id,county_name_id) VALUES (2154,36,1383);
INSERT INTO state_county(id,state_id,county_name_id) VALUES (2155,36,1410);
INSERT INTO state_county(id,state_id,county_name_id) VALUES (2156,36,1424);
INSERT INTO state_county(id,state_id,county_name_id) VALUES (2157,36,1440);
INSERT INTO state_county(id,state_id,county_name_id) VALUES (2158,36,1480);
INSERT INTO state_county(id,state_id,county_name_id) VALUES (2159,36,1517);
INSERT INTO state_county(id,state_id,county_name_id) VALUES (2160,36,1563);
INSERT INTO state_county(id,state_id,county_name_id) VALUES (2161,36,1587);
INSERT INTO state_county(id,state_id,county_name_id) VALUES (2162,36,1597);
INSERT INTO state_county(id,state_id,county_name_id) VALUES (2163,36,1610);
INSERT INTO state_county(id,state_id,county_name_id) VALUES (2164,36,1674);
INSERT INTO state_county(id,state_id,county_name_id) VALUES (2165,36,1702);
INSERT INTO state_county(id,state_id,county_name_id) VALUES (2166,36,1783);
INSERT INTO state_county(id,state_id,county_name_id) VALUES (2167,36,1791);
INSERT INTO state_county(id,state_id,county_name_id) VALUES (2168,36,1802);
INSERT INTO state_county(id,state_id,county_name_id) VALUES (2169,36,1815);
INSERT INTO state_county(id,state_id,county_name_id) VALUES (2170,36,1833);
INSERT INTO state_county(id,state_id,county_name_id) VALUES (2171,36,1858);
INSERT INTO state_county(id,state_id,county_name_id) VALUES (2172,36,1865);
INSERT INTO state_county(id,state_id,county_name_id) VALUES (2173,36,1875);
INSERT INTO state_county(id,state_id,county_name_id) VALUES (2174,36,1913);
INSERT INTO state_county(id,state_id,county_name_id) VALUES (2175,36,1930);
INSERT INTO state_county(id,state_id,county_name_id) VALUES (2176,36,1941);
INSERT INTO state_county(id,state_id,county_name_id) VALUES (2177,37,5);
INSERT INTO state_county(id,state_id,county_name_id) VALUES (2178,37,27);
INSERT INTO state_county(id,state_id,county_name_id) VALUES (2179,37,83);
INSERT INTO state_county(id,state_id,county_name_id) VALUES (2180,37,134);
INSERT INTO state_county(id,state_id,county_name_id) VALUES (2181,37,137);
INSERT INTO state_county(id,state_id,county_name_id) VALUES (2182,37,171);
INSERT INTO state_county(id,state_id,county_name_id) VALUES (2183,37,229);
INSERT INTO state_county(id,state_id,county_name_id) VALUES (2184,37,255);
INSERT INTO state_county(id,state_id,county_name_id) VALUES (2185,37,277);
INSERT INTO state_county(id,state_id,county_name_id) VALUES (2186,37,293);
INSERT INTO state_county(id,state_id,county_name_id) VALUES (2187,37,339);
INSERT INTO state_county(id,state_id,county_name_id) VALUES (2188,37,353);
INSERT INTO state_county(id,state_id,county_name_id) VALUES (2189,37,361);
INSERT INTO state_county(id,state_id,county_name_id) VALUES (2190,37,380);
INSERT INTO state_county(id,state_id,county_name_id) VALUES (2191,37,385);
INSERT INTO state_county(id,state_id,county_name_id) VALUES (2192,37,413);
INSERT INTO state_county(id,state_id,county_name_id) VALUES (2193,37,435);
INSERT INTO state_county(id,state_id,county_name_id) VALUES (2194,37,442);
INSERT INTO state_county(id,state_id,county_name_id) VALUES (2195,37,447);
INSERT INTO state_county(id,state_id,county_name_id) VALUES (2196,37,465);
INSERT INTO state_county(id,state_id,county_name_id) VALUES (2197,37,498);
INSERT INTO state_county(id,state_id,county_name_id) VALUES (2198,37,509);
INSERT INTO state_county(id,state_id,county_name_id) VALUES (2199,37,576);
INSERT INTO state_county(id,state_id,county_name_id) VALUES (2200,37,652);
INSERT INTO state_county(id,state_id,county_name_id) VALUES (2201,37,656);
INSERT INTO state_county(id,state_id,county_name_id) VALUES (2202,37,696);
INSERT INTO state_county(id,state_id,county_name_id) VALUES (2203,37,705);
INSERT INTO state_county(id,state_id,county_name_id) VALUES (2204,37,723);
INSERT INTO state_county(id,state_id,county_name_id) VALUES (2205,37,769);
INSERT INTO state_county(id,state_id,county_name_id) VALUES (2206,37,772);
INSERT INTO state_county(id,state_id,county_name_id) VALUES (2207,37,780);
INSERT INTO state_county(id,state_id,county_name_id) VALUES (2208,37,836);
INSERT INTO state_county(id,state_id,county_name_id) VALUES (2209,37,875);
INSERT INTO state_county(id,state_id,county_name_id) VALUES (2210,37,882);
INSERT INTO state_county(id,state_id,county_name_id) VALUES (2211,37,897);
INSERT INTO state_county(id,state_id,county_name_id) VALUES (2212,37,918);
INSERT INTO state_county(id,state_id,county_name_id) VALUES (2213,37,945);
INSERT INTO state_county(id,state_id,county_name_id) VALUES (2214,37,950);
INSERT INTO state_county(id,state_id,county_name_id) VALUES (2215,37,1004);
INSERT INTO state_county(id,state_id,county_name_id) VALUES (2216,37,1010);
INSERT INTO state_county(id,state_id,county_name_id) VALUES (2217,37,1034);
INSERT INTO state_county(id,state_id,county_name_id) VALUES (2218,37,1044);
INSERT INTO state_county(id,state_id,county_name_id) VALUES (2219,37,1055);
INSERT INTO state_county(id,state_id,county_name_id) VALUES (2220,37,1116);
INSERT INTO state_county(id,state_id,county_name_id) VALUES (2221,37,1123);
INSERT INTO state_county(id,state_id,county_name_id) VALUES (2222,37,1129);
INSERT INTO state_county(id,state_id,county_name_id) VALUES (2223,37,1082);
INSERT INTO state_county(id,state_id,county_name_id) VALUES (2224,37,1102);
INSERT INTO state_county(id,state_id,county_name_id) VALUES (2225,37,1115);
INSERT INTO state_county(id,state_id,county_name_id) VALUES (2226,37,1216);
INSERT INTO state_county(id,state_id,county_name_id) VALUES (2227,37,1221);
INSERT INTO state_county(id,state_id,county_name_id) VALUES (2228,37,1258);
INSERT INTO state_county(id,state_id,county_name_id) VALUES (2229,37,1274);
INSERT INTO state_county(id,state_id,county_name_id) VALUES (2230,37,1294);
INSERT INTO state_county(id,state_id,county_name_id) VALUES (2231,37,1295);
INSERT INTO state_county(id,state_id,county_name_id) VALUES (2232,37,1296);
INSERT INTO state_county(id,state_id,county_name_id) VALUES (2233,37,1312);
INSERT INTO state_county(id,state_id,county_name_id) VALUES (2234,37,1320);
INSERT INTO state_county(id,state_id,county_name_id) VALUES (2235,37,1350);
INSERT INTO state_county(id,state_id,county_name_id) VALUES (2236,37,1352);
INSERT INTO state_county(id,state_id,county_name_id) VALUES (2237,37,1392);
INSERT INTO state_county(id,state_id,county_name_id) VALUES (2238,37,1407);
INSERT INTO state_county(id,state_id,county_name_id) VALUES (2239,37,1414);
INSERT INTO state_county(id,state_id,county_name_id) VALUES (2240,37,1439);
INSERT INTO state_county(id,state_id,county_name_id) VALUES (2241,37,1508);
INSERT INTO state_county(id,state_id,county_name_id) VALUES (2242,37,1509);
INSERT INTO state_county(id,state_id,county_name_id) VALUES (2243,37,1596);
INSERT INTO state_county(id,state_id,county_name_id) VALUES (2244,37,1599);
INSERT INTO state_county(id,state_id,county_name_id) VALUES (2245,37,1681);
INSERT INTO state_county(id,state_id,county_name_id) VALUES (2246,37,1741);
INSERT INTO state_county(id,state_id,county_name_id) VALUES (2247,37,1748);
INSERT INTO state_county(id,state_id,county_name_id) VALUES (2248,37,1786);
INSERT INTO state_county(id,state_id,county_name_id) VALUES (2249,37,1841);
INSERT INTO state_county(id,state_id,county_name_id) VALUES (2250,37,1865);
INSERT INTO state_county(id,state_id,county_name_id) VALUES (2251,37,1867);
INSERT INTO state_county(id,state_id,county_name_id) VALUES (2252,37,1934);
INSERT INTO state_county(id,state_id,county_name_id) VALUES (2253,37,1936);
INSERT INTO state_county(id,state_id,county_name_id) VALUES (2254,38,97);
INSERT INTO state_county(id,state_id,county_name_id) VALUES (2255,38,151);
INSERT INTO state_county(id,state_id,county_name_id) VALUES (2256,38,363);
INSERT INTO state_county(id,state_id,county_name_id) VALUES (2257,38,372);
INSERT INTO state_county(id,state_id,county_name_id) VALUES (2258,38,408);
INSERT INTO state_county(id,state_id,county_name_id) VALUES (2259,38,425);
INSERT INTO state_county(id,state_id,county_name_id) VALUES (2260,38,452);
INSERT INTO state_county(id,state_id,county_name_id) VALUES (2261,38,464);
INSERT INTO state_county(id,state_id,county_name_id) VALUES (2262,38,505);
INSERT INTO state_county(id,state_id,county_name_id) VALUES (2263,38,535);
INSERT INTO state_county(id,state_id,county_name_id) VALUES (2264,38,674);
INSERT INTO state_county(id,state_id,county_name_id) VALUES (2265,38,705);
INSERT INTO state_county(id,state_id,county_name_id) VALUES (2266,38,771);
INSERT INTO state_county(id,state_id,county_name_id) VALUES (2267,38,819);
INSERT INTO state_county(id,state_id,county_name_id) VALUES (2268,38,875);
INSERT INTO state_county(id,state_id,county_name_id) VALUES (2269,38,882);
INSERT INTO state_county(id,state_id,county_name_id) VALUES (2270,38,899);
INSERT INTO state_county(id,state_id,county_name_id) VALUES (2271,38,955);
INSERT INTO state_county(id,state_id,county_name_id) VALUES (2272,38,980);
INSERT INTO state_county(id,state_id,county_name_id) VALUES (2273,38,989);
INSERT INTO state_county(id,state_id,county_name_id) VALUES (2274,38,1034);
INSERT INTO state_county(id,state_id,county_name_id) VALUES (2275,38,1036);
INSERT INTO state_county(id,state_id,county_name_id) VALUES (2276,38,1083);
INSERT INTO state_county(id,state_id,county_name_id) VALUES (2277,38,1098);
INSERT INTO state_county(id,state_id,county_name_id) VALUES (2278,38,1208);
INSERT INTO state_county(id,state_id,county_name_id) VALUES (2279,38,1215);
INSERT INTO state_county(id,state_id,county_name_id) VALUES (2280,38,1404);
INSERT INTO state_county(id,state_id,county_name_id) VALUES (2281,38,1614);
INSERT INTO state_county(id,state_id,county_name_id) VALUES (2282,38,1747);
INSERT INTO state_county(id,state_id,county_name_id) VALUES (2283,38,1800);
INSERT INTO state_county(id,state_id,county_name_id) VALUES (2284,38,1802);
INSERT INTO state_county(id,state_id,county_name_id) VALUES (2285,38,1850);
INSERT INTO state_county(id,state_id,county_name_id) VALUES (2286,38,1861);
INSERT INTO state_county(id,state_id,county_name_id) VALUES (2287,38,1865);
INSERT INTO state_county(id,state_id,county_name_id) VALUES (2288,38,1896);
INSERT INTO state_county(id,state_id,county_name_id) VALUES (2289,38,1950);
INSERT INTO state_county(id,state_id,county_name_id) VALUES (2290,39,6);
INSERT INTO state_county(id,state_id,county_name_id) VALUES (2291,39,33);
INSERT INTO state_county(id,state_id,county_name_id) VALUES (2292,39,67);
INSERT INTO state_county(id,state_id,county_name_id) VALUES (2293,39,134);
INSERT INTO state_county(id,state_id,county_name_id) VALUES (2294,39,139);
INSERT INTO state_county(id,state_id,county_name_id) VALUES (2295,39,155);
INSERT INTO state_county(id,state_id,county_name_id) VALUES (2296,39,172);
INSERT INTO state_county(id,state_id,county_name_id) VALUES (2297,39,202);
INSERT INTO state_county(id,state_id,county_name_id) VALUES (2298,39,232);
INSERT INTO state_county(id,state_id,county_name_id) VALUES (2299,39,248);
INSERT INTO state_county(id,state_id,county_name_id) VALUES (2300,39,270);
INSERT INTO state_county(id,state_id,county_name_id) VALUES (2301,39,272);
INSERT INTO state_county(id,state_id,county_name_id) VALUES (2302,39,284);
INSERT INTO state_county(id,state_id,county_name_id) VALUES (2303,39,314);
INSERT INTO state_county(id,state_id,county_name_id) VALUES (2304,39,343);
INSERT INTO state_county(id,state_id,county_name_id) VALUES (2305,39,369);
INSERT INTO state_county(id,state_id,county_name_id) VALUES (2306,39,376);
INSERT INTO state_county(id,state_id,county_name_id) VALUES (2307,39,382);
INSERT INTO state_county(id,state_id,county_name_id) VALUES (2308,39,408);
INSERT INTO state_county(id,state_id,county_name_id) VALUES (2309,39,446);
INSERT INTO state_county(id,state_id,county_name_id) VALUES (2310,39,461);
INSERT INTO state_county(id,state_id,county_name_id) VALUES (2311,39,479);
INSERT INTO state_county(id,state_id,county_name_id) VALUES (2312,39,498);
INSERT INTO state_county(id,state_id,county_name_id) VALUES (2313,39,572);
INSERT INTO state_county(id,state_id,county_name_id) VALUES (2314,39,585);
INSERT INTO state_county(id,state_id,county_name_id) VALUES (2315,39,608);
INSERT INTO state_county(id,state_id,county_name_id) VALUES (2316,39,625);
INSERT INTO state_county(id,state_id,county_name_id) VALUES (2317,39,632);
INSERT INTO state_county(id,state_id,county_name_id) VALUES (2318,39,642);
INSERT INTO state_county(id,state_id,county_name_id) VALUES (2319,39,717);
INSERT INTO state_county(id,state_id,county_name_id) VALUES (2320,39,842);
INSERT INTO state_county(id,state_id,county_name_id) VALUES (2321,39,854);
INSERT INTO state_county(id,state_id,county_name_id) VALUES (2322,39,882);
INSERT INTO state_county(id,state_id,county_name_id) VALUES (2323,39,906);
INSERT INTO state_county(id,state_id,county_name_id) VALUES (2324,39,972);
INSERT INTO state_county(id,state_id,county_name_id) VALUES (2325,39,987);
INSERT INTO state_county(id,state_id,county_name_id) VALUES (2326,39,1009);
INSERT INTO state_county(id,state_id,county_name_id) VALUES (2327,39,1015);
INSERT INTO state_county(id,state_id,county_name_id) VALUES (2328,39,1019);
INSERT INTO state_county(id,state_id,county_name_id) VALUES (2329,39,1065);
INSERT INTO state_county(id,state_id,county_name_id) VALUES (2330,39,1066);
INSERT INTO state_county(id,state_id,county_name_id) VALUES (2331,39,1130);
INSERT INTO state_county(id,state_id,county_name_id) VALUES (2332,39,1153);
INSERT INTO state_county(id,state_id,county_name_id) VALUES (2333,39,1164);
INSERT INTO state_county(id,state_id,county_name_id) VALUES (2334,39,1190);
INSERT INTO state_county(id,state_id,county_name_id) VALUES (2335,39,1195);
INSERT INTO state_county(id,state_id,county_name_id) VALUES (2336,39,1197);
INSERT INTO state_county(id,state_id,county_name_id) VALUES (2337,39,1267);
INSERT INTO state_county(id,state_id,county_name_id) VALUES (2338,39,1269);
INSERT INTO state_county(id,state_id,county_name_id) VALUES (2339,39,1368);
INSERT INTO state_county(id,state_id,county_name_id) VALUES (2340,39,1376);
INSERT INTO state_county(id,state_id,county_name_id) VALUES (2341,39,1383);
INSERT INTO state_county(id,state_id,county_name_id) VALUES (2342,39,1416);
INSERT INTO state_county(id,state_id,county_name_id) VALUES (2343,39,1586);
INSERT INTO state_county(id,state_id,county_name_id) VALUES (2344,39,1631);
INSERT INTO state_county(id,state_id,county_name_id) VALUES (2345,39,1634);
INSERT INTO state_county(id,state_id,county_name_id) VALUES (2346,39,1699);
INSERT INTO state_county(id,state_id,county_name_id) VALUES (2347,39,1707);
INSERT INTO state_county(id,state_id,county_name_id) VALUES (2348,39,1750);
INSERT INTO state_county(id,state_id,county_name_id) VALUES (2349,39,1802);
INSERT INTO state_county(id,state_id,county_name_id) VALUES (2350,39,1821);
INSERT INTO state_county(id,state_id,county_name_id) VALUES (2351,39,1858);
INSERT INTO state_county(id,state_id,county_name_id) VALUES (2352,39,1865);
INSERT INTO state_county(id,state_id,county_name_id) VALUES (2353,39,1875);
INSERT INTO state_county(id,state_id,county_name_id) VALUES (2354,39,1889);
INSERT INTO state_county(id,state_id,county_name_id) VALUES (2355,39,1943);
INSERT INTO state_county(id,state_id,county_name_id) VALUES (2356,39,1962);
INSERT INTO state_county(id,state_id,county_name_id) VALUES (2357,40,217);
INSERT INTO state_county(id,state_id,county_name_id) VALUES (2358,40,928);
INSERT INTO state_county(id,state_id,county_name_id) VALUES (2359,40,1250);
INSERT INTO state_county(id,state_id,county_name_id) VALUES (2360,40,1435);
INSERT INTO state_county(id,state_id,county_name_id) VALUES (2361,40,1865);
INSERT INTO state_county(id,state_id,county_name_id) VALUES (2362,41,1);
INSERT INTO state_county(id,state_id,county_name_id) VALUES (2363,41,13);
INSERT INTO state_county(id,state_id,county_name_id) VALUES (2364,41,36);
INSERT INTO state_county(id,state_id,county_name_id) VALUES (2365,41,45);
INSERT INTO state_county(id,state_id,county_name_id) VALUES (2366,41,102);
INSERT INTO state_county(id,state_id,county_name_id) VALUES (2367,41,113);
INSERT INTO state_county(id,state_id,county_name_id) VALUES (2368,41,132);
INSERT INTO state_county(id,state_id,county_name_id) VALUES (2369,41,154);
INSERT INTO state_county(id,state_id,county_name_id) VALUES (2370,41,263);
INSERT INTO state_county(id,state_id,county_name_id) VALUES (2371,41,323);
INSERT INTO state_county(id,state_id,county_name_id) VALUES (2372,41,339);
INSERT INTO state_county(id,state_id,county_name_id) VALUES (2373,41,343);
INSERT INTO state_county(id,state_id,county_name_id) VALUES (2374,41,344);
INSERT INTO state_county(id,state_id,county_name_id) VALUES (2375,41,368);
INSERT INTO state_county(id,state_id,county_name_id) VALUES (2376,41,401);
INSERT INTO state_county(id,state_id,county_name_id) VALUES (2377,41,478);
INSERT INTO state_county(id,state_id,county_name_id) VALUES (2378,41,517);
INSERT INTO state_county(id,state_id,county_name_id) VALUES (2379,41,533);
INSERT INTO state_county(id,state_id,county_name_id) VALUES (2380,41,564);
INSERT INTO state_county(id,state_id,county_name_id) VALUES (2381,41,597);
INSERT INTO state_county(id,state_id,county_name_id) VALUES (2382,41,618);
INSERT INTO state_county(id,state_id,county_name_id) VALUES (2383,41,668);
INSERT INTO state_county(id,state_id,county_name_id) VALUES (2384,41,721);
INSERT INTO state_county(id,state_id,county_name_id) VALUES (2385,41,722);
INSERT INTO state_county(id,state_id,county_name_id) VALUES (2386,41,755);
INSERT INTO state_county(id,state_id,county_name_id) VALUES (2387,41,825);
INSERT INTO state_county(id,state_id,county_name_id) VALUES (2388,41,878);
INSERT INTO state_county(id,state_id,county_name_id) VALUES (2389,41,933);
INSERT INTO state_county(id,state_id,county_name_id) VALUES (2390,41,987);
INSERT INTO state_county(id,state_id,county_name_id) VALUES (2391,41,1007);
INSERT INTO state_county(id,state_id,county_name_id) VALUES (2392,41,1016);
INSERT INTO state_county(id,state_id,county_name_id) VALUES (2393,41,1030);
INSERT INTO state_county(id,state_id,county_name_id) VALUES (2394,41,1119);
INSERT INTO state_county(id,state_id,county_name_id) VALUES (2395,41,1098);
INSERT INTO state_county(id,state_id,county_name_id) VALUES (2396,41,1100);
INSERT INTO state_county(id,state_id,county_name_id) VALUES (2397,41,1249);
INSERT INTO state_county(id,state_id,county_name_id) VALUES (2398,41,1285);
INSERT INTO state_county(id,state_id,county_name_id) VALUES (2399,41,1307);
INSERT INTO state_county(id,state_id,county_name_id) VALUES (2400,41,1380);
INSERT INTO state_county(id,state_id,county_name_id) VALUES (2401,41,1480);
INSERT INTO state_county(id,state_id,county_name_id) VALUES (2402,41,1541);
INSERT INTO state_county(id,state_id,county_name_id) VALUES (2403,41,1640);
INSERT INTO state_county(id,state_id,county_name_id) VALUES (2404,41,1704);
INSERT INTO state_county(id,state_id,county_name_id) VALUES (2405,41,1802);
INSERT INTO state_county(id,state_id,county_name_id) VALUES (2406,41,1915);
INSERT INTO state_county(id,state_id,county_name_id) VALUES (2407,41,1962);
INSERT INTO state_county(id,state_id,county_name_id) VALUES (2408,42,89);
INSERT INTO state_county(id,state_id,county_name_id) VALUES (2409,42,130);
INSERT INTO state_county(id,state_id,county_name_id) VALUES (2410,42,147);
INSERT INTO state_county(id,state_id,county_name_id) VALUES (2411,42,182);
INSERT INTO state_county(id,state_id,county_name_id) VALUES (2412,42,221);
INSERT INTO state_county(id,state_id,county_name_id) VALUES (2413,42,226);
INSERT INTO state_county(id,state_id,county_name_id) VALUES (2414,42,227);
INSERT INTO state_county(id,state_id,county_name_id) VALUES (2415,42,235);
INSERT INTO state_county(id,state_id,county_name_id) VALUES (2416,42,249);
INSERT INTO state_county(id,state_id,county_name_id) VALUES (2417,42,275);
INSERT INTO state_county(id,state_id,county_name_id) VALUES (2418,42,322);
INSERT INTO state_county(id,state_id,county_name_id) VALUES (2419,42,370);
INSERT INTO state_county(id,state_id,county_name_id) VALUES (2420,42,373);
INSERT INTO state_county(id,state_id,county_name_id) VALUES (2421,42,392);
INSERT INTO state_county(id,state_id,county_name_id) VALUES (2422,42,429);
INSERT INTO state_county(id,state_id,county_name_id) VALUES (2423,42,465);
INSERT INTO state_county(id,state_id,county_name_id) VALUES (2424,42,484);
INSERT INTO state_county(id,state_id,county_name_id) VALUES (2425,42,487);
INSERT INTO state_county(id,state_id,county_name_id) VALUES (2426,42,508);
INSERT INTO state_county(id,state_id,county_name_id) VALUES (2427,42,509);
INSERT INTO state_county(id,state_id,county_name_id) VALUES (2428,42,535);
INSERT INTO state_county(id,state_id,county_name_id) VALUES (2429,42,566);
INSERT INTO state_county(id,state_id,county_name_id) VALUES (2430,42,599);
INSERT INTO state_county(id,state_id,county_name_id) VALUES (2431,42,605);
INSERT INTO state_county(id,state_id,county_name_id) VALUES (2432,42,705);
INSERT INTO state_county(id,state_id,county_name_id) VALUES (2433,42,725);
INSERT INTO state_county(id,state_id,county_name_id) VALUES (2434,42,743);
INSERT INTO state_county(id,state_id,county_name_id) VALUES (2435,42,751);
INSERT INTO state_county(id,state_id,county_name_id) VALUES (2436,42,757);
INSERT INTO state_county(id,state_id,county_name_id) VALUES (2437,42,760);
INSERT INTO state_county(id,state_id,county_name_id) VALUES (2438,42,765);
INSERT INTO state_county(id,state_id,county_name_id) VALUES (2439,42,836);
INSERT INTO state_county(id,state_id,county_name_id) VALUES (2440,42,845);
INSERT INTO state_county(id,state_id,county_name_id) VALUES (2441,42,846);
INSERT INTO state_county(id,state_id,county_name_id) VALUES (2442,42,875);
INSERT INTO state_county(id,state_id,county_name_id) VALUES (2443,42,888);
INSERT INTO state_county(id,state_id,county_name_id) VALUES (2444,42,898);
INSERT INTO state_county(id,state_id,county_name_id) VALUES (2445,42,948);
INSERT INTO state_county(id,state_id,county_name_id) VALUES (2446,42,980);
INSERT INTO state_county(id,state_id,county_name_id) VALUES (2447,42,1009);
INSERT INTO state_county(id,state_id,county_name_id) VALUES (2448,42,1034);
INSERT INTO state_county(id,state_id,county_name_id) VALUES (2449,42,1067);
INSERT INTO state_county(id,state_id,county_name_id) VALUES (2450,42,1118);
INSERT INTO state_county(id,state_id,county_name_id) VALUES (2451,42,1139);
INSERT INTO state_county(id,state_id,county_name_id) VALUES (2452,42,1102);
INSERT INTO state_county(id,state_id,county_name_id) VALUES (2453,42,1140);
INSERT INTO state_county(id,state_id,county_name_id) VALUES (2454,42,1147);
INSERT INTO state_county(id,state_id,county_name_id) VALUES (2455,42,1171);
INSERT INTO state_county(id,state_id,county_name_id) VALUES (2456,42,1175);
INSERT INTO state_county(id,state_id,county_name_id) VALUES (2457,42,1199);
INSERT INTO state_county(id,state_id,county_name_id) VALUES (2458,42,1361);
INSERT INTO state_county(id,state_id,county_name_id) VALUES (2459,42,1366);
INSERT INTO state_county(id,state_id,county_name_id) VALUES (2460,42,1416);
INSERT INTO state_county(id,state_id,county_name_id) VALUES (2461,42,1497);
INSERT INTO state_county(id,state_id,county_name_id) VALUES (2462,42,1560);
INSERT INTO state_county(id,state_id,county_name_id) VALUES (2463,42,1603);
INSERT INTO state_county(id,state_id,county_name_id) VALUES (2464,42,1642);
INSERT INTO state_county(id,state_id,county_name_id) VALUES (2465,42,1671);
INSERT INTO state_county(id,state_id,county_name_id) VALUES (2466,42,1700);
INSERT INTO state_county(id,state_id,county_name_id) VALUES (2467,42,1758);
INSERT INTO state_county(id,state_id,county_name_id) VALUES (2468,42,1779);
INSERT INTO state_county(id,state_id,county_name_id) VALUES (2469,42,1789);
INSERT INTO state_county(id,state_id,county_name_id) VALUES (2470,42,1802);
INSERT INTO state_county(id,state_id,county_name_id) VALUES (2471,42,1854);
INSERT INTO state_county(id,state_id,county_name_id) VALUES (2472,42,1952);
INSERT INTO state_county(id,state_id,county_name_id) VALUES (2473,42,1969);
INSERT INTO state_county(id,state_id,county_name_id) VALUES (2474,43,45);
INSERT INTO state_county(id,state_id,county_name_id) VALUES (2475,43,139);
INSERT INTO state_county(id,state_id,county_name_id) VALUES (2476,43,151);
INSERT INTO state_county(id,state_id,county_name_id) VALUES (2477,43,176);
INSERT INTO state_county(id,state_id,county_name_id) VALUES (2478,43,177);
INSERT INTO state_county(id,state_id,county_name_id) VALUES (2479,43,203);
INSERT INTO state_county(id,state_id,county_name_id) VALUES (2480,43,275);
INSERT INTO state_county(id,state_id,county_name_id) VALUES (2481,43,279);
INSERT INTO state_county(id,state_id,county_name_id) VALUES (2482,43,290);
INSERT INTO state_county(id,state_id,county_name_id) VALUES (2483,43,293);
INSERT INTO state_county(id,state_id,county_name_id) VALUES (2484,43,334);
INSERT INTO state_county(id,state_id,county_name_id) VALUES (2485,43,343);
INSERT INTO state_county(id,state_id,county_name_id) VALUES (2486,43,364);
INSERT INTO state_county(id,state_id,county_name_id) VALUES (2487,43,373);
INSERT INTO state_county(id,state_id,county_name_id) VALUES (2488,43,390);
INSERT INTO state_county(id,state_id,county_name_id) VALUES (2489,43,393);
INSERT INTO state_county(id,state_id,county_name_id) VALUES (2490,43,451);
INSERT INTO state_county(id,state_id,county_name_id) VALUES (2491,43,461);
INSERT INTO state_county(id,state_id,county_name_id) VALUES (2492,43,480);
INSERT INTO state_county(id,state_id,county_name_id) VALUES (2493,43,493);
INSERT INTO state_county(id,state_id,county_name_id) VALUES (2494,43,496);
INSERT INTO state_county(id,state_id,county_name_id) VALUES (2495,43,515);
INSERT INTO state_county(id,state_id,county_name_id) VALUES (2496,43,549);
INSERT INTO state_county(id,state_id,county_name_id) VALUES (2497,43,608);
INSERT INTO state_county(id,state_id,county_name_id) VALUES (2498,43,609);
INSERT INTO state_county(id,state_id,county_name_id) VALUES (2499,43,632);
INSERT INTO state_county(id,state_id,county_name_id) VALUES (2500,43,669);
INSERT INTO state_county(id,state_id,county_name_id) VALUES (2501,43,672);
INSERT INTO state_county(id,state_id,county_name_id) VALUES (2502,43,699);
INSERT INTO state_county(id,state_id,county_name_id) VALUES (2503,43,717);
INSERT INTO state_county(id,state_id,county_name_id) VALUES (2504,43,729);
INSERT INTO state_county(id,state_id,county_name_id) VALUES (2505,43,749);
INSERT INTO state_county(id,state_id,county_name_id) VALUES (2506,43,750);
INSERT INTO state_county(id,state_id,county_name_id) VALUES (2507,43,756);
INSERT INTO state_county(id,state_id,county_name_id) VALUES (2508,43,763);
INSERT INTO state_county(id,state_id,county_name_id) VALUES (2509,43,764);
INSERT INTO state_county(id,state_id,county_name_id) VALUES (2510,43,783);
INSERT INTO state_county(id,state_id,county_name_id) VALUES (2511,43,786);
INSERT INTO state_county(id,state_id,county_name_id) VALUES (2512,43,790);
INSERT INTO state_county(id,state_id,county_name_id) VALUES (2513,43,795);
INSERT INTO state_county(id,state_id,county_name_id) VALUES (2514,43,800);
INSERT INTO state_county(id,state_id,county_name_id) VALUES (2515,43,829);
INSERT INTO state_county(id,state_id,county_name_id) VALUES (2516,43,839);
INSERT INTO state_county(id,state_id,county_name_id) VALUES (2517,43,875);
INSERT INTO state_county(id,state_id,county_name_id) VALUES (2518,43,882);
INSERT INTO state_county(id,state_id,county_name_id) VALUES (2519,43,896);
INSERT INTO state_county(id,state_id,county_name_id) VALUES (2520,43,959);
INSERT INTO state_county(id,state_id,county_name_id) VALUES (2521,43,980);
INSERT INTO state_county(id,state_id,county_name_id) VALUES (2522,43,1005);
INSERT INTO state_county(id,state_id,county_name_id) VALUES (2523,43,1009);
INSERT INTO state_county(id,state_id,county_name_id) VALUES (2524,43,1028);
INSERT INTO state_county(id,state_id,county_name_id) VALUES (2525,43,1034);
INSERT INTO state_county(id,state_id,county_name_id) VALUES (2526,43,1051);
INSERT INTO state_county(id,state_id,county_name_id) VALUES (2527,43,1136);
INSERT INTO state_county(id,state_id,county_name_id) VALUES (2528,43,1138);
INSERT INTO state_county(id,state_id,county_name_id) VALUES (2529,43,1073);
INSERT INTO state_county(id,state_id,county_name_id) VALUES (2530,43,1076);
INSERT INTO state_county(id,state_id,county_name_id) VALUES (2531,43,1098);
INSERT INTO state_county(id,state_id,county_name_id) VALUES (2532,43,1102);
INSERT INTO state_county(id,state_id,county_name_id) VALUES (2533,43,1112);
INSERT INTO state_county(id,state_id,county_name_id) VALUES (2534,43,1146);
INSERT INTO state_county(id,state_id,county_name_id) VALUES (2535,43,1190);
INSERT INTO state_county(id,state_id,county_name_id) VALUES (2536,43,1195);
INSERT INTO state_county(id,state_id,county_name_id) VALUES (2537,43,1200);
INSERT INTO state_county(id,state_id,county_name_id) VALUES (2538,43,1203);
INSERT INTO state_county(id,state_id,county_name_id) VALUES (2539,43,1280);
INSERT INTO state_county(id,state_id,county_name_id) VALUES (2540,43,1326);
INSERT INTO state_county(id,state_id,county_name_id) VALUES (2541,43,1368);
INSERT INTO state_county(id,state_id,county_name_id) VALUES (2542,43,1381);
INSERT INTO state_county(id,state_id,county_name_id) VALUES (2543,43,1404);
INSERT INTO state_county(id,state_id,county_name_id) VALUES (2544,43,1440);
INSERT INTO state_county(id,state_id,county_name_id) VALUES (2545,43,1476);
INSERT INTO state_county(id,state_id,county_name_id) VALUES (2546,43,1494);
INSERT INTO state_county(id,state_id,county_name_id) VALUES (2547,43,1498);
INSERT INTO state_county(id,state_id,county_name_id) VALUES (2548,43,1525);
INSERT INTO state_county(id,state_id,county_name_id) VALUES (2549,43,1589);
INSERT INTO state_county(id,state_id,county_name_id) VALUES (2550,43,1598);
INSERT INTO state_county(id,state_id,county_name_id) VALUES (2551,43,1600);
INSERT INTO state_county(id,state_id,county_name_id) VALUES (2552,43,1610);
INSERT INTO state_county(id,state_id,county_name_id) VALUES (2553,43,1628);
INSERT INTO state_county(id,state_id,county_name_id) VALUES (2554,43,1686);
INSERT INTO state_county(id,state_id,county_name_id) VALUES (2555,43,1699);
INSERT INTO state_county(id,state_id,county_name_id) VALUES (2556,43,1703);
INSERT INTO state_county(id,state_id,county_name_id) VALUES (2557,43,1753);
INSERT INTO state_county(id,state_id,county_name_id) VALUES (2558,43,1781);
INSERT INTO state_county(id,state_id,county_name_id) VALUES (2559,43,1801);
INSERT INTO state_county(id,state_id,county_name_id) VALUES (2560,43,1802);
INSERT INTO state_county(id,state_id,county_name_id) VALUES (2561,43,1814);
INSERT INTO state_county(id,state_id,county_name_id) VALUES (2562,43,1858);
INSERT INTO state_county(id,state_id,county_name_id) VALUES (2563,43,1865);
INSERT INTO state_county(id,state_id,county_name_id) VALUES (2564,43,1875);
INSERT INTO state_county(id,state_id,county_name_id) VALUES (2565,43,1877);
INSERT INTO state_county(id,state_id,county_name_id) VALUES (2566,43,1897);
INSERT INTO state_county(id,state_id,county_name_id) VALUES (2567,43,1916);
INSERT INTO state_county(id,state_id,county_name_id) VALUES (2568,43,1917);
INSERT INTO state_county(id,state_id,county_name_id) VALUES (2569,44,45);
INSERT INTO state_county(id,state_id,county_name_id) VALUES (2570,44,47);
INSERT INTO state_county(id,state_id,county_name_id) VALUES (2571,44,49);
INSERT INTO state_county(id,state_id,county_name_id) VALUES (2572,44,59);
INSERT INTO state_county(id,state_id,county_name_id) VALUES (2573,44,61);
INSERT INTO state_county(id,state_id,county_name_id) VALUES (2574,44,67);
INSERT INTO state_county(id,state_id,county_name_id) VALUES (2575,44,78);
INSERT INTO state_county(id,state_id,county_name_id) VALUES (2576,44,90);
INSERT INTO state_county(id,state_id,county_name_id) VALUES (2577,44,96);
INSERT INTO state_county(id,state_id,county_name_id) VALUES (2578,44,103);
INSERT INTO state_county(id,state_id,county_name_id) VALUES (2579,44,122);
INSERT INTO state_county(id,state_id,county_name_id) VALUES (2580,44,129);
INSERT INTO state_county(id,state_id,county_name_id) VALUES (2581,44,140);
INSERT INTO state_county(id,state_id,county_name_id) VALUES (2582,44,142);
INSERT INTO state_county(id,state_id,county_name_id) VALUES (2583,44,161);
INSERT INTO state_county(id,state_id,county_name_id) VALUES (2584,44,173);
INSERT INTO state_county(id,state_id,county_name_id) VALUES (2585,44,187);
INSERT INTO state_county(id,state_id,county_name_id) VALUES (2586,44,188);
INSERT INTO state_county(id,state_id,county_name_id) VALUES (2587,44,195);
INSERT INTO state_county(id,state_id,county_name_id) VALUES (2588,44,207);
INSERT INTO state_county(id,state_id,county_name_id) VALUES (2589,44,208);
INSERT INTO state_county(id,state_id,county_name_id) VALUES (2590,44,213);
INSERT INTO state_county(id,state_id,county_name_id) VALUES (2591,44,214);
INSERT INTO state_county(id,state_id,county_name_id) VALUES (2592,44,222);
INSERT INTO state_county(id,state_id,county_name_id) VALUES (2593,44,226);
INSERT INTO state_county(id,state_id,county_name_id) VALUES (2594,44,243);
INSERT INTO state_county(id,state_id,county_name_id) VALUES (2595,44,245);
INSERT INTO state_county(id,state_id,county_name_id) VALUES (2596,44,260);
INSERT INTO state_county(id,state_id,county_name_id) VALUES (2597,44,263);
INSERT INTO state_county(id,state_id,county_name_id) VALUES (2598,44,264);
INSERT INTO state_county(id,state_id,county_name_id) VALUES (2599,44,272);
INSERT INTO state_county(id,state_id,county_name_id) VALUES (2600,44,274);
INSERT INTO state_county(id,state_id,county_name_id) VALUES (2601,44,292);
INSERT INTO state_county(id,state_id,county_name_id) VALUES (2602,44,298);
INSERT INTO state_county(id,state_id,county_name_id) VALUES (2603,44,300);
INSERT INTO state_county(id,state_id,county_name_id) VALUES (2604,44,317);
INSERT INTO state_county(id,state_id,county_name_id) VALUES (2605,44,339);
INSERT INTO state_county(id,state_id,county_name_id) VALUES (2606,44,348);
INSERT INTO state_county(id,state_id,county_name_id) VALUES (2607,44,373);
INSERT INTO state_county(id,state_id,county_name_id) VALUES (2608,44,389);
INSERT INTO state_county(id,state_id,county_name_id) VALUES (2609,44,395);
INSERT INTO state_county(id,state_id,county_name_id) VALUES (2610,44,398);
INSERT INTO state_county(id,state_id,county_name_id) VALUES (2611,44,403);
INSERT INTO state_county(id,state_id,county_name_id) VALUES (2612,44,404);
INSERT INTO state_county(id,state_id,county_name_id) VALUES (2613,44,406);
INSERT INTO state_county(id,state_id,county_name_id) VALUES (2614,44,412);
INSERT INTO state_county(id,state_id,county_name_id) VALUES (2615,44,413);
INSERT INTO state_county(id,state_id,county_name_id) VALUES (2616,44,415);
INSERT INTO state_county(id,state_id,county_name_id) VALUES (2617,44,423);
INSERT INTO state_county(id,state_id,county_name_id) VALUES (2618,44,431);
INSERT INTO state_county(id,state_id,county_name_id) VALUES (2619,44,434);
INSERT INTO state_county(id,state_id,county_name_id) VALUES (2620,44,444);
INSERT INTO state_county(id,state_id,county_name_id) VALUES (2621,44,451);
INSERT INTO state_county(id,state_id,county_name_id) VALUES (2622,44,453);
INSERT INTO state_county(id,state_id,county_name_id) VALUES (2623,44,457);
INSERT INTO state_county(id,state_id,county_name_id) VALUES (2624,44,471);
INSERT INTO state_county(id,state_id,county_name_id) VALUES (2625,44,472);
INSERT INTO state_county(id,state_id,county_name_id) VALUES (2626,44,486);
INSERT INTO state_county(id,state_id,county_name_id) VALUES (2627,44,491);
INSERT INTO state_county(id,state_id,county_name_id) VALUES (2628,44,499);
INSERT INTO state_county(id,state_id,county_name_id) VALUES (2629,44,502);
INSERT INTO state_county(id,state_id,county_name_id) VALUES (2630,44,510);
INSERT INTO state_county(id,state_id,county_name_id) VALUES (2631,44,511);
INSERT INTO state_county(id,state_id,county_name_id) VALUES (2632,44,518);
INSERT INTO state_county(id,state_id,county_name_id) VALUES (2633,44,529);
INSERT INTO state_county(id,state_id,county_name_id) VALUES (2634,44,548);
INSERT INTO state_county(id,state_id,county_name_id) VALUES (2635,44,556);
INSERT INTO state_county(id,state_id,county_name_id) VALUES (2636,44,560);
INSERT INTO state_county(id,state_id,county_name_id) VALUES (2637,44,567);
INSERT INTO state_county(id,state_id,county_name_id) VALUES (2638,44,576);
INSERT INTO state_county(id,state_id,county_name_id) VALUES (2639,44,570);
INSERT INTO state_county(id,state_id,county_name_id) VALUES (2640,44,584);
INSERT INTO state_county(id,state_id,county_name_id) VALUES (2641,44,602);
INSERT INTO state_county(id,state_id,county_name_id) VALUES (2642,44,603);
INSERT INTO state_county(id,state_id,county_name_id) VALUES (2643,44,608);
INSERT INTO state_county(id,state_id,county_name_id) VALUES (2644,44,614);
INSERT INTO state_county(id,state_id,county_name_id) VALUES (2645,44,620);
INSERT INTO state_county(id,state_id,county_name_id) VALUES (2646,44,622);
INSERT INTO state_county(id,state_id,county_name_id) VALUES (2647,44,628);
INSERT INTO state_county(id,state_id,county_name_id) VALUES (2648,44,632);
INSERT INTO state_county(id,state_id,county_name_id) VALUES (2649,44,637);
INSERT INTO state_county(id,state_id,county_name_id) VALUES (2650,44,640);
INSERT INTO state_county(id,state_id,county_name_id) VALUES (2651,44,646);
INSERT INTO state_county(id,state_id,county_name_id) VALUES (2652,44,650);
INSERT INTO state_county(id,state_id,county_name_id) VALUES (2653,44,657);
INSERT INTO state_county(id,state_id,county_name_id) VALUES (2654,44,673);
INSERT INTO state_county(id,state_id,county_name_id) VALUES (2655,44,681);
INSERT INTO state_county(id,state_id,county_name_id) VALUES (2656,44,687);
INSERT INTO state_county(id,state_id,county_name_id) VALUES (2657,44,688);
INSERT INTO state_county(id,state_id,county_name_id) VALUES (2658,44,710);
INSERT INTO state_county(id,state_id,county_name_id) VALUES (2659,44,712);
INSERT INTO state_county(id,state_id,county_name_id) VALUES (2660,44,724);
INSERT INTO state_county(id,state_id,county_name_id) VALUES (2661,44,728);
INSERT INTO state_county(id,state_id,county_name_id) VALUES (2662,44,730);
INSERT INTO state_county(id,state_id,county_name_id) VALUES (2663,44,746);
INSERT INTO state_county(id,state_id,county_name_id) VALUES (2664,44,748);
INSERT INTO state_county(id,state_id,county_name_id) VALUES (2665,44,750);
INSERT INTO state_county(id,state_id,county_name_id) VALUES (2666,44,759);
INSERT INTO state_county(id,state_id,county_name_id) VALUES (2667,44,763);
INSERT INTO state_county(id,state_id,county_name_id) VALUES (2668,44,764);
INSERT INTO state_county(id,state_id,county_name_id) VALUES (2669,44,773);
INSERT INTO state_county(id,state_id,county_name_id) VALUES (2670,44,774);
INSERT INTO state_county(id,state_id,county_name_id) VALUES (2671,44,778);
INSERT INTO state_county(id,state_id,county_name_id) VALUES (2672,44,780);
INSERT INTO state_county(id,state_id,county_name_id) VALUES (2673,44,785);
INSERT INTO state_county(id,state_id,county_name_id) VALUES (2674,44,788);
INSERT INTO state_county(id,state_id,county_name_id) VALUES (2675,44,790);
INSERT INTO state_county(id,state_id,county_name_id) VALUES (2676,44,802);
INSERT INTO state_county(id,state_id,county_name_id) VALUES (2677,44,805);
INSERT INTO state_county(id,state_id,county_name_id) VALUES (2678,44,812);
INSERT INTO state_county(id,state_id,county_name_id) VALUES (2679,44,818);
INSERT INTO state_county(id,state_id,county_name_id) VALUES (2680,44,823);
INSERT INTO state_county(id,state_id,county_name_id) VALUES (2681,44,829);
INSERT INTO state_county(id,state_id,county_name_id) VALUES (2682,44,830);
INSERT INTO state_county(id,state_id,county_name_id) VALUES (2683,44,834);
INSERT INTO state_county(id,state_id,county_name_id) VALUES (2684,44,840);
INSERT INTO state_county(id,state_id,county_name_id) VALUES (2685,44,845);
INSERT INTO state_county(id,state_id,county_name_id) VALUES (2686,44,861);
INSERT INTO state_county(id,state_id,county_name_id) VALUES (2687,44,874);
INSERT INTO state_county(id,state_id,county_name_id) VALUES (2688,44,875);
INSERT INTO state_county(id,state_id,county_name_id) VALUES (2689,44,878);
INSERT INTO state_county(id,state_id,county_name_id) VALUES (2690,44,881);
INSERT INTO state_county(id,state_id,county_name_id) VALUES (2691,44,882);
INSERT INTO state_county(id,state_id,county_name_id) VALUES (2692,44,893);
INSERT INTO state_county(id,state_id,county_name_id) VALUES (2693,44,894);
INSERT INTO state_county(id,state_id,county_name_id) VALUES (2694,44,896);
INSERT INTO state_county(id,state_id,county_name_id) VALUES (2695,44,898);
INSERT INTO state_county(id,state_id,county_name_id) VALUES (2696,44,915);
INSERT INTO state_county(id,state_id,county_name_id) VALUES (2697,44,917);
INSERT INTO state_county(id,state_id,county_name_id) VALUES (2698,44,924);
INSERT INTO state_county(id,state_id,county_name_id) VALUES (2699,44,925);
INSERT INTO state_county(id,state_id,county_name_id) VALUES (2700,44,928);
INSERT INTO state_county(id,state_id,county_name_id) VALUES (2701,44,932);
INSERT INTO state_county(id,state_id,county_name_id) VALUES (2702,44,940);
INSERT INTO state_county(id,state_id,county_name_id) VALUES (2703,44,942);
INSERT INTO state_county(id,state_id,county_name_id) VALUES (2704,44,949);
INSERT INTO state_county(id,state_id,county_name_id) VALUES (2705,44,956);
INSERT INTO state_county(id,state_id,county_name_id) VALUES (2706,44,959);
INSERT INTO state_county(id,state_id,county_name_id) VALUES (2707,44,982);
INSERT INTO state_county(id,state_id,county_name_id) VALUES (2708,44,983);
INSERT INTO state_county(id,state_id,county_name_id) VALUES (2709,44,986);
INSERT INTO state_county(id,state_id,county_name_id) VALUES (2710,44,968);
INSERT INTO state_county(id,state_id,county_name_id) VALUES (2711,44,1008);
INSERT INTO state_county(id,state_id,county_name_id) VALUES (2712,44,1016);
INSERT INTO state_county(id,state_id,county_name_id) VALUES (2713,44,1023);
INSERT INTO state_county(id,state_id,county_name_id) VALUES (2714,44,1031);
INSERT INTO state_county(id,state_id,county_name_id) VALUES (2715,44,1033);
INSERT INTO state_county(id,state_id,county_name_id) VALUES (2716,44,1037);
INSERT INTO state_county(id,state_id,county_name_id) VALUES (2717,44,1040);
INSERT INTO state_county(id,state_id,county_name_id) VALUES (2718,44,1043);
INSERT INTO state_county(id,state_id,county_name_id) VALUES (2719,44,1056);
INSERT INTO state_county(id,state_id,county_name_id) VALUES (2720,44,1058);
INSERT INTO state_county(id,state_id,county_name_id) VALUES (2721,44,1069);
INSERT INTO state_county(id,state_id,county_name_id) VALUES (2722,44,1122);
INSERT INTO state_county(id,state_id,county_name_id) VALUES (2723,44,1134);
INSERT INTO state_county(id,state_id,county_name_id) VALUES (2724,44,1137);
INSERT INTO state_county(id,state_id,county_name_id) VALUES (2725,44,1076);
INSERT INTO state_county(id,state_id,county_name_id) VALUES (2726,44,1098);
INSERT INTO state_county(id,state_id,county_name_id) VALUES (2727,44,1103);
INSERT INTO state_county(id,state_id,county_name_id) VALUES (2728,44,1105);
INSERT INTO state_county(id,state_id,county_name_id) VALUES (2729,44,1107);
INSERT INTO state_county(id,state_id,county_name_id) VALUES (2730,44,1113);
INSERT INTO state_county(id,state_id,county_name_id) VALUES (2731,44,1144);
INSERT INTO state_county(id,state_id,county_name_id) VALUES (2732,44,1148);
INSERT INTO state_county(id,state_id,county_name_id) VALUES (2733,44,1162);
INSERT INTO state_county(id,state_id,county_name_id) VALUES (2734,44,1165);
INSERT INTO state_county(id,state_id,county_name_id) VALUES (2735,44,1169);
INSERT INTO state_county(id,state_id,county_name_id) VALUES (2736,44,1179);
INSERT INTO state_county(id,state_id,county_name_id) VALUES (2737,44,1191);
INSERT INTO state_county(id,state_id,county_name_id) VALUES (2738,44,1195);
INSERT INTO state_county(id,state_id,county_name_id) VALUES (2739,44,1200);
INSERT INTO state_county(id,state_id,county_name_id) VALUES (2740,44,1206);
INSERT INTO state_county(id,state_id,county_name_id) VALUES (2741,44,1210);
INSERT INTO state_county(id,state_id,county_name_id) VALUES (2742,44,1223);
INSERT INTO state_county(id,state_id,county_name_id) VALUES (2743,44,1234);
INSERT INTO state_county(id,state_id,county_name_id) VALUES (2744,44,1252);
INSERT INTO state_county(id,state_id,county_name_id) VALUES (2745,44,1261);
INSERT INTO state_county(id,state_id,county_name_id) VALUES (2746,44,1277);
INSERT INTO state_county(id,state_id,county_name_id) VALUES (2747,44,1284);
INSERT INTO state_county(id,state_id,county_name_id) VALUES (2748,44,1298);
INSERT INTO state_county(id,state_id,county_name_id) VALUES (2749,44,1306);
INSERT INTO state_county(id,state_id,county_name_id) VALUES (2750,44,1337);
INSERT INTO state_county(id,state_id,county_name_id) VALUES (2751,44,1339);
INSERT INTO state_county(id,state_id,county_name_id) VALUES (2752,44,1342);
INSERT INTO state_county(id,state_id,county_name_id) VALUES (2753,44,1343);
INSERT INTO state_county(id,state_id,county_name_id) VALUES (2754,44,1355);
INSERT INTO state_county(id,state_id,county_name_id) VALUES (2755,44,1404);
INSERT INTO state_county(id,state_id,county_name_id) VALUES (2756,44,1416);
INSERT INTO state_county(id,state_id,county_name_id) VALUES (2757,44,1426);
INSERT INTO state_county(id,state_id,county_name_id) VALUES (2758,44,1449);
INSERT INTO state_county(id,state_id,county_name_id) VALUES (2759,44,1453);
INSERT INTO state_county(id,state_id,county_name_id) VALUES (2760,44,1462);
INSERT INTO state_county(id,state_id,county_name_id) VALUES (2761,44,1463);
INSERT INTO state_county(id,state_id,county_name_id) VALUES (2762,44,1465);
INSERT INTO state_county(id,state_id,county_name_id) VALUES (2763,44,1469);
INSERT INTO state_county(id,state_id,county_name_id) VALUES (2764,44,1470);
INSERT INTO state_county(id,state_id,county_name_id) VALUES (2765,44,1497);
INSERT INTO state_county(id,state_id,county_name_id) VALUES (2766,44,1498);
INSERT INTO state_county(id,state_id,county_name_id) VALUES (2767,44,1507);
INSERT INTO state_county(id,state_id,county_name_id) VALUES (2768,44,1521);
INSERT INTO state_county(id,state_id,county_name_id) VALUES (2769,44,1523);
INSERT INTO state_county(id,state_id,county_name_id) VALUES (2770,44,1528);
INSERT INTO state_county(id,state_id,county_name_id) VALUES (2771,44,1543);
INSERT INTO state_county(id,state_id,county_name_id) VALUES (2772,44,1549);
INSERT INTO state_county(id,state_id,county_name_id) VALUES (2773,44,1557);
INSERT INTO state_county(id,state_id,county_name_id) VALUES (2774,44,1558);
INSERT INTO state_county(id,state_id,county_name_id) VALUES (2775,44,1581);
INSERT INTO state_county(id,state_id,county_name_id) VALUES (2776,44,1592);
INSERT INTO state_county(id,state_id,county_name_id) VALUES (2777,44,1602);
INSERT INTO state_county(id,state_id,county_name_id) VALUES (2778,44,1610);
INSERT INTO state_county(id,state_id,county_name_id) VALUES (2779,44,1614);
INSERT INTO state_county(id,state_id,county_name_id) VALUES (2780,44,1628);
INSERT INTO state_county(id,state_id,county_name_id) VALUES (2781,44,1635);
INSERT INTO state_county(id,state_id,county_name_id) VALUES (2782,44,1676);
INSERT INTO state_county(id,state_id,county_name_id) VALUES (2783,44,1681);
INSERT INTO state_county(id,state_id,county_name_id) VALUES (2784,44,1683);
INSERT INTO state_county(id,state_id,county_name_id) VALUES (2785,44,1691);
INSERT INTO state_county(id,state_id,county_name_id) VALUES (2786,44,1710);
INSERT INTO state_county(id,state_id,county_name_id) VALUES (2787,44,1717);
INSERT INTO state_county(id,state_id,county_name_id) VALUES (2788,44,1728);
INSERT INTO state_county(id,state_id,county_name_id) VALUES (2789,44,1731);
INSERT INTO state_county(id,state_id,county_name_id) VALUES (2790,44,1738);
INSERT INTO state_county(id,state_id,county_name_id) VALUES (2791,44,1739);
INSERT INTO state_county(id,state_id,county_name_id) VALUES (2792,44,1744);
INSERT INTO state_county(id,state_id,county_name_id) VALUES (2793,44,1755);
INSERT INTO state_county(id,state_id,county_name_id) VALUES (2794,44,1760);
INSERT INTO state_county(id,state_id,county_name_id) VALUES (2795,44,1771);
INSERT INTO state_county(id,state_id,county_name_id) VALUES (2796,44,1778);
INSERT INTO state_county(id,state_id,county_name_id) VALUES (2797,44,1795);
INSERT INTO state_county(id,state_id,county_name_id) VALUES (2798,44,1804);
INSERT INTO state_county(id,state_id,county_name_id) VALUES (2799,44,1806);
INSERT INTO state_county(id,state_id,county_name_id) VALUES (2800,44,1809);
INSERT INTO state_county(id,state_id,county_name_id) VALUES (2801,44,1810);
INSERT INTO state_county(id,state_id,county_name_id) VALUES (2802,44,1816);
INSERT INTO state_county(id,state_id,county_name_id) VALUES (2803,44,1828);
INSERT INTO state_county(id,state_id,county_name_id) VALUES (2804,44,1846);
INSERT INTO state_county(id,state_id,county_name_id) VALUES (2805,44,1849);
INSERT INTO state_county(id,state_id,county_name_id) VALUES (2806,44,1856);
INSERT INTO state_county(id,state_id,county_name_id) VALUES (2807,44,1865);
INSERT INTO state_county(id,state_id,county_name_id) VALUES (2808,44,1878);
INSERT INTO state_county(id,state_id,county_name_id) VALUES (2809,44,1893);
INSERT INTO state_county(id,state_id,county_name_id) VALUES (2810,44,1896);
INSERT INTO state_county(id,state_id,county_name_id) VALUES (2811,44,1904);
INSERT INTO state_county(id,state_id,county_name_id) VALUES (2812,44,1906);
INSERT INTO state_county(id,state_id,county_name_id) VALUES (2813,44,1912);
INSERT INTO state_county(id,state_id,county_name_id) VALUES (2814,44,1916);
INSERT INTO state_county(id,state_id,county_name_id) VALUES (2815,44,1917);
INSERT INTO state_county(id,state_id,county_name_id) VALUES (2816,44,1921);
INSERT INTO state_county(id,state_id,county_name_id) VALUES (2817,44,1928);
INSERT INTO state_county(id,state_id,county_name_id) VALUES (2818,44,1930);
INSERT INTO state_county(id,state_id,county_name_id) VALUES (2819,44,1960);
INSERT INTO state_county(id,state_id,county_name_id) VALUES (2820,44,1963);
INSERT INTO state_county(id,state_id,county_name_id) VALUES (2821,44,1967);
INSERT INTO state_county(id,state_id,county_name_id) VALUES (2822,44,1968);
INSERT INTO state_county(id,state_id,county_name_id) VALUES (2823,45,134);
INSERT INTO state_county(id,state_id,county_name_id) VALUES (2824,45,198);
INSERT INTO state_county(id,state_id,county_name_id) VALUES (2825,45,254);
INSERT INTO state_county(id,state_id,county_name_id) VALUES (2826,45,284);
INSERT INTO state_county(id,state_id,county_name_id) VALUES (2827,45,468);
INSERT INTO state_county(id,state_id,county_name_id) VALUES (2828,45,483);
INSERT INTO state_county(id,state_id,county_name_id) VALUES (2829,45,539);
INSERT INTO state_county(id,state_id,county_name_id) VALUES (2830,45,580);
INSERT INTO state_county(id,state_id,county_name_id) VALUES (2831,45,652);
INSERT INTO state_county(id,state_id,county_name_id) VALUES (2832,45,700);
INSERT INTO state_county(id,state_id,county_name_id) VALUES (2833,45,862);
INSERT INTO state_county(id,state_id,county_name_id) VALUES (2834,45,900);
INSERT INTO state_county(id,state_id,county_name_id) VALUES (2835,45,913);
INSERT INTO state_county(id,state_id,county_name_id) VALUES (2836,45,1166);
INSERT INTO state_county(id,state_id,county_name_id) VALUES (2837,45,1203);
INSERT INTO state_county(id,state_id,county_name_id) VALUES (2838,45,1394);
INSERT INTO state_county(id,state_id,county_name_id) VALUES (2839,45,1478);
INSERT INTO state_county(id,state_id,county_name_id) VALUES (2840,45,1540);
INSERT INTO state_county(id,state_id,county_name_id) VALUES (2841,45,1551);
INSERT INTO state_county(id,state_id,county_name_id) VALUES (2842,45,1566);
INSERT INTO state_county(id,state_id,county_name_id) VALUES (2843,45,1600);
INSERT INTO state_county(id,state_id,county_name_id) VALUES (2844,45,1702);
INSERT INTO state_county(id,state_id,county_name_id) VALUES (2845,45,1762);
INSERT INTO state_county(id,state_id,county_name_id) VALUES (2846,45,1798);
INSERT INTO state_county(id,state_id,county_name_id) VALUES (2847,45,1807);
INSERT INTO state_county(id,state_id,county_name_id) VALUES (2848,45,1860);
INSERT INTO state_county(id,state_id,county_name_id) VALUES (2849,45,1865);
INSERT INTO state_county(id,state_id,county_name_id) VALUES (2850,45,1875);
INSERT INTO state_county(id,state_id,county_name_id) VALUES (2851,45,1879);
INSERT INTO state_county(id,state_id,county_name_id) VALUES (2852,46,7);
INSERT INTO state_county(id,state_id,county_name_id) VALUES (2853,46,148);
INSERT INTO state_county(id,state_id,county_name_id) VALUES (2854,46,262);
INSERT INTO state_county(id,state_id,county_name_id) VALUES (2855,46,352);
INSERT INTO state_county(id,state_id,county_name_id) VALUES (2856,46,588);
INSERT INTO state_county(id,state_id,county_name_id) VALUES (2857,46,632);
INSERT INTO state_county(id,state_id,county_name_id) VALUES (2858,46,702);
INSERT INTO state_county(id,state_id,county_name_id) VALUES (2859,46,984);
INSERT INTO state_county(id,state_id,county_name_id) VALUES (2860,46,1306);
INSERT INTO state_county(id,state_id,county_name_id) VALUES (2861,46,1309);
INSERT INTO state_county(id,state_id,county_name_id) VALUES (2862,46,1526);
INSERT INTO state_county(id,state_id,county_name_id) VALUES (2863,46,1865);
INSERT INTO state_county(id,state_id,county_name_id) VALUES (2864,46,1919);
INSERT INTO state_county(id,state_id,county_name_id) VALUES (2865,46,1920);
INSERT INTO state_county(id,state_id,county_name_id) VALUES (2866,47,3);
INSERT INTO state_county(id,state_id,county_name_id) VALUES (2867,47,20);
INSERT INTO state_county(id,state_id,county_name_id) VALUES (2868,47,32);
INSERT INTO state_county(id,state_id,county_name_id) VALUES (2869,47,40);
INSERT INTO state_county(id,state_id,county_name_id) VALUES (2870,47,41);
INSERT INTO state_county(id,state_id,county_name_id) VALUES (2871,47,58);
INSERT INTO state_county(id,state_id,county_name_id) VALUES (2872,47,66);
INSERT INTO state_county(id,state_id,county_name_id) VALUES (2873,47,88);
INSERT INTO state_county(id,state_id,county_name_id) VALUES (2874,47,124);
INSERT INTO state_county(id,state_id,county_name_id) VALUES (2875,47,139);
INSERT INTO state_county(id,state_id,county_name_id) VALUES (2876,47,174);
INSERT INTO state_county(id,state_id,county_name_id) VALUES (2877,47,190);
INSERT INTO state_county(id,state_id,county_name_id) VALUES (2878,47,228);
INSERT INTO state_county(id,state_id,county_name_id) VALUES (2879,47,230);
INSERT INTO state_county(id,state_id,county_name_id) VALUES (2880,47,231);
INSERT INTO state_county(id,state_id,county_name_id) VALUES (2881,47,275);
INSERT INTO state_county(id,state_id,county_name_id) VALUES (2882,47,289);
INSERT INTO state_county(id,state_id,county_name_id) VALUES (2883,47,290);
INSERT INTO state_county(id,state_id,county_name_id) VALUES (2884,47,320);
INSERT INTO state_county(id,state_id,county_name_id) VALUES (2885,47,325);
INSERT INTO state_county(id,state_id,county_name_id) VALUES (2886,47,344);
INSERT INTO state_county(id,state_id,county_name_id) VALUES (2887,47,371);
INSERT INTO state_county(id,state_id,county_name_id) VALUES (2888,47,442);
INSERT INTO state_county(id,state_id,county_name_id) VALUES (2889,47,460);
INSERT INTO state_county(id,state_id,county_name_id) VALUES (2890,47,461);
INSERT INTO state_county(id,state_id,county_name_id) VALUES (2891,47,512);
INSERT INTO state_county(id,state_id,county_name_id) VALUES (2892,47,519);
INSERT INTO state_county(id,state_id,county_name_id) VALUES (2893,47,588);
INSERT INTO state_county(id,state_id,county_name_id) VALUES (2894,47,596);
INSERT INTO state_county(id,state_id,county_name_id) VALUES (2895,47,607);
INSERT INTO state_county(id,state_id,county_name_id) VALUES (2896,47,620);
INSERT INTO state_county(id,state_id,county_name_id) VALUES (2897,47,621);
INSERT INTO state_county(id,state_id,county_name_id) VALUES (2898,47,632);
INSERT INTO state_county(id,state_id,county_name_id) VALUES (2899,47,634);
INSERT INTO state_county(id,state_id,county_name_id) VALUES (2900,47,672);
INSERT INTO state_county(id,state_id,county_name_id) VALUES (2901,47,683);
INSERT INTO state_county(id,state_id,county_name_id) VALUES (2902,47,689);
INSERT INTO state_county(id,state_id,county_name_id) VALUES (2903,47,712);
INSERT INTO state_county(id,state_id,county_name_id) VALUES (2904,47,717);
INSERT INTO state_county(id,state_id,county_name_id) VALUES (2905,47,719);
INSERT INTO state_county(id,state_id,county_name_id) VALUES (2906,47,747);
INSERT INTO state_county(id,state_id,county_name_id) VALUES (2907,47,758);
INSERT INTO state_county(id,state_id,county_name_id) VALUES (2908,47,794);
INSERT INTO state_county(id,state_id,county_name_id) VALUES (2909,47,795);
INSERT INTO state_county(id,state_id,county_name_id) VALUES (2910,47,803);
INSERT INTO state_county(id,state_id,county_name_id) VALUES (2911,47,869);
INSERT INTO state_county(id,state_id,county_name_id) VALUES (2912,47,877);
INSERT INTO state_county(id,state_id,county_name_id) VALUES (2913,47,941);
INSERT INTO state_county(id,state_id,county_name_id) VALUES (2914,47,943);
INSERT INTO state_county(id,state_id,county_name_id) VALUES (2915,47,944);
INSERT INTO state_county(id,state_id,county_name_id) VALUES (2916,47,987);
INSERT INTO state_county(id,state_id,county_name_id) VALUES (2917,47,1016);
INSERT INTO state_county(id,state_id,county_name_id) VALUES (2918,47,1052);
INSERT INTO state_county(id,state_id,county_name_id) VALUES (2919,47,1053);
INSERT INTO state_county(id,state_id,county_name_id) VALUES (2920,47,1063);
INSERT INTO state_county(id,state_id,county_name_id) VALUES (2921,47,1076);
INSERT INTO state_county(id,state_id,county_name_id) VALUES (2922,47,1109);
INSERT INTO state_county(id,state_id,county_name_id) VALUES (2923,47,1142);
INSERT INTO state_county(id,state_id,county_name_id) VALUES (2924,47,1161);
INSERT INTO state_county(id,state_id,county_name_id) VALUES (2925,47,1195);
INSERT INTO state_county(id,state_id,county_name_id) VALUES (2926,47,1235);
INSERT INTO state_county(id,state_id,county_name_id) VALUES (2927,47,1244);
INSERT INTO state_county(id,state_id,county_name_id) VALUES (2928,47,1267);
INSERT INTO state_county(id,state_id,county_name_id) VALUES (2929,47,1269);
INSERT INTO state_county(id,state_id,county_name_id) VALUES (2930,47,1273);
INSERT INTO state_county(id,state_id,county_name_id) VALUES (2931,47,1306);
INSERT INTO state_county(id,state_id,county_name_id) VALUES (2932,47,1334);
INSERT INTO state_county(id,state_id,county_name_id) VALUES (2933,47,1348);
INSERT INTO state_county(id,state_id,county_name_id) VALUES (2934,47,1393);
INSERT INTO state_county(id,state_id,county_name_id) VALUES (2935,47,1421);
INSERT INTO state_county(id,state_id,county_name_id) VALUES (2936,47,1430);
INSERT INTO state_county(id,state_id,county_name_id) VALUES (2937,47,1431);
INSERT INTO state_county(id,state_id,county_name_id) VALUES (2938,47,1434);
INSERT INTO state_county(id,state_id,county_name_id) VALUES (2939,47,1438);
INSERT INTO state_county(id,state_id,county_name_id) VALUES (2940,47,1458);
INSERT INTO state_county(id,state_id,county_name_id) VALUES (2941,47,1483);
INSERT INTO state_county(id,state_id,county_name_id) VALUES (2942,47,1496);
INSERT INTO state_county(id,state_id,county_name_id) VALUES (2943,47,1502);
INSERT INTO state_county(id,state_id,county_name_id) VALUES (2944,47,1505);
INSERT INTO state_county(id,state_id,county_name_id) VALUES (2945,47,1524);
INSERT INTO state_county(id,state_id,county_name_id) VALUES (2946,47,1589);
INSERT INTO state_county(id,state_id,county_name_id) VALUES (2947,47,1611);
INSERT INTO state_county(id,state_id,county_name_id) VALUES (2948,47,1629);
INSERT INTO state_county(id,state_id,county_name_id) VALUES (2949,47,1637);
INSERT INTO state_county(id,state_id,county_name_id) VALUES (2950,47,1644);
INSERT INTO state_county(id,state_id,county_name_id) VALUES (2951,47,1669);
INSERT INTO state_county(id,state_id,county_name_id) VALUES (2952,47,1706);
INSERT INTO state_county(id,state_id,county_name_id) VALUES (2953,47,1708);
INSERT INTO state_county(id,state_id,county_name_id) VALUES (2954,47,1732);
INSERT INTO state_county(id,state_id,county_name_id) VALUES (2955,47,1858);
INSERT INTO state_county(id,state_id,county_name_id) VALUES (2956,47,1865);
INSERT INTO state_county(id,state_id,county_name_id) VALUES (2957,47,1889);
INSERT INTO state_county(id,state_id,county_name_id) VALUES (2958,47,1928);
INSERT INTO state_county(id,state_id,county_name_id) VALUES (2959,47,1944);
INSERT INTO state_county(id,state_id,county_name_id) VALUES (2960,47,1962);
INSERT INTO state_county(id,state_id,county_name_id) VALUES (2961,47,26);
INSERT INTO state_county(id,state_id,county_name_id) VALUES (2962,47,138);
INSERT INTO state_county(id,state_id,county_name_id) VALUES (2963,47,216);
INSERT INTO state_county(id,state_id,county_name_id) VALUES (2964,47,233);
INSERT INTO state_county(id,state_id,county_name_id) VALUES (2965,47,326);
INSERT INTO state_county(id,state_id,county_name_id) VALUES (2966,47,341);
INSERT INTO state_county(id,state_id,county_name_id) VALUES (2967,47,405);
INSERT INTO state_county(id,state_id,county_name_id) VALUES (2968,47,437);
INSERT INTO state_county(id,state_id,county_name_id) VALUES (2969,47,475);
INSERT INTO state_county(id,state_id,county_name_id) VALUES (2970,47,583);
INSERT INTO state_county(id,state_id,county_name_id) VALUES (2971,47,595);
INSERT INTO state_county(id,state_id,county_name_id) VALUES (2972,47,601);
INSERT INTO state_county(id,state_id,county_name_id) VALUES (2973,47,631);
INSERT INTO state_county(id,state_id,county_name_id) VALUES (2974,47,635);
INSERT INTO state_county(id,state_id,county_name_id) VALUES (2975,47,647);
INSERT INTO state_county(id,state_id,county_name_id) VALUES (2976,47,754);
INSERT INTO state_county(id,state_id,county_name_id) VALUES (2977,47,775);
INSERT INTO state_county(id,state_id,county_name_id) VALUES (2978,47,822);
INSERT INTO state_county(id,state_id,county_name_id) VALUES (2979,47,1029);
INSERT INTO state_county(id,state_id,county_name_id) VALUES (2980,47,1068);
INSERT INTO state_county(id,state_id,county_name_id) VALUES (2981,47,1084);
INSERT INTO state_county(id,state_id,county_name_id) VALUES (2982,47,1085);
INSERT INTO state_county(id,state_id,county_name_id) VALUES (2983,47,1104);
INSERT INTO state_county(id,state_id,county_name_id) VALUES (2984,47,1251);
INSERT INTO state_county(id,state_id,county_name_id) VALUES (2985,47,1263);
INSERT INTO state_county(id,state_id,county_name_id) VALUES (2986,47,1271);
INSERT INTO state_county(id,state_id,county_name_id) VALUES (2987,47,1372);
INSERT INTO state_county(id,state_id,county_name_id) VALUES (2988,47,1409);
INSERT INTO state_county(id,state_id,county_name_id) VALUES (2989,47,1412);
INSERT INTO state_county(id,state_id,county_name_id) VALUES (2990,47,1448);
INSERT INTO state_county(id,state_id,county_name_id) VALUES (2991,47,1482);
INSERT INTO state_county(id,state_id,county_name_id) VALUES (2992,47,1495);
INSERT INTO state_county(id,state_id,county_name_id) VALUES (2993,47,1536);
INSERT INTO state_county(id,state_id,county_name_id) VALUES (2994,47,1677);
INSERT INTO state_county(id,state_id,county_name_id) VALUES (2995,47,1697);
INSERT INTO state_county(id,state_id,county_name_id) VALUES (2996,47,1834);
INSERT INTO state_county(id,state_id,county_name_id) VALUES (2997,47,1876);
INSERT INTO state_county(id,state_id,county_name_id) VALUES (2998,47,1914);
INSERT INTO state_county(id,state_id,county_name_id) VALUES (2999,48,1918);
INSERT INTO state_county(id,state_id,county_name_id) VALUES (3000,48,6);
INSERT INTO state_county(id,state_id,county_name_id) VALUES (3001,48,76);
INSERT INTO state_county(id,state_id,county_name_id) VALUES (3002,48,151);
INSERT INTO state_county(id,state_id,county_name_id) VALUES (3003,48,336);
INSERT INTO state_county(id,state_id,county_name_id) VALUES (3004,48,366);
INSERT INTO state_county(id,state_id,county_name_id) VALUES (3005,48,370);
INSERT INTO state_county(id,state_id,county_name_id) VALUES (3006,48,408);
INSERT INTO state_county(id,state_id,county_name_id) VALUES (3007,48,441);
INSERT INTO state_county(id,state_id,county_name_id) VALUES (3008,48,535);
INSERT INTO state_county(id,state_id,county_name_id) VALUES (3009,48,611);
INSERT INTO state_county(id,state_id,county_name_id) VALUES (3010,48,632);
INSERT INTO state_county(id,state_id,county_name_id) VALUES (3011,48,652);
INSERT INTO state_county(id,state_id,county_name_id) VALUES (3012,48,705);
INSERT INTO state_county(id,state_id,county_name_id) VALUES (3013,48,711);
INSERT INTO state_county(id,state_id,county_name_id) VALUES (3014,48,868);
INSERT INTO state_county(id,state_id,county_name_id) VALUES (3015,48,882);
INSERT INTO state_county(id,state_id,county_name_id) VALUES (3016,48,942);
INSERT INTO state_county(id,state_id,county_name_id) VALUES (3017,48,952);
INSERT INTO state_county(id,state_id,county_name_id) VALUES (3018,48,953);
INSERT INTO state_county(id,state_id,county_name_id) VALUES (3019,48,957);
INSERT INTO state_county(id,state_id,county_name_id) VALUES (3020,48,1028);
INSERT INTO state_county(id,state_id,county_name_id) VALUES (3021,48,1034);
INSERT INTO state_county(id,state_id,county_name_id) VALUES (3022,48,1105);
INSERT INTO state_county(id,state_id,county_name_id) VALUES (3023,48,1292);
INSERT INTO state_county(id,state_id,county_name_id) VALUES (3024,48,1333);
INSERT INTO state_county(id,state_id,county_name_id) VALUES (3025,48,1358);
INSERT INTO state_county(id,state_id,county_name_id) VALUES (3026,48,1382);
INSERT INTO state_county(id,state_id,county_name_id) VALUES (3027,48,1551);
INSERT INTO state_county(id,state_id,county_name_id) VALUES (3028,48,1624);
INSERT INTO state_county(id,state_id,county_name_id) VALUES (3029,48,1626);
INSERT INTO state_county(id,state_id,county_name_id) VALUES (3030,48,1630);
INSERT INTO state_county(id,state_id,county_name_id) VALUES (3031,48,1643);
INSERT INTO state_county(id,state_id,county_name_id) VALUES (3032,48,1685);
INSERT INTO state_county(id,state_id,county_name_id) VALUES (3033,48,1745);
INSERT INTO state_county(id,state_id,county_name_id) VALUES (3034,48,1842);
INSERT INTO state_county(id,state_id,county_name_id) VALUES (3035,48,1847);
INSERT INTO state_county(id,state_id,county_name_id) VALUES (3036,48,1894);
INSERT INTO state_county(id,state_id,county_name_id) VALUES (3037,48,1902);
INSERT INTO state_county(id,state_id,county_name_id) VALUES (3038,48,1947);
INSERT INTO state_county(id,state_id,county_name_id) VALUES (3039,49,109);
INSERT INTO state_county(id,state_id,county_name_id) VALUES (3040,49,154);
INSERT INTO state_county(id,state_id,county_name_id) VALUES (3041,49,186);
INSERT INTO state_county(id,state_id,county_name_id) VALUES (3042,49,206);
INSERT INTO state_county(id,state_id,county_name_id) VALUES (3043,49,220);
INSERT INTO state_county(id,state_id,county_name_id) VALUES (3044,49,252);
INSERT INTO state_county(id,state_id,county_name_id) VALUES (3045,49,263);
INSERT INTO state_county(id,state_id,county_name_id) VALUES (3046,49,373);
INSERT INTO state_county(id,state_id,county_name_id) VALUES (3047,49,524);
INSERT INTO state_county(id,state_id,county_name_id) VALUES (3048,49,608);
INSERT INTO state_county(id,state_id,county_name_id) VALUES (3049,49,675);
INSERT INTO state_county(id,state_id,county_name_id) VALUES (3050,49,705);
INSERT INTO state_county(id,state_id,county_name_id) VALUES (3051,49,716);
INSERT INTO state_county(id,state_id,county_name_id) VALUES (3052,49,753);
INSERT INTO state_county(id,state_id,county_name_id) VALUES (3053,49,756);
INSERT INTO state_county(id,state_id,county_name_id) VALUES (3054,49,766);
INSERT INTO state_county(id,state_id,county_name_id) VALUES (3055,49,774);
INSERT INTO state_county(id,state_id,county_name_id) VALUES (3056,49,875);
INSERT INTO state_county(id,state_id,county_name_id) VALUES (3057,49,882);
INSERT INTO state_county(id,state_id,county_name_id) VALUES (3058,49,911);
INSERT INTO state_county(id,state_id,county_name_id) VALUES (3059,49,1028);
INSERT INTO state_county(id,state_id,county_name_id) VALUES (3060,49,1034);
INSERT INTO state_county(id,state_id,county_name_id) VALUES (3061,49,1044);
INSERT INTO state_county(id,state_id,county_name_id) VALUES (3062,49,1126);
INSERT INTO state_county(id,state_id,county_name_id) VALUES (3063,49,1098);
INSERT INTO state_county(id,state_id,county_name_id) VALUES (3064,49,1102);
INSERT INTO state_county(id,state_id,county_name_id) VALUES (3065,49,1105);
INSERT INTO state_county(id,state_id,county_name_id) VALUES (3066,49,1153);
INSERT INTO state_county(id,state_id,county_name_id) VALUES (3067,49,1172);
INSERT INTO state_county(id,state_id,county_name_id) VALUES (3068,49,1173);
INSERT INTO state_county(id,state_id,county_name_id) VALUES (3069,49,1189);
INSERT INTO state_county(id,state_id,county_name_id) VALUES (3070,49,1190);
INSERT INTO state_county(id,state_id,county_name_id) VALUES (3071,49,1203);
INSERT INTO state_county(id,state_id,county_name_id) VALUES (3072,49,1255);
INSERT INTO state_county(id,state_id,county_name_id) VALUES (3073,49,1290);
INSERT INTO state_county(id,state_id,county_name_id) VALUES (3074,49,1360);
INSERT INTO state_county(id,state_id,county_name_id) VALUES (3075,49,1398);
INSERT INTO state_county(id,state_id,county_name_id) VALUES (3076,49,1401);
INSERT INTO state_county(id,state_id,county_name_id) VALUES (3077,49,1428);
INSERT INTO state_county(id,state_id,county_name_id) VALUES (3078,49,1440);
INSERT INTO state_county(id,state_id,county_name_id) VALUES (3079,49,1450);
INSERT INTO state_county(id,state_id,county_name_id) VALUES (3080,49,1454);
INSERT INTO state_county(id,state_id,county_name_id) VALUES (3081,49,1492);
INSERT INTO state_county(id,state_id,county_name_id) VALUES (3082,49,1494);
INSERT INTO state_county(id,state_id,county_name_id) VALUES (3083,49,1701);
INSERT INTO state_county(id,state_id,county_name_id) VALUES (3084,49,1731);
INSERT INTO state_county(id,state_id,county_name_id) VALUES (3085,49,1784);
INSERT INTO state_county(id,state_id,county_name_id) VALUES (3086,49,1795);
INSERT INTO state_county(id,state_id,county_name_id) VALUES (3087,49,1804);
INSERT INTO state_county(id,state_id,county_name_id) VALUES (3088,49,1875);
INSERT INTO state_county(id,state_id,county_name_id) VALUES (3089,49,1880);
INSERT INTO state_county(id,state_id,county_name_id) VALUES (3090,49,1891);
INSERT INTO state_county(id,state_id,county_name_id) VALUES (3091,49,1927);
INSERT INTO state_county(id,state_id,county_name_id) VALUES (3092,49,1930);
INSERT INTO state_county(id,state_id,county_name_id) VALUES (3093,49,1943);
INSERT INTO state_county(id,state_id,county_name_id) VALUES (3094,50,6);
INSERT INTO state_county(id,state_id,county_name_id) VALUES (3095,50,73);
INSERT INTO state_county(id,state_id,county_name_id) VALUES (3096,50,116);
INSERT INTO state_county(id,state_id,county_name_id) VALUES (3097,50,128);
INSERT INTO state_county(id,state_id,county_name_id) VALUES (3098,50,226);
INSERT INTO state_county(id,state_id,county_name_id) VALUES (3099,50,235);
INSERT INTO state_county(id,state_id,county_name_id) VALUES (3100,50,246);
INSERT INTO state_county(id,state_id,county_name_id) VALUES (3101,50,267);
INSERT INTO state_county(id,state_id,county_name_id) VALUES (3102,50,350);
INSERT INTO state_county(id,state_id,county_name_id) VALUES (3103,50,370);
INSERT INTO state_county(id,state_id,county_name_id) VALUES (3104,50,408);
INSERT INTO state_county(id,state_id,county_name_id) VALUES (3105,50,446);
INSERT INTO state_county(id,state_id,county_name_id) VALUES (3106,50,473);
INSERT INTO state_county(id,state_id,county_name_id) VALUES (3107,50,525);
INSERT INTO state_county(id,state_id,county_name_id) VALUES (3108,50,531);
INSERT INTO state_county(id,state_id,county_name_id) VALUES (3109,50,535);
INSERT INTO state_county(id,state_id,county_name_id) VALUES (3110,50,543);
INSERT INTO state_county(id,state_id,county_name_id) VALUES (3111,50,558);
INSERT INTO state_county(id,state_id,county_name_id) VALUES (3112,50,618);
INSERT INTO state_county(id,state_id,county_name_id) VALUES (3113,50,623);
INSERT INTO state_county(id,state_id,county_name_id) VALUES (3114,50,625);
INSERT INTO state_county(id,state_id,county_name_id) VALUES (3115,50,705);
INSERT INTO state_county(id,state_id,county_name_id) VALUES (3116,50,714);
INSERT INTO state_county(id,state_id,county_name_id) VALUES (3117,50,715);
INSERT INTO state_county(id,state_id,county_name_id) VALUES (3118,50,859);
INSERT INTO state_county(id,state_id,county_name_id) VALUES (3119,50,862);
INSERT INTO state_county(id,state_id,county_name_id) VALUES (3120,50,875);
INSERT INTO state_county(id,state_id,county_name_id) VALUES (3121,50,882);
INSERT INTO state_county(id,state_id,county_name_id) VALUES (3122,50,905);
INSERT INTO state_county(id,state_id,county_name_id) VALUES (3123,50,927);
INSERT INTO state_county(id,state_id,county_name_id) VALUES (3124,50,935);
INSERT INTO state_county(id,state_id,county_name_id) VALUES (3125,50,965);
INSERT INTO state_county(id,state_id,county_name_id) VALUES (3126,50,974);
INSERT INTO state_county(id,state_id,county_name_id) VALUES (3127,50,990);
INSERT INTO state_county(id,state_id,county_name_id) VALUES (3128,50,1034);
INSERT INTO state_county(id,state_id,county_name_id) VALUES (3129,50,1089);
INSERT INTO state_county(id,state_id,county_name_id) VALUES (3130,50,1091);
INSERT INTO state_county(id,state_id,county_name_id) VALUES (3131,50,1097);
INSERT INTO state_county(id,state_id,county_name_id) VALUES (3132,50,1101);
INSERT INTO state_county(id,state_id,county_name_id) VALUES (3133,50,1151);
INSERT INTO state_county(id,state_id,county_name_id) VALUES (3134,50,1170);
INSERT INTO state_county(id,state_id,county_name_id) VALUES (3135,50,1190);
INSERT INTO state_county(id,state_id,county_name_id) VALUES (3136,50,1286);
INSERT INTO state_county(id,state_id,county_name_id) VALUES (3137,50,1301);
INSERT INTO state_county(id,state_id,county_name_id) VALUES (3138,50,1325);
INSERT INTO state_county(id,state_id,county_name_id) VALUES (3139,50,1332);
INSERT INTO state_county(id,state_id,county_name_id) VALUES (3140,50,1365);
INSERT INTO state_county(id,state_id,county_name_id) VALUES (3141,50,1382);
INSERT INTO state_county(id,state_id,county_name_id) VALUES (3142,50,1404);
INSERT INTO state_county(id,state_id,county_name_id) VALUES (3143,50,1410);
INSERT INTO state_county(id,state_id,county_name_id) VALUES (3144,50,1429);
INSERT INTO state_county(id,state_id,county_name_id) VALUES (3145,50,1447);
INSERT INTO state_county(id,state_id,county_name_id) VALUES (3146,50,1480);
INSERT INTO state_county(id,state_id,county_name_id) VALUES (3147,50,1500);
INSERT INTO state_county(id,state_id,county_name_id) VALUES (3148,50,1523);
INSERT INTO state_county(id,state_id,county_name_id) VALUES (3149,50,1649);
INSERT INTO state_county(id,state_id,county_name_id) VALUES (3150,50,1577);
INSERT INTO state_county(id,state_id,county_name_id) VALUES (3151,50,1579);
INSERT INTO state_county(id,state_id,county_name_id) VALUES (3152,50,1607);
INSERT INTO state_county(id,state_id,county_name_id) VALUES (3153,50,1609);
INSERT INTO state_county(id,state_id,county_name_id) VALUES (3154,50,1731);
INSERT INTO state_county(id,state_id,county_name_id) VALUES (3155,50,1774);
INSERT INTO state_county(id,state_id,county_name_id) VALUES (3156,50,1826);
INSERT INTO state_county(id,state_id,county_name_id) VALUES (3157,50,1831);
INSERT INTO state_county(id,state_id,county_name_id) VALUES (3158,50,1854);
INSERT INTO state_county(id,state_id,county_name_id) VALUES (3159,50,1864);
INSERT INTO state_county(id,state_id,county_name_id) VALUES (3160,50,1865);
INSERT INTO state_county(id,state_id,county_name_id) VALUES (3161,50,1872);
INSERT INTO state_county(id,state_id,county_name_id) VALUES (3162,50,1873);
INSERT INTO state_county(id,state_id,county_name_id) VALUES (3163,50,1874);
INSERT INTO state_county(id,state_id,county_name_id) VALUES (3164,50,1923);
INSERT INTO state_county(id,state_id,county_name_id) VALUES (3165,50,1930);
INSERT INTO state_county(id,state_id,county_name_id) VALUES (3166,51,19);
INSERT INTO state_county(id,state_id,county_name_id) VALUES (3167,51,164);
INSERT INTO state_county(id,state_id,county_name_id) VALUES (3168,51,275);
INSERT INTO state_county(id,state_id,county_name_id) VALUES (3169,51,284);
INSERT INTO state_county(id,state_id,county_name_id) VALUES (3170,51,420);
INSERT INTO state_county(id,state_id,county_name_id) VALUES (3171,51,452);
INSERT INTO state_county(id,state_id,county_name_id) VALUES (3172,51,638);
INSERT INTO state_county(id,state_id,county_name_id) VALUES (3173,51,693);
INSERT INTO state_county(id,state_id,county_name_id) VALUES (3174,51,827);
INSERT INTO state_county(id,state_id,county_name_id) VALUES (3175,51,896);
INSERT INTO state_county(id,state_id,county_name_id) VALUES (3176,51,994);
INSERT INTO state_county(id,state_id,county_name_id) VALUES (3177,51,1034);
INSERT INTO state_county(id,state_id,county_name_id) VALUES (3178,51,1232);
INSERT INTO state_county(id,state_id,county_name_id) VALUES (3179,51,1257);
INSERT INTO state_county(id,state_id,county_name_id) VALUES (3180,51,1340);
INSERT INTO state_county(id,state_id,county_name_id) VALUES (3181,51,1397);
INSERT INTO state_county(id,state_id,county_name_id) VALUES (3182,51,1613);
INSERT INTO state_county(id,state_id,county_name_id) VALUES (3183,51,1696);
INSERT INTO state_county(id,state_id,county_name_id) VALUES (3184,51,1715);
INSERT INTO state_county(id,state_id,county_name_id) VALUES (3185,51,1740);
INSERT INTO state_county(id,state_id,county_name_id) VALUES (3186,51,1797);
INSERT INTO state_county(id,state_id,county_name_id) VALUES (3187,51,1863);
INSERT INTO state_county(id,state_id,county_name_id) VALUES (3188,51,1890);


-- *****************************************************************************
--  VIEWS
-- *****************************************************************************

-- View: vw_antenna_path
CREATE OR REPLACE VIEW view_antenna_path AS
    SELECT 
        antenna_path.abbreviation AS "Abbreviation",
        antenna_path.meaning AS "Meaning"
    FROM antenna_path
    ORDER BY antenna_path.abbreviation;

-- View: vw_arrl_section
CREATE OR REPLACE VIEW view_arrl_section AS
    SELECT 
        arrl_section.abbreviation AS "Abbreviation",
        arrl_section.name AS "Section Name",
        dxcc.code AS "DXCC Code",
        dxcc.name AS "DXCC Name",
        arrl_section.from_date AS "From Date",
        arrl_section.deleted_date AS "Deleted On"
    FROM arrl_section
        JOIN dxcc ON 
            dxcc.id = arrl_section.dxcc_id
    ORDER BY arrl_section.name;

-- View: vw_award
CREATE OR REPLACE VIEW view_band AS
    SELECT
        band.name AS "Band",
        band.lower_freq AS "Lower Freq (MHZ)",
        band.upper_freq AS "Upper Freq (MHZ)"
    FROM band
    ORDER BY band.lower_freq;

-- View: award_view
CREATE OR REPLACE VIEW view_award AS
    SELECT
        award.name AS "Award Name",
        award.import_only AS "Import Only"
    FROM award
    ORDER BY award.name;

-- View: vw_contest
CREATE OR REPLACE VIEW view_contest AS
    SELECT
        contest.name AS "Contest Name",
        contest.description AS "Description",
        contest.import_only AS "Import Only",
        weblink.url AS "Weblink URL"
    FROM contest
        LEFT JOIN weblink ON
            weblink.id = contest.weblink_id
    ORDER BY contest.name;

-- View: vw_continent
CREATE OR REPLACE VIEW view_continent AS
    SELECT
        continent.abbreviation AS "Abbreviation",
        continent.name AS "Continent"
    FROM continent
    ORDER BY continent.abbreviation;

-- View: vw_county_name
CREATE OR REPLACE VIEW view_county_name AS
    SELECT
        county_name.name AS "County Name"
    FROM county_name
    ORDER BY county_name.name;

-- View: vw_credit_award
CREATE OR REPLACE VIEW view_credit_award AS
    SELECT
        credit_award.name AS "Award Name"
    FROM credit_award
    ORDER BY credit_award.name;

-- View: vw_credit_facet
CREATE OR REPLACE VIEW view_credit_facet AS
    SELECT
        credit_facet.name AS "Facet"
    FROM credit_facet
    ORDER BY credit_facet.name;

-- View: vw_credit_sponsor
CREATE OR REPLACE VIEW view_credit_sponsor AS
    SELECT
        credit_sponsor.name AS "Sponsor"
    FROM credit_sponsor
    ORDER BY credit_sponsor.name;

-- View: vw_credit
CREATE OR REPLACE VIEW view_credit AS
    SELECT
        credit_for AS "Credit For",
        credit_sponsor.name AS "Sponsor",
        credit_award.name AS "Award",
        credit_facet.name AS "Facet"
    FROM credit
        LEFT JOIN credit_sponsor ON
            credit_sponsor.id = credit.sponsor_id
        LEFT JOIN credit_award ON
            credit_award.id = credit.award_id
        LEFT JOIN credit_facet ON
            credit_facet.id = credit.facet_id
    ORDER BY credit_for;

-- View: vw_dxcc
CREATE OR REPLACE VIEW view_dxcc AS
    SELECT
        dxcc.code AS "DXCC Code",
        dxcc.name AS "DXCC Name",
        dxcc.is_deleted as "Deleted"
    FROM dxcc
    ORDER BY dxcc.code;


-- View: vw_state
CREATE OR REPLACE VIEW view_state AS
    SELECT
        state.abbreviation AS "Abbreviation",
        state.name AS "Name"
    FROM state
    ORDER BY state.name;

-- View: vw_state_county
CREATE OR REPLACE VIEW view_state_county AS
    SELECT
        state.abbreviation AS "Abbreviation",
        state.name AS "State",
        county_name.name AS "County"
    FROM state_county
        JOIN state ON
            state.id = state_county.state_id
        JOIN county_name ON
            county_name.id = state_county.county_name_id
    ORDER by state.name;


-- *****************************************************************************
--  FOOTER
-- *****************************************************************************
-- SELECT * FROM ards.view_schema_info WHERE view_schema_info."Schema Name" = :'name';

